{
    "qubits": {
        "0": [
            -4.9,
            -12.12435565298214
        ],
        "1": [
            2.0999999999999996,
            -12.12435565298214
        ],
        "2": [
            -1.4000000000000004,
            -6.06217782649107
        ],
        "3": [
            5.6,
            -6.06217782649107
        ],
        "4": [
            -4.9,
            3.552713678800501e-16
        ],
        "5": [
            2.0999999999999996,
            3.552713678800501e-16
        ],
        "6": [
            -1.4000000000000004,
            6.06217782649107
        ],
        "7": [
            5.6,
            6.06217782649107
        ],
        "8": [
            -4.9,
            12.12435565298214
        ],
        "9": [
            2.0999999999999996,
            12.12435565298214
        ]
    },
    "metadata": {
        "score": {
            "total": 0.6175669476923076,
            "gini_score": 0.7925653846153845,
            "sum_score": 0.7792
        },
        "params": {
            "rise_time": 518,
            "fall_time": 22,
            "omega": 4.319421519654062,
            "init_detuning": 6.275059032646483,
            "final_detuning": 2.0911329595840877
        }
    }
}
