{
    "qubits": {
        "0": [
            -4.2,
            -10.392304845413264
        ],
        "1": [
            1.7999999999999998,
            -10.392304845413264
        ],
        "2": [
            -1.2000000000000002,
            -5.196152422706632
        ],
        "3": [
            4.8,
            -5.196152422706632
        ],
        "4": [
            -4.2,
            0.0
        ],
        "5": [
            1.7999999999999998,
            0.0
        ],
        "6": [
            -1.2000000000000002,
            5.196152422706632
        ],
        "7": [
            4.8,
            5.196152422706632
        ],
        "8": [
            -4.2,
            10.392304845413264
        ],
        "9": [
            1.7999999999999998,
            10.392304845413264
        ]
    },
    "metadata": {
        "score": {
            "total": 0.7935335105084745,
            "gini_score": 0.6346237288135593,
            "sum_score": 1.2504
        },
        "params": {
            "rise_time": 279,
            "fall_time": 1810,
            "omega": 3.5725071095996954,
            "init_detuning": 7.650101379591638,
            "final_detuning": 1.7164738548889318
        }
    }
}
