{
    "qubits": {
        "0": [
            -5.6,
            -13.856406460551018
        ],
        "1": [
            2.4000000000000004,
            -13.856406460551018
        ],
        "2": [
            -1.5999999999999996,
            -6.928203230275509
        ],
        "3": [
            6.4,
            -6.928203230275509
        ],
        "4": [
            -5.6,
            0.0
        ],
        "5": [
            2.4000000000000004,
            0.0
        ],
        "6": [
            -1.5999999999999996,
            6.928203230275509
        ],
        "7": [
            6.4,
            6.928203230275509
        ],
        "8": [
            -5.6,
            13.856406460551018
        ],
        "9": [
            2.4000000000000004,
            13.856406460551018
        ]
    },
    "metadata": {
        "score": {
            "total": 2.9292553985611516,
            "gini_score": 0.8200143884892087,
            "sum_score": 3.5722,
            "total_normalized": 0.5858510797122303,
            "sum_normalized": 0.71444
        },
        "params": {
            "rise_time": 656,
            "fall_time": 2673,
            "omega": 11.222116094899551,
            "init_detuning": 3.8238705334988783,
            "final_detuning": 7.028592783632455
        },
        "mis": [
            [
                0,
                3,
                4,
                7,
                8
            ]
        ],
        "mis_size": 5
    },
    "edges": [
        [
            0,
            1
        ],
        [
            0,
            2
        ],
        [
            1,
            2
        ],
        [
            1,
            3
        ],
        [
            2,
            4
        ],
        [
            2,
            3
        ],
        [
            2,
            5
        ],
        [
            4,
            6
        ],
        [
            4,
            5
        ],
        [
            6,
            9
        ],
        [
            6,
            8
        ],
        [
            6,
            7
        ],
        [
            6,
            5
        ],
        [
            9,
            7
        ],
        [
            9,
            8
        ],
        [
            5,
            7
        ],
        [
            5,
            3
        ]
    ]
}
