{
    "qubits": {
        "0": [
            -7.7,
            -19.05255888325765
        ],
        "1": [
            3.3,
            -19.05255888325765
        ],
        "2": [
            -2.2,
            -9.526279441628825
        ],
        "3": [
            8.8,
            -9.526279441628825
        ],
        "4": [
            -7.7,
            0.0
        ],
        "5": [
            3.3,
            0.0
        ],
        "6": [
            -2.2,
            9.526279441628825
        ],
        "7": [
            8.8,
            9.526279441628825
        ],
        "8": [
            -7.7,
            19.05255888325765
        ],
        "9": [
            3.3,
            19.05255888325765
        ]
    },
    "metadata": {
        "score": {
            "total": 1.35072576,
            "gini_score": 0.7000029850746269,
            "sum_score": 1.9296
        },
        "params": {
            "rise_time": 561,
            "fall_time": 1541,
            "omega": 4.952996073959543,
            "init_detuning": 7.755122698573352,
            "final_detuning": 1.9332296261812019
        }
    }
}
