{
    "qubits": {
        "0": [
            -7.0,
            -17.32050807568877
        ],
        "1": [
            3.0,
            -17.32050807568877
        ],
        "2": [
            -2.0,
            -8.660254037844386
        ],
        "3": [
            8.0,
            -8.660254037844386
        ],
        "4": [
            -7.0,
            0.0
        ],
        "5": [
            3.0,
            0.0
        ],
        "6": [
            -2.0,
            8.660254037844386
        ],
        "7": [
            8.0,
            8.660254037844386
        ],
        "8": [
            -7.0,
            17.32050807568877
        ],
        "9": [
            3.0,
            17.32050807568877
        ]
    },
    "metadata": {
        "score": {
            "total": 3.2040702046601943,
            "gini_score": 0.8731864077669903,
            "sum_score": 3.6694
        },
        "params": {
            "rise_time": 1371,
            "fall_time": 2416,
            "omega": 11.4021653872467,
            "init_detuning": 6.709964955749126,
            "final_detuning": 4.681429658173199
        }
    }
}
