{
    "qubits": {
        "0": [
            0.0,
            -49.5
        ],
        "1": [
            0.0,
            -38.5
        ],
        "2": [
            0.0,
            -27.5
        ],
        "3": [
            0.0,
            -16.5
        ],
        "4": [
            0.0,
            -5.5
        ],
        "5": [
            0.0,
            5.5
        ],
        "6": [
            0.0,
            16.5
        ],
        "7": [
            0.0,
            27.5
        ],
        "8": [
            0.0,
            38.5
        ],
        "9": [
            0.0,
            49.5
        ]
    },
    "metadata": {
        "score": {
            "total": 0.5814708506728539,
            "gini_score": 0.44991554524361954,
            "sum_score": 1.2924
        },
        "params": {
            "rise_time": 848,
            "fall_time": 183,
            "omega": 3.7535789383694738,
            "init_detuning": 3.3790181211627615,
            "final_detuning": 4.264847862386828
        }
    }
}
