{
    "qubits": {
        "0": [
            0.0,
            -40.5
        ],
        "1": [
            0.0,
            -31.5
        ],
        "2": [
            0.0,
            -22.5
        ],
        "3": [
            0.0,
            -13.5
        ],
        "4": [
            0.0,
            -4.5
        ],
        "5": [
            0.0,
            4.5
        ],
        "6": [
            0.0,
            13.5
        ],
        "7": [
            0.0,
            22.5
        ],
        "8": [
            0.0,
            31.5
        ],
        "9": [
            0.0,
            40.5
        ]
    },
    "metadata": {
        "score": {
            "total": 3.48731103483871,
            "gini_score": 0.847751612903226,
            "sum_score": 4.1136
        },
        "params": {
            "rise_time": 1332,
            "fall_time": 2365,
            "omega": 14.926037266563908,
            "init_detuning": 3.3529077597918713,
            "final_detuning": 4.860507437559062
        }
    }
}
