{
    "qubits": {
        "0": [
            0.0,
            -45.0
        ],
        "1": [
            0.0,
            -35.0
        ],
        "2": [
            0.0,
            -25.0
        ],
        "3": [
            0.0,
            -15.0
        ],
        "4": [
            0.0,
            -5.0
        ],
        "5": [
            0.0,
            5.0
        ],
        "6": [
            0.0,
            15.0
        ],
        "7": [
            0.0,
            25.0
        ],
        "8": [
            0.0,
            35.0
        ],
        "9": [
            0.0,
            45.0
        ]
    },
    "metadata": {
        "score": {
            "total": 1.2838664659187622,
            "gini_score": 0.6331326885880078,
            "sum_score": 2.0278
        },
        "params": {
            "rise_time": 771,
            "fall_time": 2806,
            "omega": 10.447376528786004,
            "init_detuning": 4.727610133716446,
            "final_detuning": 2.254482222699502
        }
    }
}
