{
    "qubits": {
        "0": [
            0.0,
            -27.0
        ],
        "1": [
            0.0,
            -21.0
        ],
        "2": [
            0.0,
            -15.0
        ],
        "3": [
            0.0,
            -9.0
        ],
        "4": [
            0.0,
            -3.0
        ],
        "5": [
            0.0,
            3.0
        ],
        "6": [
            0.0,
            9.0
        ],
        "7": [
            0.0,
            15.0
        ],
        "8": [
            0.0,
            21.0
        ],
        "9": [
            0.0,
            27.0
        ]
    },
    "metadata": {
        "score": {
            "total": 1.4139388497637795,
            "gini_score": 0.6955622047244094,
            "sum_score": 2.0328,
            "total_normalized": 0.35348471244094487,
            "sum_normalized": 0.5082
        },
        "params": {
            "rise_time": 480,
            "fall_time": 1911,
            "omega": 3.6430399092246586,
            "init_detuning": 1.9242057673381923,
            "final_detuning": 1.9309974811927235
        },
        "mis": [
            [
                0,
                9,
                3,
                6
            ]
        ],
        "mis_size": 4
    },
    "edges": [
        [
            0,
            1
        ],
        [
            0,
            2
        ],
        [
            1,
            2
        ],
        [
            1,
            3
        ],
        [
            2,
            4
        ],
        [
            2,
            3
        ],
        [
            4,
            3
        ],
        [
            4,
            6
        ],
        [
            4,
            5
        ],
        [
            3,
            5
        ],
        [
            6,
            8
        ],
        [
            6,
            7
        ],
        [
            6,
            5
        ],
        [
            8,
            7
        ],
        [
            8,
            9
        ],
        [
            5,
            7
        ],
        [
            7,
            9
        ]
    ]
}
