{
    "qubits": {
        "0": [
            -5.0,
            -20.0
        ],
        "1": [
            5.0,
            -20.0
        ],
        "2": [
            -5.0,
            -10.0
        ],
        "3": [
            5.0,
            -10.0
        ],
        "4": [
            -5.0,
            0.0
        ],
        "5": [
            5.0,
            0.0
        ],
        "6": [
            -5.0,
            10.0
        ],
        "7": [
            5.0,
            10.0
        ],
        "8": [
            -5.0,
            20.0
        ],
        "9": [
            5.0,
            20.0
        ]
    },
    "metadata": {
        "score": {
            "total": 2.093469548424069,
            "gini_score": 0.7604320916905445,
            "sum_score": 2.753
        },
        "params": {
            "rise_time": 1130,
            "fall_time": 3285,
            "omega": 7.236528452473536,
            "init_detuning": 3.6469239271997997,
            "final_detuning": 2.877652023973969
        }
    }
}
