{
    "qubits": {
        "0": [
            -3.5,
            -14.0
        ],
        "1": [
            3.5,
            -14.0
        ],
        "2": [
            -3.5,
            -7.0
        ],
        "3": [
            3.5,
            -7.0
        ],
        "4": [
            -3.5,
            0.0
        ],
        "5": [
            3.5,
            0.0
        ],
        "6": [
            -3.5,
            7.0
        ],
        "7": [
            3.5,
            7.0
        ],
        "8": [
            -3.5,
            14.0
        ],
        "9": [
            3.5,
            14.0
        ]
    },
    "metadata": {
        "score": {
            "total": 1.2535883747368424,
            "gini_score": 0.6646105263157895,
            "sum_score": 1.8862
        },
        "params": {
            "rise_time": 176,
            "fall_time": 2474,
            "omega": 12.526699133657555,
            "init_detuning": 5.0732321252613035,
            "final_detuning": 3.9418152472294716
        }
    }
}
