{
    "qubits": {
        "0": [
            -3.0,
            -12.0
        ],
        "1": [
            3.0,
            -12.0
        ],
        "2": [
            -3.0,
            -6.0
        ],
        "3": [
            3.0,
            -6.0
        ],
        "4": [
            -3.0,
            0.0
        ],
        "5": [
            3.0,
            0.0
        ],
        "6": [
            -3.0,
            6.0
        ],
        "7": [
            3.0,
            6.0
        ],
        "8": [
            -3.0,
            12.0
        ],
        "9": [
            3.0,
            12.0
        ]
    },
    "metadata": {
        "score": {
            "total": 1.329444947027027,
            "gini_score": 0.7438702702702703,
            "sum_score": 1.7872,
            "total_normalized": 0.4431483156756757,
            "sum_normalized": 0.5957333333333333
        },
        "params": {
            "rise_time": 627,
            "fall_time": 2406,
            "omega": 3.912738727752875,
            "init_detuning": 3.804831909704787,
            "final_detuning": 6.213238941616201
        },
        "mis": [
            [
                0,
                8,
                5
            ],
            [
                1,
                4,
                9
            ]
        ],
        "mis_size": 3
    },
    "edges": [
        [
            3,
            4
        ],
        [
            3,
            7
        ],
        [
            3,
            1
        ],
        [
            3,
            5
        ],
        [
            3,
            0
        ],
        [
            3,
            2
        ],
        [
            4,
            6
        ],
        [
            4,
            5
        ],
        [
            4,
            8
        ],
        [
            4,
            2
        ],
        [
            4,
            0
        ],
        [
            4,
            7
        ],
        [
            7,
            5
        ],
        [
            7,
            9
        ],
        [
            7,
            6
        ],
        [
            7,
            8
        ],
        [
            6,
            8
        ],
        [
            6,
            5
        ],
        [
            6,
            2
        ],
        [
            6,
            9
        ],
        [
            5,
            2
        ],
        [
            5,
            9
        ],
        [
            5,
            1
        ],
        [
            0,
            2
        ],
        [
            0,
            1
        ],
        [
            2,
            1
        ],
        [
            8,
            9
        ]
    ]
}
