{
    "qubits": {
        "0": [
            0.0,
            -36.0
        ],
        "1": [
            0.0,
            -28.0
        ],
        "2": [
            0.0,
            -20.0
        ],
        "3": [
            0.0,
            -12.0
        ],
        "4": [
            0.0,
            -4.0
        ],
        "5": [
            0.0,
            4.0
        ],
        "6": [
            0.0,
            12.0
        ],
        "7": [
            0.0,
            20.0
        ],
        "8": [
            0.0,
            28.0
        ],
        "9": [
            0.0,
            36.0
        ]
    },
    "metadata": {
        "score": {
            "total": 4.384622333559323,
            "gini_score": 0.892671186440678,
            "sum_score": 4.9118
        },
        "params": {
            "rise_time": 1244,
            "fall_time": 1942,
            "omega": 11.431384470712802,
            "init_detuning": 7.409661744725568,
            "final_detuning": 7.140238866670499
        }
    }
}
