{
    "qubits": {
        "0": [
            -4.5,
            -18.0
        ],
        "1": [
            4.5,
            -18.0
        ],
        "2": [
            -4.5,
            -9.0
        ],
        "3": [
            4.5,
            -9.0
        ],
        "4": [
            -4.5,
            0.0
        ],
        "5": [
            4.5,
            0.0
        ],
        "6": [
            -4.5,
            9.0
        ],
        "7": [
            4.5,
            9.0
        ],
        "8": [
            -4.5,
            18.0
        ],
        "9": [
            4.5,
            18.0
        ]
    },
    "metadata": {
        "score": {
            "total": 0.7356972145985401,
            "gini_score": 0.6430919708029197,
            "sum_score": 1.144
        },
        "params": {
            "rise_time": 1149,
            "fall_time": 3212,
            "omega": 13.183659558545358,
            "init_detuning": 7.340991342625154,
            "final_detuning": 2.302324420205153
        }
    }
}
