{
    "qubits": {
        "0": [
            -4.0,
            -16.0
        ],
        "1": [
            4.0,
            -16.0
        ],
        "2": [
            -4.0,
            -8.0
        ],
        "3": [
            4.0,
            -8.0
        ],
        "4": [
            -4.0,
            0.0
        ],
        "5": [
            4.0,
            0.0
        ],
        "6": [
            -4.0,
            8.0
        ],
        "7": [
            4.0,
            8.0
        ],
        "8": [
            -4.0,
            16.0
        ],
        "9": [
            4.0,
            16.0
        ]
    },
    "metadata": {
        "score": {
            "total": 0.9736386662295081,
            "gini_score": 0.6362819672131147,
            "sum_score": 1.5302
        },
        "params": {
            "rise_time": 1305,
            "fall_time": 3081,
            "omega": 10.283612409795527,
            "init_detuning": 3.026602159636464,
            "final_detuning": 2.4214949351567414
        }
    }
}
