{
    "qubits": {
        "0": [
            -5.5,
            -22.0
        ],
        "1": [
            5.5,
            -22.0
        ],
        "2": [
            -5.5,
            -11.0
        ],
        "3": [
            5.5,
            -11.0
        ],
        "4": [
            -5.5,
            0.0
        ],
        "5": [
            5.5,
            0.0
        ],
        "6": [
            -5.5,
            11.0
        ],
        "7": [
            5.5,
            11.0
        ],
        "8": [
            -5.5,
            22.0
        ],
        "9": [
            5.5,
            22.0
        ]
    },
    "metadata": {
        "score": {
            "total": 0.653181070266876,
            "gini_score": 0.5599974882260597,
            "sum_score": 1.1664
        },
        "params": {
            "rise_time": 656,
            "fall_time": 407,
            "omega": 3.82919277341168,
            "init_detuning": 5.693262851109904,
            "final_detuning": 1.2658827645674755
        }
    }
}
