{
    "qubits": {
        "0": [
            0.0,
            -27.0
        ],
        "1": [
            0.0,
            -21.0
        ],
        "2": [
            0.0,
            -15.0
        ],
        "3": [
            0.0,
            -9.0
        ],
        "4": [
            0.0,
            -3.0
        ],
        "5": [
            0.0,
            3.0
        ],
        "6": [
            0.0,
            9.0
        ],
        "7": [
            0.0,
            15.0
        ],
        "8": [
            0.0,
            21.0
        ],
        "9": [
            0.0,
            27.0
        ]
    },
    "metadata": {
        "score": {
            "total": 1.4139388497637795,
            "gini_score": 0.6955622047244094,
            "sum_score": 2.0328
        },
        "params": {
            "rise_time": 480,
            "fall_time": 1911,
            "omega": 3.6430399092246586,
            "init_detuning": 1.9242057673381923,
            "final_detuning": 1.9309974811927235
        }
    }
}
