{
    "qubits": {
        "0": [
            1.8181818181818183,
            -34.64101615137754
        ],
        "1": [
            -2.1818181818181817,
            -27.712812921102035
        ],
        "2": [
            1.8181818181818183,
            -20.784609690826528
        ],
        "3": [
            -2.1818181818181817,
            -13.856406460551018
        ],
        "4": [
            1.8181818181818183,
            -6.92820323027551
        ],
        "5": [
            -2.1818181818181817,
            -6.459479416000911e-16
        ],
        "6": [
            1.8181818181818183,
            6.928203230275508
        ],
        "7": [
            -2.1818181818181817,
            13.856406460551018
        ],
        "8": [
            1.8181818181818183,
            20.784609690826528
        ],
        "9": [
            -2.1818181818181817,
            27.712812921102035
        ],
        "10": [
            1.8181818181818183,
            34.64101615137754
        ]
    },
    "metadata": {
        "score": {
            "total": 3.783437868613139,
            "gini_score": 0.8258978102189781,
            "sum_score": 4.581
        },
        "params": {
            "rise_time": 965,
            "fall_time": 3017,
            "omega": 14.860415369496655,
            "init_detuning": 5.26249326255212,
            "final_detuning": 5.048980409222642
        }
    }
}
