{
    "qubits": {
        "0": [
            2.5,
            -47.63139720814412
        ],
        "1": [
            -3.0,
            -38.1051177665153
        ],
        "2": [
            2.5,
            -28.57883832488648
        ],
        "3": [
            -3.0,
            -19.052558883257653
        ],
        "4": [
            2.5,
            -9.526279441628827
        ],
        "5": [
            -3.0,
            -1.937843824800273e-15
        ],
        "6": [
            2.5,
            9.526279441628823
        ],
        "7": [
            -3.0,
            19.052558883257646
        ],
        "8": [
            2.5,
            28.578838324886473
        ],
        "9": [
            -3.0,
            38.1051177665153
        ],
        "10": [
            2.5,
            47.63139720814412
        ]
    },
    "metadata": {
        "score": {
            "total": 3.3987158583281736,
            "gini_score": 0.7836198142414861,
            "sum_score": 4.3372
        },
        "params": {
            "rise_time": 1080,
            "fall_time": 2449,
            "omega": 1.9284985746734074,
            "init_detuning": 4.404328300195735,
            "final_detuning": 0.43585221728306056
        }
    }
}
