{
    "qubits": {
        "0": [
            0.0,
            -7.0
        ],
        "1": [
            0.0,
            0.0
        ],
        "2": [
            0.0,
            7.0
        ]
    },
    "metadata": {
        "score": {
            "total": 0.9686600000000001,
            "gini_score": 0.6166666666666667,
            "sum_score": 1.5708
        },
        "params": {
            "rise_time": 596,
            "fall_time": 615,
            "omega": 14.741335726688328,
            "init_detuning": 6.317627507831812,
            "final_detuning": 5.554974795032562
        }
    }
}
