{
    "qubits": {
        "0": [
            0.0,
            -10.0
        ],
        "1": [
            0.0,
            0.0
        ],
        "2": [
            0.0,
            10.0
        ]
    },
    "metadata": {
        "score": {
            "total": 1.368909,
            "gini_score": 0.76905,
            "sum_score": 1.78
        },
        "params": {
            "rise_time": 914,
            "fall_time": 1767,
            "omega": 5.6552484071104345,
            "init_detuning": 2.1250729587929276,
            "final_detuning": 4.744718887664895
        }
    }
}
