{
    "qubits": {
        "0": [
            0.0,
            0
        ],
        "1": [
            0.0,
            11
        ],
        "2": [
            9.526279441628825,
            11
        ]
    },
    "metadata": {
        "score": {
            "total": 0.90377522,
            "gini_score": 0.6917,
            "sum_score": 1.3066,
            "total_normalized": 0.45188761,
            "sum_normalized": 0.6533
        },
        "params": {
            "rise_time": 859,
            "fall_time": 2796,
            "omega": 10.362185215743732,
            "init_detuning": 7.295809104498539,
            "final_detuning": 3.385638707209532
        },
        "mis": [
            [
                0,
                2
            ]
        ],
        "mis_size": 2
    },
    "edges": [
        [
            0,
            1
        ],
        [
            1,
            2
        ]
    ]
}
