{
    "qubits": {
        "0": [
            0.0,
            0
        ],
        "1": [
            0.0,
            8
        ],
        "2": [
            6.928203230275509,
            8
        ]
    },
    "metadata": {
        "score": {
            "total": 0.4863114666666667,
            "gini_score": 0.5602666666666667,
            "sum_score": 0.868,
            "total_normalized": 0.4863114666666667,
            "sum_normalized": 0.868
        },
        "params": {
            "rise_time": 1052,
            "fall_time": 2836,
            "omega": 10.395378510987827,
            "init_detuning": 2.248960582461114,
            "final_detuning": 2.374378609210412
        },
        "mis": [
            [
                0
            ],
            [
                1
            ],
            [
                2
            ]
        ],
        "mis_size": 1
    },
    "edges": [
        [
            0,
            1
        ],
        [
            0,
            2
        ],
        [
            1,
            2
        ]
    ]
}
