{
    "qubits": {
        "0": [
            0.0,
            0
        ],
        "1": [
            0.0,
            10
        ],
        "2": [
            8.660254037844386,
            10
        ]
    },
    "metadata": {
        "score": {
            "total": 0.31276179,
            "gini_score": 0.50955,
            "sum_score": 0.6138,
            "total_normalized": 0.31276179,
            "sum_normalized": 0.6138
        },
        "params": {
            "rise_time": 159,
            "fall_time": 3176,
            "omega": 12.185636418342124,
            "init_detuning": 4.979572987956316,
            "final_detuning": 0.0949732549521567
        },
        "mis": [
            [
                0
            ],
            [
                1
            ],
            [
                2
            ]
        ],
        "mis_size": 1
    },
    "edges": [
        [
            0,
            1
        ],
        [
            0,
            2
        ],
        [
            1,
            2
        ]
    ]
}
