{
    "qubits": {
        "0": [
            0.0,
            0
        ],
        "1": [
            0.0,
            6
        ],
        "2": [
            5.196152422706632,
            6
        ]
    },
    "metadata": {
        "score": {
            "total": 0.48032587200000004,
            "gini_score": 0.49816000000000005,
            "sum_score": 0.9642,
            "total_normalized": 0.48032587200000004,
            "sum_normalized": 0.9642
        },
        "params": {
            "rise_time": 1378,
            "fall_time": 674,
            "omega": 12.7116853892613,
            "init_detuning": 4.536416908117954,
            "final_detuning": 7.02934118366252
        },
        "mis": [
            [
                0
            ],
            [
                1
            ],
            [
                2
            ]
        ],
        "mis_size": 1
    },
    "edges": [
        [
            0,
            1
        ],
        [
            0,
            2
        ],
        [
            1,
            2
        ]
    ]
}
