{
    "qubits": {
        "0": [
            0.0,
            0
        ],
        "1": [
            0.0,
            7
        ],
        "2": [
            6.06217782649107,
            7
        ]
    },
    "metadata": {
        "score": {
            "total": 0.36658008,
            "gini_score": 0.39239999999999997,
            "sum_score": 0.9342,
            "total_normalized": 0.36658008,
            "sum_normalized": 0.9342
        },
        "params": {
            "rise_time": 1167,
            "fall_time": 1793,
            "omega": 8.880941137997286,
            "init_detuning": 1.8553859876330878,
            "final_detuning": 0.6786532580779419
        },
        "mis": [
            [
                0
            ],
            [
                1
            ],
            [
                2
            ]
        ],
        "mis_size": 1
    },
    "edges": [
        [
            0,
            1
        ],
        [
            0,
            2
        ],
        [
            1,
            2
        ]
    ]
}
