{
    "qubits": {
        "0": [
            0.0,
            0
        ],
        "1": [
            0.0,
            9
        ],
        "2": [
            7.794228634059947,
            9
        ]
    },
    "metadata": {
        "score": {
            "total": 0.44562959999999996,
            "gini_score": 0.598,
            "sum_score": 0.7452
        },
        "params": {
            "rise_time": 1364,
            "fall_time": 902,
            "omega": 9.611976005223454,
            "init_detuning": 5.010486082504288,
            "final_detuning": 1.7898664059605762
        }
    }
}
