{
    "qubits": {
        "q0": [
            -5.89,
            -6.66
        ],
        "q1": [
            1.44,
            -1.82
        ],
        "q2": [
            -1.91,
            0.82
        ],
        "q3": [
            5.35,
            5.63
        ]
    },
    "metadata": {
        "score": {
            "total": 1.444243072,
            "gini_score": 0.81028,
            "sum_score": 1.7824
        },
        "params": {
            "rise_time": 1172,
            "fall_time": 2483,
            "omega": 10.840031530822964,
            "init_detuning": 7.8979405469796635,
            "final_detuning": 6.146671099655358
        }
    }
}
