{
    "qubits": {
        "q0": [
            -3.91,
            -4.9
        ],
        "q1": [
            1.44,
            -1.82
        ],
        "q2": [
            -1.91,
            0.82
        ],
        "q3": [
            3.17,
            3.26
        ]
    },
    "metadata": {
        "score": {
            "total": 0.34279191999999997,
            "gini_score": 0.41379999999999995,
            "sum_score": 0.8284,
            "total_normalized": 0.34279191999999997,
            "sum_normalized": 0.8284
        },
        "params": {
            "rise_time": 999,
            "fall_time": 2901,
            "omega": 14.304691700145035,
            "init_detuning": 5.487964290196988,
            "final_detuning": 3.020696638196977
        },
        "mis": [
            [
                0
            ],
            [
                1
            ],
            [
                2
            ],
            [
                3
            ]
        ],
        "mis_size": 1
    },
    "edges": [
        [
            0,
            1
        ],
        [
            0,
            3
        ],
        [
            0,
            2
        ],
        [
            1,
            2
        ],
        [
            1,
            3
        ],
        [
            2,
            3
        ]
    ]
}
