{
    "qubits": {
        "0": [
            -6.75,
            -3.8971143170299736
        ],
        "1": [
            2.25,
            -3.8971143170299736
        ],
        "2": [
            -2.25,
            3.8971143170299736
        ],
        "3": [
            6.75,
            3.8971143170299736
        ]
    },
    "metadata": {
        "score": {
            "total": 0.8220048872727271,
            "gini_score": 0.7409454545454545,
            "sum_score": 1.1094
        },
        "params": {
            "rise_time": 832,
            "fall_time": 3272,
            "omega": 3.355187607276624,
            "init_detuning": 6.230762251333155,
            "final_detuning": 2.4296564979418456
        }
    }
}
