{
    "qubits": {
        "0": [
            -8.25,
            -4.763139720814412
        ],
        "1": [
            2.75,
            -4.763139720814412
        ],
        "2": [
            -2.75,
            4.763139720814412
        ],
        "3": [
            8.25,
            4.763139720814412
        ]
    },
    "metadata": {
        "score": {
            "total": 0.7364478080000001,
            "gini_score": 0.7323466666666667,
            "sum_score": 1.0056,
            "total_normalized": 0.36822390400000005,
            "sum_normalized": 0.5028
        },
        "params": {
            "rise_time": 534,
            "fall_time": 2059,
            "omega": 4.6534881476231105,
            "init_detuning": 2.7440619320534037,
            "final_detuning": 4.30913984024193
        },
        "mis": [
            [
                0,
                3
            ]
        ],
        "mis_size": 2
    },
    "edges": [
        [
            0,
            1
        ],
        [
            0,
            2
        ],
        [
            1,
            2
        ],
        [
            1,
            3
        ],
        [
            2,
            3
        ]
    ]
}
