{
    "qubits": {
        "0": [
            -5.25,
            -3.031088913245535
        ],
        "1": [
            1.75,
            -3.031088913245535
        ],
        "2": [
            -1.75,
            3.031088913245535
        ],
        "3": [
            5.25,
            3.031088913245535
        ]
    },
    "metadata": {
        "score": {
            "total": 0.16882319999999995,
            "gini_score": 0.5459999999999999,
            "sum_score": 0.3092
        },
        "params": {
            "rise_time": 554,
            "fall_time": 1576,
            "omega": 14.370331085207425,
            "init_detuning": 7.866557836954761,
            "final_detuning": 6.540072353902756
        }
    }
}
