{
    "qubits": {
        "0": [
            1.5,
            -7.794228634059948
        ],
        "1": [
            -1.5,
            -2.598076211353316
        ],
        "2": [
            1.5,
            2.598076211353316
        ],
        "3": [
            -1.5,
            7.794228634059948
        ]
    },
    "metadata": {
        "score": {
            "total": 1.37065668,
            "gini_score": 0.76865,
            "sum_score": 1.7832
        },
        "params": {
            "rise_time": 1322,
            "fall_time": 2925,
            "omega": 8.480600785049688,
            "init_detuning": 7.36219181669824,
            "final_detuning": 3.231972434438112
        }
    }
}
