{
    "qubits": {
        "0": [
            -6.75,
            -3.8971143170299736
        ],
        "1": [
            2.25,
            -3.8971143170299736
        ],
        "2": [
            -2.25,
            3.8971143170299736
        ],
        "3": [
            6.75,
            3.8971143170299736
        ]
    },
    "metadata": {
        "score": {
            "total": 0.8220048872727271,
            "gini_score": 0.7409454545454545,
            "sum_score": 1.1094,
            "total_normalized": 0.41100244363636357,
            "sum_normalized": 0.5547
        },
        "params": {
            "rise_time": 832,
            "fall_time": 3272,
            "omega": 3.355187607276624,
            "init_detuning": 6.230762251333155,
            "final_detuning": 2.4296564979418456
        },
        "mis": [
            [
                0,
                3
            ]
        ],
        "mis_size": 2
    },
    "edges": [
        [
            0,
            1
        ],
        [
            0,
            2
        ],
        [
            1,
            2
        ],
        [
            1,
            3
        ],
        [
            2,
            3
        ]
    ]
}
