{
    "qubits": {
        "0": [
            -8.25,
            -4.763139720814412
        ],
        "1": [
            2.75,
            -4.763139720814412
        ],
        "2": [
            -2.75,
            4.763139720814412
        ],
        "3": [
            8.25,
            4.763139720814412
        ]
    },
    "metadata": {
        "score": {
            "total": 0.7364478080000001,
            "gini_score": 0.7323466666666667,
            "sum_score": 1.0056
        },
        "params": {
            "rise_time": 534,
            "fall_time": 2059,
            "omega": 4.6534881476231105,
            "init_detuning": 2.7440619320534037,
            "final_detuning": 4.30913984024193
        }
    }
}
