{
    "qubits": {
        "0": [
            -4.5,
            -2.598076211353316
        ],
        "1": [
            1.5,
            -2.598076211353316
        ],
        "2": [
            -1.5,
            2.598076211353316
        ],
        "3": [
            4.5,
            2.598076211353316
        ]
    },
    "metadata": {
        "score": {
            "total": 0.20584826666666667,
            "gini_score": 0.44866666666666666,
            "sum_score": 0.4588
        },
        "params": {
            "rise_time": 1452,
            "fall_time": 982,
            "omega": 14.35106049573889,
            "init_detuning": 2.994051795589847,
            "final_detuning": 6.997938455838544
        }
    }
}
