{
    "qubits": {
        "0": [
            -7.5,
            -4.330127018922193
        ],
        "1": [
            2.5,
            -4.330127018922193
        ],
        "2": [
            -2.5,
            4.330127018922193
        ],
        "3": [
            7.5,
            4.330127018922193
        ]
    },
    "metadata": {
        "score": {
            "total": 0.9997667413333334,
            "gini_score": 0.7088533333333333,
            "sum_score": 1.4104,
            "total_normalized": 0.4998833706666667,
            "sum_normalized": 0.7052
        },
        "params": {
            "rise_time": 1231,
            "fall_time": 3154,
            "omega": 13.667686169397598,
            "init_detuning": 4.786312890329632,
            "final_detuning": 5.09685097507464
        },
        "mis": [
            [
                0,
                3
            ]
        ],
        "mis_size": 2
    },
    "edges": [
        [
            0,
            1
        ],
        [
            0,
            2
        ],
        [
            1,
            2
        ],
        [
            1,
            3
        ],
        [
            2,
            3
        ]
    ]
}
