{
    "qubits": {
        "0": [
            -7.5,
            -4.330127018922193
        ],
        "1": [
            2.5,
            -4.330127018922193
        ],
        "2": [
            -2.5,
            4.330127018922193
        ],
        "3": [
            7.5,
            4.330127018922193
        ]
    },
    "metadata": {
        "score": {
            "total": 0.9997667413333334,
            "gini_score": 0.7088533333333333,
            "sum_score": 1.4104
        },
        "params": {
            "rise_time": 1231,
            "fall_time": 3154,
            "omega": 13.667686169397598,
            "init_detuning": 4.786312890329632,
            "final_detuning": 5.09685097507464
        }
    }
}
