{
    "qubits": {
        "0": [
            -6.0,
            -3.4641016151377544
        ],
        "1": [
            2.0,
            -3.4641016151377544
        ],
        "2": [
            -2.0,
            3.4641016151377544
        ],
        "3": [
            6.0,
            3.4641016151377544
        ]
    },
    "metadata": {
        "score": {
            "total": 1.3055213155555556,
            "gini_score": 0.7592888888888889,
            "sum_score": 1.7194
        },
        "params": {
            "rise_time": 1654,
            "fall_time": 2627,
            "omega": 8.520238662632767,
            "init_detuning": 5.071032679963428,
            "final_detuning": 6.675464689679713
        }
    }
}
