{
    "qubits": {
        "0": [
            -5.5,
            -5.5
        ],
        "1": [
            5.5,
            -5.5
        ],
        "2": [
            -5.5,
            5.5
        ],
        "3": [
            5.5,
            5.5
        ]
    },
    "metadata": {
        "score": {
            "total": 0.37385361,
            "gini_score": 0.377325,
            "sum_score": 0.9908,
            "total_normalized": 0.186926805,
            "sum_normalized": 0.4954
        },
        "params": {
            "rise_time": 994,
            "fall_time": 1847,
            "omega": 6.846069496508985,
            "init_detuning": 2.2199879365118753,
            "final_detuning": 3.14507503945509
        },
        "mis": [
            [
                0,
                3
            ],
            [
                1,
                2
            ]
        ],
        "mis_size": 2
    },
    "edges": [
        [
            0,
            1
        ],
        [
            0,
            2
        ],
        [
            1,
            3
        ],
        [
            2,
            3
        ]
    ]
}
