{
    "qubits": {
        "0": [
            0.0,
            -15.0
        ],
        "1": [
            0.0,
            -5.0
        ],
        "2": [
            0.0,
            5.0
        ],
        "3": [
            0.0,
            15.0
        ]
    },
    "metadata": {
        "score": {
            "total": 0.7577160599999999,
            "gini_score": 0.64235,
            "sum_score": 1.1796,
            "total_normalized": 0.37885802999999996,
            "sum_normalized": 0.5898
        },
        "params": {
            "rise_time": 693,
            "fall_time": 2990,
            "omega": 11.281506393910101,
            "init_detuning": 1.1166275320410168,
            "final_detuning": 1.807506195238341
        },
        "mis": [
            [
                0,
                2
            ],
            [
                0,
                3
            ],
            [
                1,
                3
            ]
        ],
        "mis_size": 2
    },
    "edges": [
        [
            0,
            1
        ],
        [
            1,
            2
        ],
        [
            2,
            3
        ]
    ]
}
