{
    "qubits": {
        "0": [
            0.0,
            -13.5
        ],
        "1": [
            0.0,
            -4.5
        ],
        "2": [
            0.0,
            4.5
        ],
        "3": [
            0.0,
            13.5
        ]
    },
    "metadata": {
        "score": {
            "total": 1.2805561846153843,
            "gini_score": 0.7005230769230768,
            "sum_score": 1.828,
            "total_normalized": 0.6402780923076922,
            "sum_normalized": 0.914
        },
        "params": {
            "rise_time": 1314,
            "fall_time": 3260,
            "omega": 8.137881888217592,
            "init_detuning": 5.022086223695702,
            "final_detuning": 3.762836281968009
        },
        "mis": [
            [
                0,
                2
            ],
            [
                0,
                3
            ],
            [
                1,
                3
            ]
        ],
        "mis_size": 2
    },
    "edges": [
        [
            0,
            1
        ],
        [
            1,
            2
        ],
        [
            2,
            3
        ]
    ]
}
