{
    "qubits": {
        "0": [
            -4.5,
            -4.5
        ],
        "1": [
            4.5,
            -4.5
        ],
        "2": [
            -4.5,
            4.5
        ],
        "3": [
            4.5,
            4.5
        ]
    },
    "metadata": {
        "score": {
            "total": 0.31804288000000003,
            "gini_score": 0.5141333333333333,
            "sum_score": 0.6186
        },
        "params": {
            "rise_time": 997,
            "fall_time": 414,
            "omega": 10.640980225811907,
            "init_detuning": 2.8684249424940065,
            "final_detuning": 3.4303658157795383
        }
    }
}
