{
    "qubits": {
        "0": [
            -4.0,
            -4.0
        ],
        "1": [
            4.0,
            -4.0
        ],
        "2": [
            -4.0,
            4.0
        ],
        "3": [
            4.0,
            4.0
        ]
    },
    "metadata": {
        "score": {
            "total": 0.3161057745454545,
            "gini_score": 0.5383272727272727,
            "sum_score": 0.5872,
            "total_normalized": 0.3161057745454545,
            "sum_normalized": 0.5872
        },
        "params": {
            "rise_time": 1485,
            "fall_time": 768,
            "omega": 10.115162451508725,
            "init_detuning": 4.140611969785356,
            "final_detuning": 2.705597200149513
        },
        "mis": [
            [
                0
            ],
            [
                1
            ],
            [
                2
            ],
            [
                3
            ]
        ],
        "mis_size": 1
    },
    "edges": [
        [
            0,
            1
        ],
        [
            0,
            3
        ],
        [
            0,
            2
        ],
        [
            1,
            2
        ],
        [
            1,
            3
        ],
        [
            2,
            3
        ]
    ]
}
