{
    "qubits": {
        "0": [
            -4.0,
            -4.0
        ],
        "1": [
            4.0,
            -4.0
        ],
        "2": [
            -4.0,
            4.0
        ],
        "3": [
            4.0,
            4.0
        ]
    },
    "metadata": {
        "score": {
            "total": 0.3161057745454545,
            "gini_score": 0.5383272727272727,
            "sum_score": 0.5872
        },
        "params": {
            "rise_time": 1485,
            "fall_time": 768,
            "omega": 10.115162451508725,
            "init_detuning": 4.140611969785356,
            "final_detuning": 2.705597200149513
        }
    }
}
