{
    "qubits": {
        "0": [
            0.0,
            -10.5
        ],
        "1": [
            0.0,
            -3.5
        ],
        "2": [
            0.0,
            3.5
        ],
        "3": [
            0.0,
            10.5
        ]
    },
    "metadata": {
        "score": {
            "total": 1.1452202599999999,
            "gini_score": 0.6673,
            "sum_score": 1.7162
        },
        "params": {
            "rise_time": 1030,
            "fall_time": 1840,
            "omega": 12.763787460254106,
            "init_detuning": 2.4750815873550076,
            "final_detuning": 5.372235917671122
        }
    }
}
