{
    "qubits": {
        "0": [
            0.0,
            -9.0
        ],
        "1": [
            0.0,
            -3.0
        ],
        "2": [
            0.0,
            3.0
        ],
        "3": [
            0.0,
            9.0
        ]
    },
    "metadata": {
        "score": {
            "total": 0.8665413399999998,
            "gini_score": 0.57205,
            "sum_score": 1.5148
        },
        "params": {
            "rise_time": 1618,
            "fall_time": 2722,
            "omega": 9.723481272053895,
            "init_detuning": 7.180530488009487,
            "final_detuning": 2.6514873508977743
        }
    }
}
