{
    "qubits": {
        "0": [
            0.0,
            -12.0
        ],
        "1": [
            0.0,
            -4.0
        ],
        "2": [
            0.0,
            4.0
        ],
        "3": [
            0.0,
            12.0
        ]
    },
    "metadata": {
        "score": {
            "total": 0.9720115015384614,
            "gini_score": 0.6268615384615384,
            "sum_score": 1.5506,
            "total_normalized": 0.4860057507692307,
            "sum_normalized": 0.7753
        },
        "params": {
            "rise_time": 758,
            "fall_time": 356,
            "omega": 10.876782941746109,
            "init_detuning": 4.262685244931511,
            "final_detuning": 4.496459853771508
        },
        "mis": [
            [
                0,
                2
            ],
            [
                0,
                3
            ],
            [
                1,
                3
            ]
        ],
        "mis_size": 2
    },
    "edges": [
        [
            0,
            1
        ],
        [
            1,
            2
        ],
        [
            2,
            3
        ]
    ]
}
