{
    "qubits": {
        "0": [
            0.0,
            -16.5
        ],
        "1": [
            0.0,
            -5.5
        ],
        "2": [
            0.0,
            5.5
        ],
        "3": [
            0.0,
            16.5
        ]
    },
    "metadata": {
        "score": {
            "total": 0.6519677999999999,
            "gini_score": 0.5709,
            "sum_score": 1.142,
            "total_normalized": 0.32598389999999994,
            "sum_normalized": 0.571
        },
        "params": {
            "rise_time": 1181,
            "fall_time": 2764,
            "omega": 4.986502576711555,
            "init_detuning": 1.3648891635490514,
            "final_detuning": 1.3497331800127572
        },
        "mis": [
            [
                0,
                2
            ],
            [
                0,
                3
            ],
            [
                1,
                3
            ]
        ],
        "mis_size": 2
    },
    "edges": [
        [
            0,
            1
        ],
        [
            1,
            2
        ],
        [
            2,
            3
        ]
    ]
}
