{
    "qubits": {
        "0": [
            0.0,
            -13.5
        ],
        "1": [
            0.0,
            -4.5
        ],
        "2": [
            0.0,
            4.5
        ],
        "3": [
            0.0,
            13.5
        ]
    },
    "metadata": {
        "score": {
            "total": 1.2805561846153843,
            "gini_score": 0.7005230769230768,
            "sum_score": 1.828
        },
        "params": {
            "rise_time": 1314,
            "fall_time": 3260,
            "omega": 8.137881888217592,
            "init_detuning": 5.022086223695702,
            "final_detuning": 3.762836281968009
        }
    }
}
