{
    "qubits": {
        "0": [
            -3.0,
            -3.0
        ],
        "1": [
            3.0,
            -3.0
        ],
        "2": [
            -3.0,
            3.0
        ],
        "3": [
            3.0,
            3.0
        ]
    },
    "metadata": {
        "score": {
            "total": 0.38401914285714284,
            "gini_score": 0.4021142857142857,
            "sum_score": 0.955,
            "total_normalized": 0.38401914285714284,
            "sum_normalized": 0.955
        },
        "params": {
            "rise_time": 794,
            "fall_time": 2409,
            "omega": 7.9493884092458895,
            "init_detuning": 6.047079242910565,
            "final_detuning": 7.33074803895403
        },
        "mis": [
            [
                0
            ],
            [
                1
            ],
            [
                2
            ],
            [
                3
            ]
        ],
        "mis_size": 1
    },
    "edges": [
        [
            0,
            1
        ],
        [
            0,
            3
        ],
        [
            0,
            2
        ],
        [
            1,
            2
        ],
        [
            1,
            3
        ],
        [
            2,
            3
        ]
    ]
}
