{
    "qubits": {
        "0": [
            -5.0,
            -5.0
        ],
        "1": [
            5.0,
            -5.0
        ],
        "2": [
            -5.0,
            5.0
        ],
        "3": [
            5.0,
            5.0
        ]
    },
    "metadata": {
        "score": {
            "total": 1.0698583146666667,
            "gini_score": 0.6674933333333334,
            "sum_score": 1.6028
        },
        "params": {
            "rise_time": 294,
            "fall_time": 2871,
            "omega": 7.723755430027856,
            "init_detuning": 5.091611873169785,
            "final_detuning": 3.3493513212615618
        }
    }
}
