{
    "qubits": {
        "q0": [
            -2.0,
            -2.0
        ],
        "q1": [
            2.0,
            -2.0
        ],
        "q2": [
            -2.0,
            2.0
        ],
        "q3": [
            2.0,
            2.0
        ]
    },
    "metadata": {
        "score": {
            "total": 0.154201824,
            "gini_score": 0.49392,
            "sum_score": 0.3122,
            "total_normalized": 0.154201824,
            "sum_normalized": 0.3122
        },
        "params": {
            "rise_time": 1179,
            "fall_time": 2983,
            "omega": 5.4064280517674685,
            "init_detuning": 1.4391291201481062,
            "final_detuning": 2.3686296787459593
        },
        "mis": [
            [
                0
            ],
            [
                1
            ],
            [
                2
            ],
            [
                3
            ]
        ],
        "mis_size": 1
    },
    "edges": [
        [
            0,
            1
        ],
        [
            0,
            3
        ],
        [
            0,
            2
        ],
        [
            1,
            2
        ],
        [
            1,
            3
        ],
        [
            2,
            3
        ]
    ]
}
