{
    "qubits": {
        "0": [
            0.0,
            -12.0
        ],
        "1": [
            0.0,
            -6.0
        ],
        "2": [
            0.0,
            0.0
        ],
        "3": [
            0.0,
            6.0
        ],
        "4": [
            0.0,
            12.0
        ]
    },
    "metadata": {
        "score": {
            "total": 0.7876178584615384,
            "gini_score": 0.6829846153846153,
            "sum_score": 1.1532,
            "total_normalized": 0.3938089292307692,
            "sum_normalized": 0.5766
        },
        "params": {
            "rise_time": 1314,
            "fall_time": 2291,
            "omega": 7.285052630994716,
            "init_detuning": 4.187259935971624,
            "final_detuning": 5.4766492423180715
        },
        "mis": [
            [
                0,
                3
            ],
            [
                0,
                4
            ],
            [
                1,
                4
            ]
        ],
        "mis_size": 2
    },
    "edges": [
        [
            0,
            1
        ],
        [
            0,
            2
        ],
        [
            1,
            2
        ],
        [
            1,
            3
        ],
        [
            2,
            4
        ],
        [
            2,
            3
        ],
        [
            4,
            3
        ]
    ]
}
