{
    "qubits": {
        "0": [
            0.0,
            -22.0
        ],
        "1": [
            0.0,
            -11.0
        ],
        "2": [
            0.0,
            0.0
        ],
        "3": [
            0.0,
            11.0
        ],
        "4": [
            0.0,
            22.0
        ]
    },
    "metadata": {
        "score": {
            "total": 0.81763906,
            "gini_score": 0.6090875,
            "sum_score": 1.3424
        },
        "params": {
            "rise_time": 851,
            "fall_time": 1433,
            "omega": 5.354658201303305,
            "init_detuning": 6.062634889654829,
            "final_detuning": 1.608831035917027
        }
    }
}
