{
    "qubits": {
        "0": [
            0.0,
            -20.0
        ],
        "1": [
            0.0,
            -10.0
        ],
        "2": [
            0.0,
            0.0
        ],
        "3": [
            0.0,
            10.0
        ],
        "4": [
            0.0,
            20.0
        ]
    },
    "metadata": {
        "score": {
            "total": 1.8419278186666668,
            "gini_score": 0.7957866666666668,
            "sum_score": 2.3146
        },
        "params": {
            "rise_time": 353,
            "fall_time": 2055,
            "omega": 10.069755985065942,
            "init_detuning": 4.422051779044031,
            "final_detuning": 3.853502585709399
        }
    }
}
