{
    "qubits": {
        "0": [
            0.0,
            -18.0
        ],
        "1": [
            0.0,
            -9.0
        ],
        "2": [
            0.0,
            0.0
        ],
        "3": [
            0.0,
            9.0
        ],
        "4": [
            0.0,
            18.0
        ]
    },
    "metadata": {
        "score": {
            "total": 1.2167234273684213,
            "gini_score": 0.6055157894736843,
            "sum_score": 2.0094,
            "total_normalized": 0.40557447578947375,
            "sum_normalized": 0.6698
        },
        "params": {
            "rise_time": 1320,
            "fall_time": 1801,
            "omega": 3.1722613360961036,
            "init_detuning": 1.9644104535121247,
            "final_detuning": 0.8018350334267641
        },
        "mis": [
            [
                0,
                2,
                4
            ]
        ],
        "mis_size": 3
    },
    "edges": [
        [
            0,
            1
        ],
        [
            1,
            2
        ],
        [
            2,
            3
        ],
        [
            3,
            4
        ]
    ]
}
