{
    "qubits": {
        "0": [
            0.0,
            -14.0
        ],
        "1": [
            0.0,
            -7.0
        ],
        "2": [
            0.0,
            0.0
        ],
        "3": [
            0.0,
            7.0
        ],
        "4": [
            0.0,
            14.0
        ]
    },
    "metadata": {
        "score": {
            "total": 1.4918722523076922,
            "gini_score": 0.6479076923076923,
            "sum_score": 2.3026
        },
        "params": {
            "rise_time": 1432,
            "fall_time": 806,
            "omega": 5.334125857095727,
            "init_detuning": 4.987911617555987,
            "final_detuning": 3.5249212833079833
        }
    }
}
