{
    "qubits": {
        "0": [
            -2.333333333333333,
            -6.06217782649107
        ],
        "1": [
            4.666666666666667,
            -6.06217782649107
        ],
        "2": [
            -5.833333333333333,
            0.0
        ],
        "3": [
            1.166666666666667,
            0.0
        ],
        "4": [
            -2.333333333333333,
            6.06217782649107
        ],
        "5": [
            4.666666666666667,
            6.06217782649107
        ]
    },
    "metadata": {
        "score": {
            "total": 0.39672912,
            "gini_score": 0.5375733333333333,
            "sum_score": 0.738
        },
        "params": {
            "rise_time": 507,
            "fall_time": 417,
            "omega": 8.054451114728888,
            "init_detuning": 7.563876138020489,
            "final_detuning": 5.1857441066650045
        }
    }
}
