{
    "qubits": {
        "0": [
            -8.75,
            -3.031088913245535
        ],
        "1": [
            -1.75,
            -3.031088913245535
        ],
        "2": [
            5.25,
            -3.031088913245535
        ],
        "3": [
            -5.25,
            3.031088913245535
        ],
        "4": [
            1.75,
            3.031088913245535
        ],
        "5": [
            8.75,
            3.031088913245535
        ]
    },
    "metadata": {
        "score": {
            "total": 0.8673143076923078,
            "gini_score": 0.5960923076923077,
            "sum_score": 1.455
        },
        "params": {
            "rise_time": 340,
            "fall_time": 1522,
            "omega": 7.300431946153802,
            "init_detuning": 5.536690548764634,
            "final_detuning": 7.93176478961403
        }
    }
}
