{
    "qubits": {
        "0": [
            -10.0,
            -3.464101615137755
        ],
        "1": [
            -2.0,
            -3.464101615137755
        ],
        "2": [
            6.0,
            -3.464101615137755
        ],
        "3": [
            -6.0,
            3.464101615137754
        ],
        "4": [
            2.0,
            3.464101615137754
        ],
        "5": [
            10.0,
            3.464101615137754
        ]
    },
    "metadata": {
        "score": {
            "total": 1.3605432562962965,
            "gini_score": 0.7524296296296297,
            "sum_score": 1.8082
        },
        "params": {
            "rise_time": 285,
            "fall_time": 1782,
            "omega": 14.056588730318824,
            "init_detuning": 6.81836547007414,
            "final_detuning": 4.5438943823633755
        }
    }
}
