{
    "qubits": {
        "0": [
            -13.75,
            -4.763139720814412
        ],
        "1": [
            -2.75,
            -4.763139720814412
        ],
        "2": [
            8.25,
            -4.763139720814412
        ],
        "3": [
            -8.25,
            4.763139720814412
        ],
        "4": [
            2.75,
            4.763139720814412
        ],
        "5": [
            13.75,
            4.763139720814412
        ]
    },
    "metadata": {
        "score": {
            "total": 0.436293984,
            "gini_score": 0.60816,
            "sum_score": 0.7174,
            "total_normalized": 0.218146992,
            "sum_normalized": 0.3587
        },
        "params": {
            "rise_time": 1186,
            "fall_time": 2904,
            "omega": 4.172389968359135,
            "init_detuning": 5.505498553849415,
            "final_detuning": 2.4692088188568144
        },
        "mis": [
            [
                0,
                2
            ],
            [
                0,
                4
            ],
            [
                0,
                5
            ],
            [
                1,
                5
            ],
            [
                2,
                3
            ],
            [
                3,
                5
            ]
        ],
        "mis_size": 2
    },
    "edges": [
        [
            0,
            1
        ],
        [
            0,
            3
        ],
        [
            1,
            2
        ],
        [
            1,
            4
        ],
        [
            1,
            3
        ],
        [
            2,
            4
        ],
        [
            2,
            5
        ],
        [
            4,
            3
        ],
        [
            4,
            5
        ]
    ]
}
