{
    "qubits": {
        "0": [
            -3.333333333333334,
            -8.660254037844386
        ],
        "1": [
            6.666666666666666,
            -8.660254037844386
        ],
        "2": [
            -8.333333333333334,
            0.0
        ],
        "3": [
            1.666666666666666,
            0.0
        ],
        "4": [
            -3.333333333333334,
            8.660254037844386
        ],
        "5": [
            6.666666666666666,
            8.660254037844386
        ]
    },
    "metadata": {
        "score": {
            "total": 1.1036366117647058,
            "gini_score": 0.6863411764705882,
            "sum_score": 1.608,
            "total_normalized": 0.36787887058823526,
            "sum_normalized": 0.536
        },
        "params": {
            "rise_time": 1527,
            "fall_time": 3297,
            "omega": 11.806432945808378,
            "init_detuning": 7.596602078090978,
            "final_detuning": 1.2685003894648954
        },
        "mis": [
            [
                1,
                2,
                5
            ]
        ],
        "mis_size": 3
    },
    "edges": [
        [
            0,
            1
        ],
        [
            0,
            3
        ],
        [
            0,
            2
        ],
        [
            1,
            3
        ],
        [
            2,
            4
        ],
        [
            2,
            3
        ],
        [
            4,
            3
        ],
        [
            4,
            5
        ],
        [
            3,
            5
        ]
    ]
}
