{
    "qubits": {
        "0": [
            -3.666666666666666,
            -9.526279441628825
        ],
        "1": [
            7.333333333333334,
            -9.526279441628825
        ],
        "2": [
            -9.166666666666666,
            0.0
        ],
        "3": [
            1.833333333333334,
            0.0
        ],
        "4": [
            -3.666666666666666,
            9.526279441628825
        ],
        "5": [
            7.333333333333334,
            9.526279441628825
        ]
    },
    "metadata": {
        "score": {
            "total": 0.8700352,
            "gini_score": 0.7146666666666667,
            "sum_score": 1.2174
        },
        "params": {
            "rise_time": 1104,
            "fall_time": 849,
            "omega": 9.179367583819642,
            "init_detuning": 7.261432094106139,
            "final_detuning": 1.2841614999502529
        }
    }
}
