{
    "qubits": {
        "0": [
            -10.0,
            -3.464101615137755
        ],
        "1": [
            -2.0,
            -3.464101615137755
        ],
        "2": [
            6.0,
            -3.464101615137755
        ],
        "3": [
            -6.0,
            3.464101615137754
        ],
        "4": [
            2.0,
            3.464101615137754
        ],
        "5": [
            10.0,
            3.464101615137754
        ]
    },
    "metadata": {
        "score": {
            "total": 1.3605432562962965,
            "gini_score": 0.7524296296296297,
            "sum_score": 1.8082,
            "total_normalized": 0.6802716281481482,
            "sum_normalized": 0.9041
        },
        "params": {
            "rise_time": 285,
            "fall_time": 1782,
            "omega": 14.056588730318824,
            "init_detuning": 6.81836547007414,
            "final_detuning": 4.5438943823633755
        },
        "mis": [
            [
                0,
                2
            ],
            [
                0,
                4
            ],
            [
                0,
                5
            ],
            [
                1,
                5
            ],
            [
                2,
                3
            ],
            [
                3,
                5
            ]
        ],
        "mis_size": 2
    },
    "edges": [
        [
            0,
            1
        ],
        [
            0,
            3
        ],
        [
            1,
            2
        ],
        [
            1,
            4
        ],
        [
            1,
            3
        ],
        [
            2,
            4
        ],
        [
            2,
            5
        ],
        [
            4,
            3
        ],
        [
            4,
            5
        ]
    ]
}
