{
    "qubits": {
        "0": [
            -2.666666666666667,
            -6.928203230275509
        ],
        "1": [
            5.333333333333333,
            -6.928203230275509
        ],
        "2": [
            -6.666666666666667,
            0.0
        ],
        "3": [
            1.333333333333333,
            0.0
        ],
        "4": [
            -2.666666666666667,
            6.928203230275509
        ],
        "5": [
            5.333333333333333,
            6.928203230275509
        ]
    },
    "metadata": {
        "score": {
            "total": 1.9176981058064517,
            "gini_score": 0.8424258064516129,
            "sum_score": 2.2764
        },
        "params": {
            "rise_time": 529,
            "fall_time": 2630,
            "omega": 10.961769858531174,
            "init_detuning": 5.737198588593867,
            "final_detuning": 7.658021714657926
        }
    }
}
