{
    "qubits": {
        "0": [
            -12.5,
            -4.330127018922193
        ],
        "1": [
            -2.5,
            -4.330127018922193
        ],
        "2": [
            7.5,
            -4.330127018922193
        ],
        "3": [
            -7.5,
            4.330127018922193
        ],
        "4": [
            2.5,
            4.330127018922193
        ],
        "5": [
            12.5,
            4.330127018922193
        ]
    },
    "metadata": {
        "score": {
            "total": 0.694352483902439,
            "gini_score": 0.6580292682926829,
            "sum_score": 1.0552
        },
        "params": {
            "rise_time": 1502,
            "fall_time": 2015,
            "omega": 9.4485069542133,
            "init_detuning": 1.5994241810784458,
            "final_detuning": 1.0664469902761393
        }
    }
}
