{
    "qubits": {
        "0": [
            -13.75,
            -4.763139720814412
        ],
        "1": [
            -2.75,
            -4.763139720814412
        ],
        "2": [
            8.25,
            -4.763139720814412
        ],
        "3": [
            -8.25,
            4.763139720814412
        ],
        "4": [
            2.75,
            4.763139720814412
        ],
        "5": [
            13.75,
            4.763139720814412
        ]
    },
    "metadata": {
        "score": {
            "total": 0.436293984,
            "gini_score": 0.60816,
            "sum_score": 0.7174
        },
        "params": {
            "rise_time": 1186,
            "fall_time": 2904,
            "omega": 4.172389968359135,
            "init_detuning": 5.505498553849415,
            "final_detuning": 2.4692088188568144
        }
    }
}
