{
    "qubits": {
        "0": [
            -11.25,
            -3.8971143170299736
        ],
        "1": [
            -2.25,
            -3.8971143170299736
        ],
        "2": [
            6.75,
            -3.8971143170299736
        ],
        "3": [
            -6.75,
            3.8971143170299736
        ],
        "4": [
            2.25,
            3.8971143170299736
        ],
        "5": [
            11.25,
            3.8971143170299736
        ]
    },
    "metadata": {
        "score": {
            "total": 1.2850471142857143,
            "gini_score": 0.7848095238095238,
            "sum_score": 1.6374
        },
        "params": {
            "rise_time": 351,
            "fall_time": 2195,
            "omega": 11.697633946248672,
            "init_detuning": 5.773903806216267,
            "final_detuning": 4.241051081702466
        }
    }
}
