{
    "qubits": {
        "0": [
            -2.0,
            -5.196152422706632
        ],
        "1": [
            4.0,
            -5.196152422706632
        ],
        "2": [
            -5.0,
            0.0
        ],
        "3": [
            1.0,
            0.0
        ],
        "4": [
            -2.0,
            5.196152422706632
        ],
        "5": [
            4.0,
            5.196152422706632
        ]
    },
    "metadata": {
        "score": {
            "total": 0.52612728,
            "gini_score": 0.6170857142857142,
            "sum_score": 0.8526
        },
        "params": {
            "rise_time": 127,
            "fall_time": 1774,
            "omega": 11.468018843984929,
            "init_detuning": 1.1461078661443411,
            "final_detuning": 0.1633326493446683
        }
    }
}
