{
    "qubits": {
        "0": [
            -7.5,
            -2.598076211353316
        ],
        "1": [
            -1.5,
            -2.598076211353316
        ],
        "2": [
            4.5,
            -2.598076211353316
        ],
        "3": [
            -4.5,
            2.598076211353316
        ],
        "4": [
            1.5,
            2.598076211353316
        ],
        "5": [
            7.5,
            2.598076211353316
        ]
    },
    "metadata": {
        "score": {
            "total": 1.1867696399999998,
            "gini_score": 0.7543666666666666,
            "sum_score": 1.5732
        },
        "params": {
            "rise_time": 1242,
            "fall_time": 2656,
            "omega": 5.127495005530009,
            "init_detuning": 4.243010062902675,
            "final_detuning": 5.347558170933394
        }
    }
}
