{
    "qubits": {
        "0": [
            -11.25,
            -3.8971143170299736
        ],
        "1": [
            -2.25,
            -3.8971143170299736
        ],
        "2": [
            6.75,
            -3.8971143170299736
        ],
        "3": [
            -6.75,
            3.8971143170299736
        ],
        "4": [
            2.25,
            3.8971143170299736
        ],
        "5": [
            11.25,
            3.8971143170299736
        ]
    },
    "metadata": {
        "score": {
            "total": 1.2850471142857143,
            "gini_score": 0.7848095238095238,
            "sum_score": 1.6374,
            "total_normalized": 0.6425235571428571,
            "sum_normalized": 0.8187
        },
        "params": {
            "rise_time": 351,
            "fall_time": 2195,
            "omega": 11.697633946248672,
            "init_detuning": 5.773903806216267,
            "final_detuning": 4.241051081702466
        },
        "mis": [
            [
                0,
                2
            ],
            [
                0,
                4
            ],
            [
                0,
                5
            ],
            [
                1,
                5
            ],
            [
                2,
                3
            ],
            [
                3,
                5
            ]
        ],
        "mis_size": 2
    },
    "edges": [
        [
            0,
            1
        ],
        [
            0,
            3
        ],
        [
            1,
            2
        ],
        [
            1,
            4
        ],
        [
            1,
            3
        ],
        [
            2,
            4
        ],
        [
            2,
            5
        ],
        [
            4,
            3
        ],
        [
            4,
            5
        ]
    ]
}
