{
    "qubits": {
        "0": [
            -3.0,
            -7.794228634059947
        ],
        "1": [
            6.0,
            -7.794228634059947
        ],
        "2": [
            -7.5,
            0.0
        ],
        "3": [
            1.5,
            0.0
        ],
        "4": [
            -3.0,
            7.794228634059947
        ],
        "5": [
            6.0,
            7.794228634059947
        ]
    },
    "metadata": {
        "score": {
            "total": 1.9206858533333333,
            "gini_score": 0.8255333333333333,
            "sum_score": 2.3266,
            "total_normalized": 0.6402286177777777,
            "sum_normalized": 0.7755333333333333
        },
        "params": {
            "rise_time": 592,
            "fall_time": 1207,
            "omega": 4.8539894718377425,
            "init_detuning": 2.6128744838064195,
            "final_detuning": 3.7115888960459733
        },
        "mis": [
            [
                1,
                2,
                5
            ]
        ],
        "mis_size": 3
    },
    "edges": [
        [
            0,
            1
        ],
        [
            0,
            3
        ],
        [
            0,
            2
        ],
        [
            1,
            3
        ],
        [
            2,
            4
        ],
        [
            2,
            3
        ],
        [
            4,
            3
        ],
        [
            4,
            5
        ],
        [
            3,
            5
        ]
    ]
}
