{
    "qubits": {
        "0": [
            0.0,
            -25.0
        ],
        "1": [
            0.0,
            -15.0
        ],
        "2": [
            0.0,
            -5.0
        ],
        "3": [
            0.0,
            5.0
        ],
        "4": [
            0.0,
            15.0
        ],
        "5": [
            0.0,
            25.0
        ]
    },
    "metadata": {
        "score": {
            "total": 1.4001188666666666,
            "gini_score": 0.8138333333333334,
            "sum_score": 1.7204
        },
        "params": {
            "rise_time": 882,
            "fall_time": 2045,
            "omega": 3.32815771459971,
            "init_detuning": 1.0922293706937245,
            "final_detuning": 4.784759017738233
        }
    }
}
