{
    "qubits": {
        "0": [
            -6.0,
            -3.0
        ],
        "1": [
            0.0,
            -3.0
        ],
        "2": [
            6.0,
            -3.0
        ],
        "3": [
            -6.0,
            3.0
        ],
        "4": [
            0.0,
            3.0
        ],
        "5": [
            6.0,
            3.0
        ]
    },
    "metadata": {
        "score": {
            "total": 0.677687216,
            "gini_score": 0.5333600000000001,
            "sum_score": 1.2706,
            "total_normalized": 0.338843608,
            "sum_normalized": 0.6353
        },
        "params": {
            "rise_time": 810,
            "fall_time": 1768,
            "omega": 6.242115752033542,
            "init_detuning": 7.246867303031546,
            "final_detuning": 5.5464903144081195
        },
        "mis": [
            [
                0,
                5
            ],
            [
                2,
                3
            ]
        ],
        "mis_size": 2
    },
    "edges": [
        [
            0,
            1
        ],
        [
            0,
            4
        ],
        [
            0,
            3
        ],
        [
            0,
            2
        ],
        [
            1,
            2
        ],
        [
            1,
            5
        ],
        [
            1,
            4
        ],
        [
            1,
            3
        ],
        [
            2,
            4
        ],
        [
            2,
            5
        ],
        [
            4,
            3
        ],
        [
            4,
            5
        ],
        [
            3,
            5
        ]
    ]
}
