{
    "qubits": {
        "0": [
            -7.0,
            -3.5
        ],
        "1": [
            0.0,
            -3.5
        ],
        "2": [
            7.0,
            -3.5
        ],
        "3": [
            -7.0,
            3.5
        ],
        "4": [
            0.0,
            3.5
        ],
        "5": [
            7.0,
            3.5
        ]
    },
    "metadata": {
        "score": {
            "total": 1.2127583717647057,
            "gini_score": 0.7278588235294117,
            "sum_score": 1.6662
        },
        "params": {
            "rise_time": 1176,
            "fall_time": 1998,
            "omega": 11.828485438447474,
            "init_detuning": 1.9050814125395208,
            "final_detuning": 1.0146327399072952
        }
    }
}
