{
    "qubits": {
        "0": [
            0.0,
            -27.5
        ],
        "1": [
            0.0,
            -16.5
        ],
        "2": [
            0.0,
            -5.5
        ],
        "3": [
            0.0,
            5.5
        ],
        "4": [
            0.0,
            16.5
        ],
        "5": [
            0.0,
            27.5
        ]
    },
    "metadata": {
        "score": {
            "total": 1.2236352812698414,
            "gini_score": 0.6577269841269842,
            "sum_score": 1.8604,
            "total_normalized": 0.40787842708994715,
            "sum_normalized": 0.6201333333333333
        },
        "params": {
            "rise_time": 326,
            "fall_time": 1464,
            "omega": 5.246350925128511,
            "init_detuning": 5.644329141555417,
            "final_detuning": 3.9773841362283804
        },
        "mis": [
            [
                0,
                2,
                4
            ],
            [
                0,
                2,
                5
            ],
            [
                0,
                3,
                5
            ],
            [
                1,
                3,
                5
            ]
        ],
        "mis_size": 3
    },
    "edges": [
        [
            0,
            1
        ],
        [
            1,
            2
        ],
        [
            2,
            3
        ],
        [
            3,
            4
        ],
        [
            4,
            5
        ]
    ]
}
