{
    "qubits": {
        "0": [
            -11.0,
            -5.5
        ],
        "1": [
            0.0,
            -5.5
        ],
        "2": [
            11.0,
            -5.5
        ],
        "3": [
            -11.0,
            5.5
        ],
        "4": [
            0.0,
            5.5
        ],
        "5": [
            11.0,
            5.5
        ]
    },
    "metadata": {
        "score": {
            "total": 0.8521304129729732,
            "gini_score": 0.5435891891891893,
            "sum_score": 1.5676,
            "total_normalized": 0.2840434709909911,
            "sum_normalized": 0.5225333333333334
        },
        "params": {
            "rise_time": 1254,
            "fall_time": 1321,
            "omega": 1.1649616809613446,
            "init_detuning": 1.466021697827721,
            "final_detuning": 0.3533662401749309
        },
        "mis": [
            [
                0,
                2,
                4
            ],
            [
                1,
                3,
                5
            ]
        ],
        "mis_size": 3
    },
    "edges": [
        [
            0,
            1
        ],
        [
            0,
            3
        ],
        [
            1,
            2
        ],
        [
            1,
            4
        ],
        [
            2,
            5
        ],
        [
            3,
            4
        ],
        [
            4,
            5
        ]
    ]
}
