{
    "qubits": {
        "0": [
            -11.0,
            -5.5
        ],
        "1": [
            0.0,
            -5.5
        ],
        "2": [
            11.0,
            -5.5
        ],
        "3": [
            -11.0,
            5.5
        ],
        "4": [
            0.0,
            5.5
        ],
        "5": [
            11.0,
            5.5
        ]
    },
    "metadata": {
        "score": {
            "total": 0.8521304129729732,
            "gini_score": 0.5435891891891893,
            "sum_score": 1.5676
        },
        "params": {
            "rise_time": 1254,
            "fall_time": 1321,
            "omega": 1.1649616809613446,
            "init_detuning": 1.466021697827721,
            "final_detuning": 0.3533662401749309
        }
    }
}
