{
    "qubits": {
        "0": [
            0.0,
            -22.5
        ],
        "1": [
            0.0,
            -13.5
        ],
        "2": [
            0.0,
            -4.5
        ],
        "3": [
            0.0,
            4.5
        ],
        "4": [
            0.0,
            13.5
        ],
        "5": [
            0.0,
            22.5
        ]
    },
    "metadata": {
        "score": {
            "total": 1.8535407843137253,
            "gini_score": 0.8278431372549019,
            "sum_score": 2.239,
            "total_normalized": 0.6178469281045751,
            "sum_normalized": 0.7463333333333333
        },
        "params": {
            "rise_time": 1652,
            "fall_time": 1696,
            "omega": 9.444604778714679,
            "init_detuning": 7.041312488489844,
            "final_detuning": 6.080182462601924
        },
        "mis": [
            [
                0,
                2,
                4
            ],
            [
                0,
                2,
                5
            ],
            [
                0,
                3,
                5
            ],
            [
                1,
                3,
                5
            ]
        ],
        "mis_size": 3
    },
    "edges": [
        [
            0,
            1
        ],
        [
            1,
            2
        ],
        [
            2,
            3
        ],
        [
            3,
            4
        ],
        [
            4,
            5
        ]
    ]
}
