{
    "qubits": {
        "0": [
            -4.0,
            -8.0
        ],
        "1": [
            4.0,
            -8.0
        ],
        "2": [
            -4.0,
            0.0
        ],
        "3": [
            4.0,
            0.0
        ],
        "4": [
            -4.0,
            8.0
        ],
        "5": [
            4.0,
            8.0
        ]
    },
    "metadata": {
        "score": {
            "total": 0.9049464123076922,
            "gini_score": 0.6759384615384615,
            "sum_score": 1.3388
        },
        "params": {
            "rise_time": 1427,
            "fall_time": 888,
            "omega": 9.73135769939053,
            "init_detuning": 3.4211020992155907,
            "final_detuning": 2.734321835895745
        }
    }
}
