{
    "qubits": {
        "0": [
            0.0,
            -17.5
        ],
        "1": [
            0.0,
            -10.5
        ],
        "2": [
            0.0,
            -3.5
        ],
        "3": [
            0.0,
            3.5
        ],
        "4": [
            0.0,
            10.5
        ],
        "5": [
            0.0,
            17.5
        ]
    },
    "metadata": {
        "score": {
            "total": 1.7027595428571427,
            "gini_score": 0.6548571428571428,
            "sum_score": 2.6002
        },
        "params": {
            "rise_time": 649,
            "fall_time": 718,
            "omega": 8.296676168459937,
            "init_detuning": 2.0295809539184453,
            "final_detuning": 3.0813943980503424
        }
    }
}
