{
    "qubits": {
        "0": [
            -3.0,
            -6.0
        ],
        "1": [
            3.0,
            -6.0
        ],
        "2": [
            -3.0,
            0.0
        ],
        "3": [
            3.0,
            0.0
        ],
        "4": [
            -3.0,
            6.0
        ],
        "5": [
            3.0,
            6.0
        ]
    },
    "metadata": {
        "score": {
            "total": 0.8408885538461537,
            "gini_score": 0.5996923076923076,
            "sum_score": 1.4022,
            "total_normalized": 0.42044427692307684,
            "sum_normalized": 0.7011
        },
        "params": {
            "rise_time": 1046,
            "fall_time": 2069,
            "omega": 10.293450225339264,
            "init_detuning": 6.547356530324258,
            "final_detuning": 6.1918946779281665
        },
        "mis": [
            [
                0,
                5
            ],
            [
                1,
                4
            ]
        ],
        "mis_size": 2
    },
    "edges": [
        [
            0,
            1
        ],
        [
            0,
            4
        ],
        [
            0,
            3
        ],
        [
            0,
            2
        ],
        [
            1,
            2
        ],
        [
            1,
            5
        ],
        [
            1,
            3
        ],
        [
            2,
            4
        ],
        [
            2,
            3
        ],
        [
            2,
            5
        ],
        [
            4,
            3
        ],
        [
            4,
            5
        ],
        [
            3,
            5
        ]
    ]
}
