{
    "qubits": {
        "0": [
            -5.5,
            -11.0
        ],
        "1": [
            5.5,
            -11.0
        ],
        "2": [
            -5.5,
            0.0
        ],
        "3": [
            5.5,
            0.0
        ],
        "4": [
            -5.5,
            11.0
        ],
        "5": [
            5.5,
            11.0
        ]
    },
    "metadata": {
        "score": {
            "total": 1.556693008,
            "gini_score": 0.8123854545454546,
            "sum_score": 1.9162
        },
        "params": {
            "rise_time": 617,
            "fall_time": 2970,
            "omega": 4.483502012355938,
            "init_detuning": 4.081562894069088,
            "final_detuning": 3.6557409717869946
        }
    }
}
