{
    "qubits": {
        "0": [
            0.0,
            -20.0
        ],
        "1": [
            0.0,
            -12.0
        ],
        "2": [
            0.0,
            -4.0
        ],
        "3": [
            0.0,
            4.0
        ],
        "4": [
            0.0,
            12.0
        ],
        "5": [
            0.0,
            20.0
        ]
    },
    "metadata": {
        "score": {
            "total": 2.255327047058824,
            "gini_score": 0.8228117647058824,
            "sum_score": 2.741,
            "total_normalized": 0.7517756823529412,
            "sum_normalized": 0.9136666666666667
        },
        "params": {
            "rise_time": 1614,
            "fall_time": 3151,
            "omega": 12.571271418282763,
            "init_detuning": 6.552458855491625,
            "final_detuning": 5.976905709210936
        },
        "mis": [
            [
                0,
                2,
                4
            ],
            [
                0,
                2,
                5
            ],
            [
                0,
                3,
                5
            ],
            [
                1,
                3,
                5
            ]
        ],
        "mis_size": 3
    },
    "edges": [
        [
            0,
            1
        ],
        [
            1,
            2
        ],
        [
            2,
            3
        ],
        [
            3,
            4
        ],
        [
            4,
            5
        ]
    ]
}
