{
    "qubits": {
        "0": [
            -8.0,
            -4.0
        ],
        "1": [
            0.0,
            -4.0
        ],
        "2": [
            8.0,
            -4.0
        ],
        "3": [
            -8.0,
            4.0
        ],
        "4": [
            0.0,
            4.0
        ],
        "5": [
            8.0,
            4.0
        ]
    },
    "metadata": {
        "score": {
            "total": 0.9075995255172413,
            "gini_score": 0.6832275862068965,
            "sum_score": 1.3284
        },
        "params": {
            "rise_time": 750,
            "fall_time": 1234,
            "omega": 13.397212271706573,
            "init_detuning": 4.360255893577459,
            "final_detuning": 1.5135327503519873
        }
    }
}
