{
    "qubits": {
        "0": [
            0.0,
            -22.5
        ],
        "1": [
            0.0,
            -13.5
        ],
        "2": [
            0.0,
            -4.5
        ],
        "3": [
            0.0,
            4.5
        ],
        "4": [
            0.0,
            13.5
        ],
        "5": [
            0.0,
            22.5
        ]
    },
    "metadata": {
        "score": {
            "total": 1.8535407843137253,
            "gini_score": 0.8278431372549019,
            "sum_score": 2.239
        },
        "params": {
            "rise_time": 1652,
            "fall_time": 1696,
            "omega": 9.444604778714679,
            "init_detuning": 7.041312488489844,
            "final_detuning": 6.080182462601924
        }
    }
}
