{
    "qubits": {
        "0": [
            -4.5,
            -9.0
        ],
        "1": [
            4.5,
            -9.0
        ],
        "2": [
            -4.5,
            0.0
        ],
        "3": [
            4.5,
            0.0
        ],
        "4": [
            -4.5,
            9.0
        ],
        "5": [
            4.5,
            9.0
        ]
    },
    "metadata": {
        "score": {
            "total": 0.9345752617142856,
            "gini_score": 0.7300228571428571,
            "sum_score": 1.2802,
            "total_normalized": 0.4672876308571428,
            "sum_normalized": 0.6401
        },
        "params": {
            "rise_time": 708,
            "fall_time": 3011,
            "omega": 7.78324770353192,
            "init_detuning": 3.6409859473591926,
            "final_detuning": 2.0846735913205876
        },
        "mis": [
            [
                0,
                4
            ],
            [
                0,
                5
            ],
            [
                1,
                4
            ],
            [
                1,
                5
            ]
        ],
        "mis_size": 2
    },
    "edges": [
        [
            0,
            1
        ],
        [
            0,
            3
        ],
        [
            0,
            2
        ],
        [
            1,
            2
        ],
        [
            1,
            3
        ],
        [
            2,
            4
        ],
        [
            2,
            3
        ],
        [
            2,
            5
        ],
        [
            4,
            3
        ],
        [
            4,
            5
        ],
        [
            3,
            5
        ]
    ]
}
