{
    "qubits": {
        "0": [
            -10.0,
            -5.0
        ],
        "1": [
            0.0,
            -5.0
        ],
        "2": [
            10.0,
            -5.0
        ],
        "3": [
            -10.0,
            5.0
        ],
        "4": [
            0.0,
            5.0
        ],
        "5": [
            10.0,
            5.0
        ]
    },
    "metadata": {
        "score": {
            "total": 1.8961869978947368,
            "gini_score": 0.8004842105263158,
            "sum_score": 2.3688
        },
        "params": {
            "rise_time": 1105,
            "fall_time": 2830,
            "omega": 2.4236427459749765,
            "init_detuning": 2.0255543356611962,
            "final_detuning": 2.541493015835835
        }
    }
}
