{
    "qubits": {
        "0": [
            -5.0,
            -10.0
        ],
        "1": [
            5.0,
            -10.0
        ],
        "2": [
            -5.0,
            0.0
        ],
        "3": [
            5.0,
            0.0
        ],
        "4": [
            -5.0,
            10.0
        ],
        "5": [
            5.0,
            10.0
        ]
    },
    "metadata": {
        "score": {
            "total": 1.458143642352941,
            "gini_score": 0.7975843137254901,
            "sum_score": 1.8282
        },
        "params": {
            "rise_time": 255,
            "fall_time": 1687,
            "omega": 8.040808802359608,
            "init_detuning": 6.60789010419629,
            "final_detuning": 7.147408254764722
        }
    }
}
