{
    "qubits": {
        "0": [
            0.0,
            -20.0
        ],
        "1": [
            0.0,
            -12.0
        ],
        "2": [
            0.0,
            -4.0
        ],
        "3": [
            0.0,
            4.0
        ],
        "4": [
            0.0,
            12.0
        ],
        "5": [
            0.0,
            20.0
        ]
    },
    "metadata": {
        "score": {
            "total": 2.255327047058824,
            "gini_score": 0.8228117647058824,
            "sum_score": 2.741
        },
        "params": {
            "rise_time": 1614,
            "fall_time": 3151,
            "omega": 12.571271418282763,
            "init_detuning": 6.552458855491625,
            "final_detuning": 5.976905709210936
        }
    }
}
