{
    "qubits": {
        "0": [
            0.0,
            0
        ],
        "1": [
            0.0,
            7
        ],
        "2": [
            6.06217782649107,
            7
        ],
        "3": [
            0.0,
            14
        ],
        "4": [
            6.06217782649107,
            14
        ],
        "5": [
            12.12435565298214,
            14
        ]
    },
    "metadata": {
        "score": {
            "total": 0.7903126,
            "gini_score": 0.7733,
            "sum_score": 1.022
        },
        "params": {
            "rise_time": 1434,
            "fall_time": 2546,
            "omega": 8.519608128068361,
            "init_detuning": 7.9078531671879775,
            "final_detuning": 7.4557599561797065
        }
    }
}
