{
    "qubits": {
        "q0": [
            -4.0,
            -2.67
        ],
        "q1": [
            0.0,
            -2.67
        ],
        "q2": [
            4.0,
            -2.67
        ],
        "q3": [
            -2.0,
            1.33
        ],
        "q4": [
            2.0,
            1.33
        ],
        "q5": [
            0.0,
            5.33
        ]
    },
    "metadata": {
        "score": {
            "total": 0.42200836363636357,
            "gini_score": 0.49636363636363634,
            "sum_score": 0.8502
        },
        "params": {
            "rise_time": 1619,
            "fall_time": 2125,
            "omega": 8.990803060262653,
            "init_detuning": 5.610505141046466,
            "final_detuning": 7.754909205418425
        }
    }
}
