{
    "qubits": {
        "0": [
            0.0,
            0
        ],
        "1": [
            0.0,
            6
        ],
        "2": [
            5.196152422706632,
            6
        ],
        "3": [
            0.0,
            12
        ],
        "4": [
            5.196152422706632,
            12
        ],
        "5": [
            10.392304845413264,
            12
        ]
    },
    "metadata": {
        "score": {
            "total": 1.0284148249999998,
            "gini_score": 0.759875,
            "sum_score": 1.3534,
            "total_normalized": 0.5142074124999999,
            "sum_normalized": 0.6767
        },
        "params": {
            "rise_time": 987,
            "fall_time": 3106,
            "omega": 7.164455707594449,
            "init_detuning": 4.322201863125914,
            "final_detuning": 2.5946988257709354
        },
        "mis": [
            [
                0,
                5
            ]
        ],
        "mis_size": 2
    },
    "edges": [
        [
            0,
            1
        ],
        [
            0,
            4
        ],
        [
            0,
            3
        ],
        [
            0,
            2
        ],
        [
            1,
            2
        ],
        [
            1,
            5
        ],
        [
            1,
            4
        ],
        [
            1,
            3
        ],
        [
            2,
            4
        ],
        [
            2,
            3
        ],
        [
            2,
            5
        ],
        [
            4,
            3
        ],
        [
            4,
            5
        ],
        [
            3,
            5
        ]
    ]
}
