{
    "qubits": {
        "0": [
            0.0,
            0
        ],
        "1": [
            0.0,
            11
        ],
        "2": [
            9.526279441628825,
            11
        ],
        "3": [
            0.0,
            22
        ],
        "4": [
            9.526279441628825,
            22
        ],
        "5": [
            19.05255888325765,
            22
        ]
    },
    "metadata": {
        "score": {
            "total": 1.2518757809836065,
            "gini_score": 0.7361377049180328,
            "sum_score": 1.7006
        },
        "params": {
            "rise_time": 117,
            "fall_time": 1888,
            "omega": 14.679067249053515,
            "init_detuning": 5.713974989847825,
            "final_detuning": 4.083507433027454
        }
    }
}
