{
    "qubits": {
        "0": [
            0.0,
            0
        ],
        "1": [
            0.0,
            9
        ],
        "2": [
            7.794228634059947,
            9
        ],
        "3": [
            0.0,
            18
        ],
        "4": [
            7.794228634059947,
            18
        ],
        "5": [
            15.588457268119894,
            18
        ]
    },
    "metadata": {
        "score": {
            "total": 1.0490286240000002,
            "gini_score": 0.67688,
            "sum_score": 1.5498,
            "total_normalized": 0.34967620800000004,
            "sum_normalized": 0.5166000000000001
        },
        "params": {
            "rise_time": 393,
            "fall_time": 2345,
            "omega": 8.425072650154773,
            "init_detuning": 3.450423265550233,
            "final_detuning": 1.067294418145745
        },
        "mis": [
            [
                0,
                3,
                5
            ]
        ],
        "mis_size": 3
    },
    "edges": [
        [
            0,
            1
        ],
        [
            0,
            2
        ],
        [
            1,
            2
        ],
        [
            1,
            4
        ],
        [
            1,
            3
        ],
        [
            2,
            4
        ],
        [
            2,
            3
        ],
        [
            2,
            5
        ],
        [
            4,
            3
        ],
        [
            4,
            5
        ]
    ]
}
