{
    "qubits": {
        "0": [
            0.0,
            0
        ],
        "1": [
            0.0,
            8
        ],
        "2": [
            6.928203230275509,
            8
        ],
        "3": [
            0.0,
            16
        ],
        "4": [
            6.928203230275509,
            16
        ],
        "5": [
            13.856406460551018,
            16
        ]
    },
    "metadata": {
        "score": {
            "total": 1.7421702886956523,
            "gini_score": 0.7693739130434782,
            "sum_score": 2.2644,
            "total_normalized": 0.5807234295652174,
            "sum_normalized": 0.7548
        },
        "params": {
            "rise_time": 339,
            "fall_time": 1685,
            "omega": 7.001563070461753,
            "init_detuning": 5.719708792429425,
            "final_detuning": 3.9683270556061068
        },
        "mis": [
            [
                0,
                3,
                5
            ]
        ],
        "mis_size": 3
    },
    "edges": [
        [
            0,
            1
        ],
        [
            0,
            2
        ],
        [
            1,
            2
        ],
        [
            1,
            4
        ],
        [
            1,
            3
        ],
        [
            2,
            4
        ],
        [
            2,
            3
        ],
        [
            2,
            5
        ],
        [
            4,
            3
        ],
        [
            4,
            5
        ]
    ]
}
