{
    "qubits": {
        "q0": [
            -6.88,
            -5.94
        ],
        "q1": [
            0.07,
            -6.09
        ],
        "q2": [
            7.2,
            -6.1
        ],
        "q3": [
            -3.49,
            -0.23
        ],
        "q4": [
            3.84,
            -0.29
        ],
        "q5": [
            0.0,
            5.33
        ]
    },
    "metadata": {
        "score": {
            "total": 0.51470736,
            "gini_score": 0.6421,
            "sum_score": 0.8016
        },
        "params": {
            "rise_time": 555,
            "fall_time": 1010,
            "omega": 10.163336690425636,
            "init_detuning": 7.745617432194975,
            "final_detuning": 3.3303019947364447
        }
    }
}
