{
    "qubits": {
        "q0": [
            10.23,
            0.0
        ],
        "q1": [
            6.38,
            8.0
        ],
        "q2": [
            -2.28,
            9.98
        ],
        "q3": [
            -9.22,
            4.44
        ],
        "q4": [
            -9.22,
            -4.44
        ],
        "q5": [
            -2.28,
            -9.98
        ],
        "q6": [
            6.38,
            -8.0
        ]
    },
    "metadata": {
        "score": {
            "total": 2.0243556039344264,
            "gini_score": 0.7688983606557377,
            "sum_score": 2.6328
        },
        "params": {
            "rise_time": 736,
            "fall_time": 3073,
            "omega": 5.988203876629511,
            "init_detuning": 2.2397851017205728,
            "final_detuning": 4.906772788016558
        }
    }
}
