{
    "qubits": {
        "0": [
            0.0,
            0.0
        ],
        "1": [
            -3.5,
            6.06217782649107
        ],
        "2": [
            3.5,
            6.06217782649107
        ],
        "3": [
            7.0,
            0.0
        ],
        "4": [
            3.5,
            -6.06217782649107
        ],
        "5": [
            -3.5,
            -6.06217782649107
        ],
        "6": [
            -7.0,
            0.0
        ]
    },
    "metadata": {
        "score": {
            "total": 0.507369008,
            "gini_score": 0.45676,
            "sum_score": 1.1108
        },
        "params": {
            "rise_time": 940,
            "fall_time": 903,
            "omega": 14.952993624594383,
            "init_detuning": 2.5577330903774724,
            "final_detuning": 3.946251492142582
        }
    }
}
