{
    "qubits": {
        "0": [
            0.0,
            0.0
        ],
        "1": [
            -5.5,
            9.526279441628825
        ],
        "2": [
            5.5,
            9.526279441628825
        ],
        "3": [
            11.0,
            0.0
        ],
        "4": [
            5.5,
            -9.526279441628825
        ],
        "5": [
            -5.5,
            -9.526279441628825
        ],
        "6": [
            -11.0,
            0.0
        ]
    },
    "metadata": {
        "score": {
            "total": 0.6770264072727272,
            "gini_score": 0.7492545454545454,
            "sum_score": 0.9036
        },
        "params": {
            "rise_time": 529,
            "fall_time": 1097,
            "omega": 9.968887428946305,
            "init_detuning": 5.716606310813917,
            "final_detuning": 0.6855839272205504
        }
    }
}
