{
    "qubits": {
        "0": [
            0.0,
            0.0
        ],
        "1": [
            -4.5,
            7.794228634059947
        ],
        "2": [
            4.5,
            7.794228634059947
        ],
        "3": [
            9.0,
            0.0
        ],
        "4": [
            4.5,
            -7.794228634059947
        ],
        "5": [
            -4.5,
            -7.794228634059947
        ],
        "6": [
            -9.0,
            0.0
        ]
    },
    "metadata": {
        "score": {
            "total": 2.0233558008163266,
            "gini_score": 0.8381061224489795,
            "sum_score": 2.4142,
            "total_normalized": 0.6744519336054422,
            "sum_normalized": 0.8047333333333334
        },
        "params": {
            "rise_time": 370,
            "fall_time": 2407,
            "omega": 9.341659952456766,
            "init_detuning": 5.08701771754968,
            "final_detuning": 3.7555530556185
        },
        "mis": [
            [
                1,
                3,
                5
            ],
            [
                2,
                4,
                6
            ]
        ],
        "mis_size": 3
    },
    "edges": [
        [
            0,
            1
        ],
        [
            0,
            4
        ],
        [
            0,
            3
        ],
        [
            0,
            6
        ],
        [
            0,
            2
        ],
        [
            0,
            5
        ],
        [
            1,
            2
        ],
        [
            1,
            6
        ],
        [
            2,
            3
        ],
        [
            4,
            3
        ],
        [
            4,
            5
        ],
        [
            6,
            5
        ]
    ]
}
