{
    "qubits": {
        "0": [
            0.0,
            0.0
        ],
        "1": [
            -5.5,
            9.526279441628825
        ],
        "2": [
            5.5,
            9.526279441628825
        ],
        "3": [
            11.0,
            0.0
        ],
        "4": [
            5.5,
            -9.526279441628825
        ],
        "5": [
            -5.5,
            -9.526279441628825
        ],
        "6": [
            -11.0,
            0.0
        ]
    },
    "metadata": {
        "score": {
            "total": 0.6770264072727272,
            "gini_score": 0.7492545454545454,
            "sum_score": 0.9036,
            "total_normalized": 0.22567546909090908,
            "sum_normalized": 0.30119999999999997
        },
        "params": {
            "rise_time": 529,
            "fall_time": 1097,
            "omega": 9.968887428946305,
            "init_detuning": 5.716606310813917,
            "final_detuning": 0.6855839272205504
        },
        "mis": [
            [
                1,
                3,
                5
            ],
            [
                2,
                4,
                6
            ]
        ],
        "mis_size": 3
    },
    "edges": [
        [
            0,
            1
        ],
        [
            0,
            4
        ],
        [
            0,
            3
        ],
        [
            0,
            6
        ],
        [
            0,
            2
        ],
        [
            0,
            5
        ],
        [
            1,
            2
        ],
        [
            1,
            6
        ],
        [
            2,
            3
        ],
        [
            4,
            3
        ],
        [
            4,
            5
        ],
        [
            6,
            5
        ]
    ]
}
