{
    "qubits": {
        "0": [
            0.0,
            0.0
        ],
        "1": [
            -4.0,
            6.928203230275509
        ],
        "2": [
            4.0,
            6.928203230275509
        ],
        "3": [
            8.0,
            0.0
        ],
        "4": [
            4.0,
            -6.928203230275509
        ],
        "5": [
            -4.0,
            -6.928203230275509
        ],
        "6": [
            -8.0,
            0.0
        ]
    },
    "metadata": {
        "score": {
            "total": 2.1922596216216217,
            "gini_score": 0.8533513513513513,
            "sum_score": 2.569
        },
        "params": {
            "rise_time": 1478,
            "fall_time": 1113,
            "omega": 11.511217380377303,
            "init_detuning": 5.763947677609585,
            "final_detuning": 6.3927953954049475
        }
    }
}
