{
    "qubits": {
        "0": [
            0.0,
            0.0
        ],
        "1": [
            -3.0,
            5.196152422706632
        ],
        "2": [
            3.0,
            5.196152422706632
        ],
        "3": [
            6.0,
            0.0
        ],
        "4": [
            3.0,
            -5.196152422706632
        ],
        "5": [
            -3.0,
            -5.196152422706632
        ],
        "6": [
            -6.0,
            0.0
        ]
    },
    "metadata": {
        "score": {
            "total": 0.3617745473684211,
            "gini_score": 0.5343789473684211,
            "sum_score": 0.677
        },
        "params": {
            "rise_time": 410,
            "fall_time": 2806,
            "omega": 13.737125840385977,
            "init_detuning": 6.8825193569705485,
            "final_detuning": 2.682734126541125
        }
    }
}
