{
    "qubits": {
        "0": [
            0.0,
            0.0
        ],
        "1": [
            -5.0,
            8.660254037844386
        ],
        "2": [
            5.0,
            8.660254037844386
        ],
        "3": [
            10.0,
            0.0
        ],
        "4": [
            5.0,
            -8.660254037844386
        ],
        "5": [
            -5.0,
            -8.660254037844386
        ],
        "6": [
            -10.0,
            0.0
        ]
    },
    "metadata": {
        "score": {
            "total": 1.4284765214814816,
            "gini_score": 0.7695703703703705,
            "sum_score": 1.8562
        },
        "params": {
            "rise_time": 1207,
            "fall_time": 2800,
            "omega": 9.56305167053556,
            "init_detuning": 7.327578065569469,
            "final_detuning": 4.8984210108456185
        }
    }
}
