{
    "qubits": {
        "0": [
            0.0,
            -27.0
        ],
        "1": [
            0.0,
            -18.0
        ],
        "2": [
            0.0,
            -9.0
        ],
        "3": [
            0.0,
            0.0
        ],
        "4": [
            0.0,
            9.0
        ],
        "5": [
            0.0,
            18.0
        ],
        "6": [
            0.0,
            27.0
        ]
    },
    "metadata": {
        "score": {
            "total": 3.1224532752000003,
            "gini_score": 0.886104,
            "sum_score": 3.5238,
            "total_normalized": 0.7806133188000001,
            "sum_normalized": 0.88095
        },
        "params": {
            "rise_time": 1269,
            "fall_time": 1761,
            "omega": 7.6523400907466925,
            "init_detuning": 5.281075296314289,
            "final_detuning": 4.358950565067331
        },
        "mis": [
            [
                0,
                2,
                4,
                6
            ]
        ],
        "mis_size": 4
    },
    "edges": [
        [
            0,
            1
        ],
        [
            1,
            2
        ],
        [
            2,
            3
        ],
        [
            3,
            4
        ],
        [
            4,
            5
        ],
        [
            5,
            6
        ]
    ]
}
