{
    "qubits": {
        "0": [
            0.0,
            -18.0
        ],
        "1": [
            0.0,
            -12.0
        ],
        "2": [
            0.0,
            -6.0
        ],
        "3": [
            0.0,
            0.0
        ],
        "4": [
            0.0,
            6.0
        ],
        "5": [
            0.0,
            12.0
        ],
        "6": [
            0.0,
            18.0
        ]
    },
    "metadata": {
        "score": {
            "total": 0.7810334981818182,
            "gini_score": 0.5622181818181818,
            "sum_score": 1.3892
        },
        "params": {
            "rise_time": 598,
            "fall_time": 315,
            "omega": 14.253121258361164,
            "init_detuning": 3.097411195375262,
            "final_detuning": 5.490534771076338
        }
    }
}
