{
    "qubits": {
        "0": [
            0.0,
            -24.0
        ],
        "1": [
            0.0,
            -16.0
        ],
        "2": [
            0.0,
            -8.0
        ],
        "3": [
            0.0,
            0.0
        ],
        "4": [
            0.0,
            8.0
        ],
        "5": [
            0.0,
            16.0
        ],
        "6": [
            0.0,
            24.0
        ]
    },
    "metadata": {
        "score": {
            "total": 3.361394185,
            "gini_score": 0.9244249999999999,
            "sum_score": 3.6362
        },
        "params": {
            "rise_time": 1152,
            "fall_time": 2576,
            "omega": 14.816650033871678,
            "init_detuning": 5.046994619958787,
            "final_detuning": 5.146281098248999
        }
    }
}
