{
    "qubits": {
        "0": [
            0.0,
            -33.0
        ],
        "1": [
            0.0,
            -22.0
        ],
        "2": [
            0.0,
            -11.0
        ],
        "3": [
            0.0,
            0.0
        ],
        "4": [
            0.0,
            11.0
        ],
        "5": [
            0.0,
            22.0
        ],
        "6": [
            0.0,
            33.0
        ]
    },
    "metadata": {
        "score": {
            "total": 0.9819366746456692,
            "gini_score": 0.6649984251968504,
            "sum_score": 1.4766,
            "total_normalized": 0.2454841686614173,
            "sum_normalized": 0.36915
        },
        "params": {
            "rise_time": 840,
            "fall_time": 2440,
            "omega": 8.391862295976068,
            "init_detuning": 4.003311013460123,
            "final_detuning": 2.7039730165890923
        },
        "mis": [
            [
                0,
                2,
                4,
                6
            ]
        ],
        "mis_size": 4
    },
    "edges": [
        [
            0,
            1
        ],
        [
            1,
            2
        ],
        [
            2,
            3
        ],
        [
            3,
            4
        ],
        [
            4,
            5
        ],
        [
            5,
            6
        ]
    ]
}
