{
    "qubits": {
        "0": [
            0.0,
            -21.0
        ],
        "1": [
            0.0,
            -14.0
        ],
        "2": [
            0.0,
            -7.0
        ],
        "3": [
            0.0,
            0.0
        ],
        "4": [
            0.0,
            7.0
        ],
        "5": [
            0.0,
            14.0
        ],
        "6": [
            0.0,
            21.0
        ]
    },
    "metadata": {
        "score": {
            "total": 1.5908752376470587,
            "gini_score": 0.5732470588235294,
            "sum_score": 2.7752,
            "total_normalized": 0.3977188094117647,
            "sum_normalized": 0.6938
        },
        "params": {
            "rise_time": 767,
            "fall_time": 2408,
            "omega": 14.001919734227243,
            "init_detuning": 3.794825920645315,
            "final_detuning": 2.574748696219859
        },
        "mis": [
            [
                0,
                2,
                4,
                6
            ]
        ],
        "mis_size": 4
    },
    "edges": [
        [
            0,
            1
        ],
        [
            1,
            2
        ],
        [
            2,
            3
        ],
        [
            3,
            4
        ],
        [
            4,
            5
        ],
        [
            5,
            6
        ]
    ]
}
