{
    "qubits": {
        "q0": [
            -7.0,
            -7.0
        ],
        "q2": [
            7.0,
            -7.0
        ],
        "q3": [
            -7.0,
            0.0
        ],
        "q4": [
            0.0,
            0.0
        ],
        "q6": [
            -7.0,
            7.0
        ],
        "q7": [
            0.0,
            7.0
        ],
        "q8": [
            7.0,
            7.0
        ]
    },
    "metadata": {
        "score": {
            "total": 2.7331496520000003,
            "gini_score": 0.85182,
            "sum_score": 3.2086,
            "total_normalized": 0.6832874130000001,
            "sum_normalized": 0.80215
        },
        "params": {
            "rise_time": 719,
            "fall_time": 682,
            "omega": 10.787684140157591,
            "init_detuning": 5.796306214514933,
            "final_detuning": 4.8076457020989025
        },
        "mis": [
            [
                0,
                1,
                4,
                6
            ]
        ],
        "mis_size": 4
    },
    "edges": [
        [
            2,
            4
        ],
        [
            2,
            3
        ],
        [
            2,
            0
        ],
        [
            2,
            5
        ],
        [
            4,
            3
        ],
        [
            4,
            5
        ],
        [
            3,
            0
        ],
        [
            3,
            6
        ],
        [
            3,
            1
        ],
        [
            3,
            5
        ],
        [
            5,
            6
        ]
    ]
}
