{
    "qubits": {
        "q0": [
            -7.0,
            -7.0
        ],
        "q2": [
            7.0,
            -7.0
        ],
        "q3": [
            -7.0,
            0.0
        ],
        "q4": [
            0.0,
            0.0
        ],
        "q6": [
            -7.0,
            7.0
        ],
        "q7": [
            0.0,
            7.0
        ],
        "q8": [
            7.0,
            7.0
        ]
    },
    "metadata": {
        "score": {
            "total": 2.7331496520000003,
            "gini_score": 0.85182,
            "sum_score": 3.2086
        },
        "params": {
            "rise_time": 719,
            "fall_time": 682,
            "omega": 10.787684140157591,
            "init_detuning": 5.796306214514933,
            "final_detuning": 4.8076457020989025
        }
    }
}
