{
    "qubits": {
        "q0": [
            14.14,
            0.0
        ],
        "q1": [
            10.0,
            10.0
        ],
        "q2": [
            8.66e-16,
            14.14
        ],
        "q3": [
            -10.0,
            10.0
        ],
        "q4": [
            -14.14,
            1.73e-15
        ],
        "q5": [
            -10.0,
            -10.0
        ],
        "q6": [
            -2.6e-15,
            -14.14
        ],
        "q7": [
            10.0,
            -10.0
        ]
    },
    "metadata": {
        "score": {
            "total": 0.9106065952941175,
            "gini_score": 0.756192156862745,
            "sum_score": 1.2042
        },
        "params": {
            "rise_time": 1538,
            "fall_time": 1197,
            "omega": 1.2180752341814904,
            "init_detuning": 3.2903484255612905,
            "final_detuning": 0.3961192114781973
        }
    }
}
