{
    "qubits": {
        "q0": [
            4.21,
            -6.39
        ],
        "q1": [
            0.98,
            1.44
        ],
        "q2": [
            -1.9,
            9.62
        ],
        "q3": [
            -10.0,
            10.0
        ],
        "q4": [
            -14.14,
            1.73e-15
        ],
        "q5": [
            -10.0,
            -10.0
        ],
        "q6": [
            -2.6e-15,
            -14.14
        ],
        "q7": [
            8.17,
            1.31
        ]
    },
    "metadata": {
        "score": {
            "total": 1.1054256395789475,
            "gini_score": 0.6406778947368421,
            "sum_score": 1.7254,
            "total_normalized": 0.3684752131929825,
            "sum_normalized": 0.5751333333333334
        },
        "params": {
            "rise_time": 1627,
            "fall_time": 1820,
            "omega": 8.889937482339686,
            "init_detuning": 3.183474372225492,
            "final_detuning": 1.1075698947909611
        },
        "mis": [
            [
                0,
                2,
                4
            ],
            [
                0,
                2,
                5
            ],
            [
                0,
                3,
                5
            ],
            [
                1,
                3,
                5
            ],
            [
                1,
                3,
                6
            ],
            [
                1,
                4,
                6
            ],
            [
                2,
                4,
                6
            ],
            [
                3,
                5,
                7
            ],
            [
                3,
                6,
                7
            ],
            [
                4,
                6,
                7
            ]
        ],
        "mis_size": 3
    },
    "edges": [
        [
            0,
            1
        ],
        [
            0,
            7
        ],
        [
            0,
            6
        ],
        [
            1,
            2
        ],
        [
            1,
            7
        ],
        [
            7,
            2
        ],
        [
            2,
            3
        ],
        [
            3,
            4
        ],
        [
            4,
            5
        ],
        [
            6,
            5
        ]
    ]
}
