{
    "qubits": {
        "q0": [
            -7.0,
            -7.0
        ],
        "q2": [
            6.01,
            -5.95
        ],
        "q3": [
            -7.0,
            0.0
        ],
        "q4": [
            0.0,
            0.0
        ],
        "q6": [
            -7.0,
            7.0
        ],
        "q7": [
            0.0,
            7.0
        ],
        "q8": [
            6.25,
            0.75
        ],
        "q1": [
            12.9,
            -3.12
        ]
    },
    "metadata": {
        "score": {
            "total": 1.394168576,
            "gini_score": 0.7357866666666666,
            "sum_score": 1.8948
        },
        "params": {
            "rise_time": 1041,
            "fall_time": 1797,
            "omega": 10.31838524670028,
            "init_detuning": 6.406306631342223,
            "final_detuning": 5.157033835528284
        }
    }
}
