{
    "qubits": {
        "q0": [
            -7.0,
            -7.0
        ],
        "q2": [
            6.01,
            -5.95
        ],
        "q3": [
            -7.0,
            0.0
        ],
        "q4": [
            0.0,
            0.0
        ],
        "q6": [
            -7.0,
            7.0
        ],
        "q7": [
            0.0,
            7.0
        ],
        "q8": [
            6.25,
            0.75
        ],
        "q1": [
            12.9,
            -3.12
        ]
    },
    "metadata": {
        "score": {
            "total": 1.394168576,
            "gini_score": 0.7357866666666666,
            "sum_score": 1.8948,
            "total_normalized": 0.4647228586666667,
            "sum_normalized": 0.6316
        },
        "params": {
            "rise_time": 1041,
            "fall_time": 1797,
            "omega": 10.31838524670028,
            "init_detuning": 6.406306631342223,
            "final_detuning": 5.157033835528284
        },
        "mis": [
            [
                0,
                4,
                6
            ],
            [
                0,
                4,
                7
            ],
            [
                0,
                5,
                7
            ]
        ],
        "mis_size": 3
    },
    "edges": [
        [
            0,
            1
        ],
        [
            0,
            3
        ],
        [
            0,
            2
        ],
        [
            1,
            7
        ],
        [
            1,
            6
        ],
        [
            1,
            3
        ],
        [
            2,
            4
        ],
        [
            2,
            3
        ],
        [
            2,
            5
        ],
        [
            4,
            3
        ],
        [
            4,
            5
        ],
        [
            3,
            6
        ],
        [
            3,
            5
        ],
        [
            6,
            7
        ],
        [
            6,
            5
        ]
    ]
}
