{
    "qubits": {
        "q0": [
            4.21,
            -6.39
        ],
        "q1": [
            0.98,
            1.44
        ],
        "q2": [
            -1.9,
            9.62
        ],
        "q3": [
            -10.0,
            10.0
        ],
        "q4": [
            -14.14,
            1.73e-15
        ],
        "q5": [
            -10.0,
            -10.0
        ],
        "q6": [
            -2.6e-15,
            -14.14
        ],
        "q7": [
            8.17,
            1.31
        ]
    },
    "metadata": {
        "score": {
            "total": 1.1054256395789475,
            "gini_score": 0.6406778947368421,
            "sum_score": 1.7254
        },
        "params": {
            "rise_time": 1627,
            "fall_time": 1820,
            "omega": 8.889937482339686,
            "init_detuning": 3.183474372225492,
            "final_detuning": 1.1075698947909611
        }
    }
}
