{
    "qubits": {
        "0": [
            -2.75,
            -14.289419162443238
        ],
        "1": [
            8.25,
            -14.289419162443238
        ],
        "2": [
            -8.25,
            -4.763139720814412
        ],
        "3": [
            2.75,
            -4.763139720814412
        ],
        "4": [
            -2.75,
            4.763139720814412
        ],
        "5": [
            8.25,
            4.763139720814412
        ],
        "6": [
            -8.25,
            14.289419162443238
        ],
        "7": [
            2.75,
            14.289419162443238
        ]
    },
    "metadata": {
        "score": {
            "total": 1.0557383865600003,
            "gini_score": 0.8808096000000001,
            "sum_score": 1.1986
        },
        "params": {
            "rise_time": 312,
            "fall_time": 2912,
            "omega": 10.903342660756469,
            "init_detuning": 3.674660505372495,
            "final_detuning": 5.646667034660945
        }
    }
}
