{
    "qubits": {
        "0": [
            -1.5,
            -7.794228634059948
        ],
        "1": [
            4.5,
            -7.794228634059948
        ],
        "2": [
            -4.5,
            -2.598076211353316
        ],
        "3": [
            1.5,
            -2.598076211353316
        ],
        "4": [
            -1.5,
            2.598076211353316
        ],
        "5": [
            4.5,
            2.598076211353316
        ],
        "6": [
            -4.5,
            7.794228634059948
        ],
        "7": [
            1.5,
            7.794228634059948
        ]
    },
    "metadata": {
        "score": {
            "total": 1.1252791767741936,
            "gini_score": 0.7543096774193548,
            "sum_score": 1.4918
        },
        "params": {
            "rise_time": 904,
            "fall_time": 3208,
            "omega": 8.8420943207577,
            "init_detuning": 6.412888344436135,
            "final_detuning": 5.8077695821918685
        }
    }
}
