{
    "qubits": {
        "0": [
            -1.75,
            -9.093266739736606
        ],
        "1": [
            5.25,
            -9.093266739736606
        ],
        "2": [
            -5.25,
            -3.031088913245535
        ],
        "3": [
            1.75,
            -3.031088913245535
        ],
        "4": [
            -1.75,
            3.031088913245535
        ],
        "5": [
            5.25,
            3.031088913245535
        ],
        "6": [
            -5.25,
            9.093266739736606
        ],
        "7": [
            1.75,
            9.093266739736606
        ]
    },
    "metadata": {
        "score": {
            "total": 0.594303396923077,
            "gini_score": 0.6980307692307692,
            "sum_score": 0.8514
        },
        "params": {
            "rise_time": 111,
            "fall_time": 1034,
            "omega": 11.764801735165678,
            "init_detuning": 1.285320472354948,
            "final_detuning": 0.4617869307141538
        }
    }
}
