{
    "qubits": {
        "0": [
            -2.5,
            -12.990381056766578
        ],
        "1": [
            7.5,
            -12.990381056766578
        ],
        "2": [
            -7.5,
            -4.330127018922193
        ],
        "3": [
            2.5,
            -4.330127018922193
        ],
        "4": [
            -2.5,
            4.330127018922193
        ],
        "5": [
            7.5,
            4.330127018922193
        ],
        "6": [
            -7.5,
            12.990381056766578
        ],
        "7": [
            2.5,
            12.990381056766578
        ]
    },
    "metadata": {
        "score": {
            "total": 1.3401452390977444,
            "gini_score": 0.8898706766917294,
            "sum_score": 1.506
        },
        "params": {
            "rise_time": 379,
            "fall_time": 1715,
            "omega": 8.174341682632559,
            "init_detuning": 2.6066561649932734,
            "final_detuning": 7.482903704383308
        }
    }
}
