{
    "qubits": {
        "0": [
            -2.0,
            -10.392304845413264
        ],
        "1": [
            6.0,
            -10.392304845413264
        ],
        "2": [
            -6.0,
            -3.4641016151377544
        ],
        "3": [
            2.0,
            -3.4641016151377544
        ],
        "4": [
            -2.0,
            3.4641016151377544
        ],
        "5": [
            6.0,
            3.4641016151377544
        ],
        "6": [
            -6.0,
            10.392304845413264
        ],
        "7": [
            2.0,
            10.392304845413264
        ]
    },
    "metadata": {
        "score": {
            "total": 2.2272931360000006,
            "gini_score": 0.8358200000000001,
            "sum_score": 2.6648
        },
        "params": {
            "rise_time": 1550,
            "fall_time": 1310,
            "omega": 6.793339949460776,
            "init_detuning": 6.441052676471006,
            "final_detuning": 7.967892815957166
        }
    }
}
