{
    "qubits": {
        "0": [
            -2.25,
            -11.69134295108992
        ],
        "1": [
            6.75,
            -11.69134295108992
        ],
        "2": [
            -6.75,
            -3.8971143170299736
        ],
        "3": [
            2.25,
            -3.8971143170299736
        ],
        "4": [
            -2.25,
            3.8971143170299736
        ],
        "5": [
            6.75,
            3.8971143170299736
        ],
        "6": [
            -6.75,
            11.69134295108992
        ],
        "7": [
            2.25,
            11.69134295108992
        ]
    },
    "metadata": {
        "score": {
            "total": 2.3459825427272727,
            "gini_score": 0.8452772727272727,
            "sum_score": 2.7754
        },
        "params": {
            "rise_time": 281,
            "fall_time": 2231,
            "omega": 6.719936478461432,
            "init_detuning": 3.924665106775622,
            "final_detuning": 4.274643852484374
        }
    }
}
