{
    "qubits": {
        "0": [
            -3.0,
            -9.0
        ],
        "1": [
            3.0,
            -9.0
        ],
        "2": [
            -3.0,
            -3.0
        ],
        "3": [
            3.0,
            -3.0
        ],
        "4": [
            -3.0,
            3.0
        ],
        "5": [
            3.0,
            3.0
        ],
        "6": [
            -3.0,
            9.0
        ],
        "7": [
            3.0,
            9.0
        ]
    },
    "metadata": {
        "score": {
            "total": 0.9323358057142858,
            "gini_score": 0.6784571428571429,
            "sum_score": 1.3742
        },
        "params": {
            "rise_time": 497,
            "fall_time": 2113,
            "omega": 6.5708944354813745,
            "init_detuning": 1.2596596310670929,
            "final_detuning": 4.177271012501475
        }
    }
}
