{
    "qubits": {
        "0": [
            -5.0,
            -15.0
        ],
        "1": [
            5.0,
            -15.0
        ],
        "2": [
            -5.0,
            -5.0
        ],
        "3": [
            5.0,
            -5.0
        ],
        "4": [
            -5.0,
            5.0
        ],
        "5": [
            5.0,
            5.0
        ],
        "6": [
            -5.0,
            15.0
        ],
        "7": [
            5.0,
            15.0
        ]
    },
    "metadata": {
        "score": {
            "total": 1.6705521642105265,
            "gini_score": 0.6844842105263159,
            "sum_score": 2.4406
        },
        "params": {
            "rise_time": 1400,
            "fall_time": 1779,
            "omega": 8.726392340399421,
            "init_detuning": 3.563134633229329,
            "final_detuning": 1.3274440620697554
        }
    }
}
