{
    "qubits": {
        "0": [
            0.0,
            -31.5
        ],
        "1": [
            0.0,
            -22.5
        ],
        "2": [
            0.0,
            -13.5
        ],
        "3": [
            0.0,
            -4.5
        ],
        "4": [
            0.0,
            4.5
        ],
        "5": [
            0.0,
            13.5
        ],
        "6": [
            0.0,
            22.5
        ],
        "7": [
            0.0,
            31.5
        ]
    },
    "metadata": {
        "score": {
            "total": 2.570220904109589,
            "gini_score": 0.7679178082191781,
            "sum_score": 3.347
        },
        "params": {
            "rise_time": 1547,
            "fall_time": 3224,
            "omega": 7.572376710585584,
            "init_detuning": 3.6145543021441866,
            "final_detuning": 1.8486209906495636
        }
    }
}
