{
    "qubits": {
        "0": [
            0.0,
            -31.5
        ],
        "1": [
            0.0,
            -22.5
        ],
        "2": [
            0.0,
            -13.5
        ],
        "3": [
            0.0,
            -4.5
        ],
        "4": [
            0.0,
            4.5
        ],
        "5": [
            0.0,
            13.5
        ],
        "6": [
            0.0,
            22.5
        ],
        "7": [
            0.0,
            31.5
        ]
    },
    "metadata": {
        "score": {
            "total": 2.570220904109589,
            "gini_score": 0.7679178082191781,
            "sum_score": 3.347,
            "total_normalized": 0.6425552260273972,
            "sum_normalized": 0.83675
        },
        "params": {
            "rise_time": 1547,
            "fall_time": 3224,
            "omega": 7.572376710585584,
            "init_detuning": 3.6145543021441866,
            "final_detuning": 1.8486209906495636
        },
        "mis": [
            [
                0,
                2,
                4,
                6
            ],
            [
                0,
                2,
                4,
                7
            ],
            [
                0,
                2,
                5,
                7
            ],
            [
                0,
                3,
                5,
                7
            ],
            [
                1,
                3,
                5,
                7
            ]
        ],
        "mis_size": 4
    },
    "edges": [
        [
            0,
            1
        ],
        [
            1,
            2
        ],
        [
            2,
            3
        ],
        [
            3,
            4
        ],
        [
            4,
            5
        ],
        [
            6,
            7
        ],
        [
            6,
            5
        ]
    ]
}
