{
    "qubits": {
        "0": [
            -3.5,
            -10.5
        ],
        "1": [
            3.5,
            -10.5
        ],
        "2": [
            -3.5,
            -3.5
        ],
        "3": [
            3.5,
            -3.5
        ],
        "4": [
            -3.5,
            3.5
        ],
        "5": [
            3.5,
            3.5
        ],
        "6": [
            -3.5,
            10.5
        ],
        "7": [
            3.5,
            10.5
        ]
    },
    "metadata": {
        "score": {
            "total": 0.9210794285714285,
            "gini_score": 0.6435714285714286,
            "sum_score": 1.4312,
            "total_normalized": 0.4605397142857143,
            "sum_normalized": 0.7156
        },
        "params": {
            "rise_time": 1419,
            "fall_time": 2514,
            "omega": 10.832805429311666,
            "init_detuning": 1.2756149062182751,
            "final_detuning": 6.089771376787153
        },
        "mis": [
            [
                0,
                4
            ],
            [
                0,
                5
            ],
            [
                0,
                6
            ],
            [
                0,
                7
            ],
            [
                1,
                4
            ],
            [
                1,
                5
            ],
            [
                1,
                6
            ],
            [
                1,
                7
            ],
            [
                2,
                6
            ],
            [
                2,
                7
            ],
            [
                3,
                6
            ],
            [
                3,
                7
            ]
        ],
        "mis_size": 2
    },
    "edges": [
        [
            0,
            1
        ],
        [
            0,
            3
        ],
        [
            0,
            2
        ],
        [
            1,
            2
        ],
        [
            1,
            3
        ],
        [
            2,
            4
        ],
        [
            2,
            3
        ],
        [
            2,
            5
        ],
        [
            4,
            3
        ],
        [
            4,
            6
        ],
        [
            4,
            5
        ],
        [
            4,
            7
        ],
        [
            3,
            5
        ],
        [
            6,
            7
        ],
        [
            6,
            5
        ],
        [
            5,
            7
        ]
    ]
}
