{
    "qubits": {
        "0": [
            -5.5,
            -16.5
        ],
        "1": [
            5.5,
            -16.5
        ],
        "2": [
            -5.5,
            -5.5
        ],
        "3": [
            5.5,
            -5.5
        ],
        "4": [
            -5.5,
            5.5
        ],
        "5": [
            5.5,
            5.5
        ],
        "6": [
            -5.5,
            16.5
        ],
        "7": [
            5.5,
            16.5
        ]
    },
    "metadata": {
        "score": {
            "total": 1.2166595041322312,
            "gini_score": 0.6403471074380165,
            "sum_score": 1.9
        },
        "params": {
            "rise_time": 457,
            "fall_time": 2781,
            "omega": 8.081489165658432,
            "init_detuning": 7.822234930160953,
            "final_detuning": 0.05627003949446152
        }
    }
}
