{
    "qubits": {
        "0": [
            0.0,
            -24.5
        ],
        "1": [
            0.0,
            -17.5
        ],
        "2": [
            0.0,
            -10.5
        ],
        "3": [
            0.0,
            -3.5
        ],
        "4": [
            0.0,
            3.5
        ],
        "5": [
            0.0,
            10.5
        ],
        "6": [
            0.0,
            17.5
        ],
        "7": [
            0.0,
            24.5
        ]
    },
    "metadata": {
        "score": {
            "total": 2.690065016470588,
            "gini_score": 0.7570823529411764,
            "sum_score": 3.5532,
            "total_normalized": 0.672516254117647,
            "sum_normalized": 0.8883
        },
        "params": {
            "rise_time": 1040,
            "fall_time": 2834,
            "omega": 9.633087278906908,
            "init_detuning": 5.582206981883447,
            "final_detuning": 6.757737376583065
        },
        "mis": [
            [
                0,
                2,
                4,
                6
            ],
            [
                0,
                2,
                4,
                7
            ],
            [
                0,
                2,
                5,
                7
            ],
            [
                0,
                3,
                5,
                7
            ],
            [
                1,
                3,
                5,
                7
            ]
        ],
        "mis_size": 4
    },
    "edges": [
        [
            0,
            1
        ],
        [
            1,
            2
        ],
        [
            2,
            3
        ],
        [
            3,
            4
        ],
        [
            4,
            5
        ],
        [
            6,
            7
        ],
        [
            6,
            5
        ]
    ]
}
