{
    "qubits": {
        "0": [
            -4.5,
            -13.5
        ],
        "1": [
            4.5,
            -13.5
        ],
        "2": [
            -4.5,
            -4.5
        ],
        "3": [
            4.5,
            -4.5
        ],
        "4": [
            -4.5,
            4.5
        ],
        "5": [
            4.5,
            4.5
        ],
        "6": [
            -4.5,
            13.5
        ],
        "7": [
            4.5,
            13.5
        ]
    },
    "metadata": {
        "score": {
            "total": 0.8281950799999999,
            "gini_score": 0.814351111111111,
            "sum_score": 1.017
        },
        "params": {
            "rise_time": 1471,
            "fall_time": 2342,
            "omega": 9.422535993184514,
            "init_detuning": 1.4018834039994035,
            "final_detuning": 2.1500666992833386
        }
    }
}
