{
    "qubits": {
        "0": [
            -4.0,
            -12.0
        ],
        "1": [
            4.0,
            -12.0
        ],
        "2": [
            -4.0,
            -4.0
        ],
        "3": [
            4.0,
            -4.0
        ],
        "4": [
            -4.0,
            4.0
        ],
        "5": [
            4.0,
            4.0
        ],
        "6": [
            -4.0,
            12.0
        ],
        "7": [
            4.0,
            12.0
        ]
    },
    "metadata": {
        "score": {
            "total": 0.7431492,
            "gini_score": 0.6315,
            "sum_score": 1.1768
        },
        "params": {
            "rise_time": 1406,
            "fall_time": 3002,
            "omega": 12.224604394267727,
            "init_detuning": 3.3516674281817473,
            "final_detuning": 0.5337872735067526
        }
    }
}
