{
    "qubits": {
        "0": [
            0.0,
            -35.0
        ],
        "1": [
            0.0,
            -25.0
        ],
        "2": [
            0.0,
            -15.0
        ],
        "3": [
            0.0,
            -5.0
        ],
        "4": [
            0.0,
            5.0
        ],
        "5": [
            0.0,
            15.0
        ],
        "6": [
            0.0,
            25.0
        ],
        "7": [
            0.0,
            35.0
        ]
    },
    "metadata": {
        "score": {
            "total": 2.6038854000000002,
            "gini_score": 0.779,
            "sum_score": 3.3426,
            "total_normalized": 0.6509713500000001,
            "sum_normalized": 0.83565
        },
        "params": {
            "rise_time": 729,
            "fall_time": 3280,
            "omega": 4.207506267458592,
            "init_detuning": 4.64573358007523,
            "final_detuning": 1.3138858936755549
        },
        "mis": [
            [
                0,
                2,
                4,
                6
            ],
            [
                0,
                2,
                4,
                7
            ],
            [
                0,
                2,
                5,
                7
            ],
            [
                0,
                3,
                5,
                7
            ],
            [
                1,
                3,
                5,
                7
            ]
        ],
        "mis_size": 4
    },
    "edges": [
        [
            0,
            1
        ],
        [
            1,
            2
        ],
        [
            2,
            3
        ],
        [
            3,
            4
        ],
        [
            4,
            5
        ],
        [
            6,
            7
        ],
        [
            6,
            5
        ]
    ]
}
