{
    "qubits": {
        "0": [
            0.0,
            -21.0
        ],
        "1": [
            0.0,
            -15.0
        ],
        "2": [
            0.0,
            -9.0
        ],
        "3": [
            0.0,
            -3.0
        ],
        "4": [
            0.0,
            3.0
        ],
        "5": [
            0.0,
            9.0
        ],
        "6": [
            0.0,
            15.0
        ],
        "7": [
            0.0,
            21.0
        ]
    },
    "metadata": {
        "score": {
            "total": 0.6681106923636364,
            "gini_score": 0.4747127272727273,
            "sum_score": 1.4074,
            "total_normalized": 0.22270356412121214,
            "sum_normalized": 0.46913333333333335
        },
        "params": {
            "rise_time": 1095,
            "fall_time": 2061,
            "omega": 12.97754150062775,
            "init_detuning": 3.6078138249784093,
            "final_detuning": 1.1854124103568253
        },
        "mis": [
            [
                0,
                3,
                6
            ],
            [
                0,
                3,
                7
            ],
            [
                0,
                4,
                7
            ],
            [
                1,
                4,
                7
            ]
        ],
        "mis_size": 3
    },
    "edges": [
        [
            0,
            1
        ],
        [
            0,
            2
        ],
        [
            1,
            2
        ],
        [
            1,
            3
        ],
        [
            2,
            4
        ],
        [
            2,
            3
        ],
        [
            4,
            3
        ],
        [
            4,
            6
        ],
        [
            4,
            5
        ],
        [
            3,
            5
        ],
        [
            6,
            7
        ],
        [
            6,
            5
        ],
        [
            5,
            7
        ]
    ]
}
