{
    "qubits": {
        "0": [
            -3.0,
            -9.0
        ],
        "1": [
            3.0,
            -9.0
        ],
        "2": [
            -3.0,
            -3.0
        ],
        "3": [
            3.0,
            -3.0
        ],
        "4": [
            -3.0,
            3.0
        ],
        "5": [
            3.0,
            3.0
        ],
        "6": [
            -3.0,
            9.0
        ],
        "7": [
            3.0,
            9.0
        ]
    },
    "metadata": {
        "score": {
            "total": 0.9323358057142858,
            "gini_score": 0.6784571428571429,
            "sum_score": 1.3742,
            "total_normalized": 0.4661679028571429,
            "sum_normalized": 0.6871
        },
        "params": {
            "rise_time": 497,
            "fall_time": 2113,
            "omega": 6.5708944354813745,
            "init_detuning": 1.2596596310670929,
            "final_detuning": 4.177271012501475
        },
        "mis": [
            [
                0,
                5
            ],
            [
                0,
                6
            ],
            [
                0,
                7
            ],
            [
                1,
                4
            ],
            [
                1,
                6
            ],
            [
                1,
                7
            ],
            [
                2,
                7
            ],
            [
                3,
                6
            ]
        ],
        "mis_size": 2
    },
    "edges": [
        [
            3,
            4
        ],
        [
            3,
            7
        ],
        [
            3,
            1
        ],
        [
            3,
            5
        ],
        [
            3,
            0
        ],
        [
            3,
            2
        ],
        [
            4,
            6
        ],
        [
            4,
            5
        ],
        [
            4,
            2
        ],
        [
            4,
            0
        ],
        [
            4,
            7
        ],
        [
            7,
            5
        ],
        [
            7,
            6
        ],
        [
            6,
            5
        ],
        [
            6,
            2
        ],
        [
            5,
            2
        ],
        [
            5,
            1
        ],
        [
            0,
            2
        ],
        [
            0,
            1
        ],
        [
            2,
            1
        ]
    ]
}
