{
    "qubits": {
        "0": [
            0.0,
            -28.0
        ],
        "1": [
            0.0,
            -20.0
        ],
        "2": [
            0.0,
            -12.0
        ],
        "3": [
            0.0,
            -4.0
        ],
        "4": [
            0.0,
            4.0
        ],
        "5": [
            0.0,
            12.0
        ],
        "6": [
            0.0,
            20.0
        ],
        "7": [
            0.0,
            28.0
        ]
    },
    "metadata": {
        "score": {
            "total": 3.428560788732395,
            "gini_score": 0.8958873239436621,
            "sum_score": 3.827
        },
        "params": {
            "rise_time": 1593,
            "fall_time": 2346,
            "omega": 11.648671501649872,
            "init_detuning": 3.7667738668577933,
            "final_detuning": 5.707026466687943
        }
    }
}
