{
    "qubits": {
        "0": [
            -3.5,
            -10.5
        ],
        "1": [
            3.5,
            -10.5
        ],
        "2": [
            -3.5,
            -3.5
        ],
        "3": [
            3.5,
            -3.5
        ],
        "4": [
            -3.5,
            3.5
        ],
        "5": [
            3.5,
            3.5
        ],
        "6": [
            -3.5,
            10.5
        ],
        "7": [
            3.5,
            10.5
        ]
    },
    "metadata": {
        "score": {
            "total": 0.9210794285714285,
            "gini_score": 0.6435714285714286,
            "sum_score": 1.4312
        },
        "params": {
            "rise_time": 1419,
            "fall_time": 2514,
            "omega": 10.832805429311666,
            "init_detuning": 1.2756149062182751,
            "final_detuning": 6.089771376787153
        }
    }
}
