{
    "qubits": {
        "0": [
            0.0,
            -21.0
        ],
        "1": [
            0.0,
            -15.0
        ],
        "2": [
            0.0,
            -9.0
        ],
        "3": [
            0.0,
            -3.0
        ],
        "4": [
            0.0,
            3.0
        ],
        "5": [
            0.0,
            9.0
        ],
        "6": [
            0.0,
            15.0
        ],
        "7": [
            0.0,
            21.0
        ]
    },
    "metadata": {
        "score": {
            "total": 0.6681106923636364,
            "gini_score": 0.4747127272727273,
            "sum_score": 1.4074
        },
        "params": {
            "rise_time": 1095,
            "fall_time": 2061,
            "omega": 12.97754150062775,
            "init_detuning": 3.6078138249784093,
            "final_detuning": 1.1854124103568253
        }
    }
}
