{
    "qubits": {
        "q0": [
            -7.0,
            -7.0
        ],
        "q2": [
            7.0,
            -7.0
        ],
        "q3": [
            -7.0,
            0.0
        ],
        "q4": [
            0.0,
            0.0
        ],
        "q6": [
            -7.0,
            7.0
        ],
        "q7": [
            0.0,
            7.0
        ],
        "q8": [
            7.0,
            7.0
        ],
        "q1": [
            10.94,
            -0.12
        ]
    },
    "metadata": {
        "score": {
            "total": 2.680381904,
            "gini_score": 0.85406,
            "sum_score": 3.1384
        },
        "params": {
            "rise_time": 536,
            "fall_time": 2577,
            "omega": 12.801639182718972,
            "init_detuning": 7.74604670933939,
            "final_detuning": 4.340989569745947
        }
    }
}
