{
    "qubits": {
        "0": [
            -5.833333333333334,
            -6.06217782649107
        ],
        "1": [
            1.1666666666666665,
            -6.06217782649107
        ],
        "2": [
            8.166666666666666,
            -6.06217782649107
        ],
        "3": [
            -9.333333333333334,
            1.9737298215558337e-16
        ],
        "4": [
            -2.3333333333333335,
            1.9737298215558337e-16
        ],
        "5": [
            4.666666666666666,
            1.9737298215558337e-16
        ],
        "6": [
            -5.833333333333334,
            6.06217782649107
        ],
        "7": [
            1.1666666666666665,
            6.06217782649107
        ],
        "8": [
            8.166666666666666,
            6.06217782649107
        ]
    },
    "metadata": {
        "score": {
            "total": 0.7045520152380952,
            "gini_score": 0.6676952380952381,
            "sum_score": 1.0552
        },
        "params": {
            "rise_time": 836,
            "fall_time": 1543,
            "omega": 3.9396111725244154,
            "init_detuning": 3.9957055843547655,
            "final_detuning": 0.5814867724682014
        }
    }
}
