{
    "qubits": {
        "0": [
            -7.5,
            -7.794228634059947
        ],
        "1": [
            1.5,
            -7.794228634059947
        ],
        "2": [
            10.5,
            -7.794228634059947
        ],
        "3": [
            -12.0,
            -1.9737298215558337e-16
        ],
        "4": [
            -3.0,
            -1.9737298215558337e-16
        ],
        "5": [
            6.0,
            -1.9737298215558337e-16
        ],
        "6": [
            -7.5,
            7.794228634059947
        ],
        "7": [
            1.5,
            7.794228634059947
        ],
        "8": [
            10.5,
            7.794228634059947
        ]
    },
    "metadata": {
        "score": {
            "total": 2.2799215329729727,
            "gini_score": 0.8383297297297297,
            "sum_score": 2.7196
        },
        "params": {
            "rise_time": 569,
            "fall_time": 2971,
            "omega": 10.057306525062387,
            "init_detuning": 6.342110103217504,
            "final_detuning": 4.020331280192135
        }
    }
}
