{
    "qubits": {
        "0": [
            -6.666666666666666,
            -6.928203230275509
        ],
        "1": [
            1.3333333333333335,
            -6.928203230275509
        ],
        "2": [
            9.333333333333334,
            -6.928203230275509
        ],
        "3": [
            -10.666666666666666,
            1.9737298215558337e-16
        ],
        "4": [
            -2.6666666666666665,
            1.9737298215558337e-16
        ],
        "5": [
            5.333333333333334,
            1.9737298215558337e-16
        ],
        "6": [
            -6.666666666666666,
            6.928203230275509
        ],
        "7": [
            1.3333333333333335,
            6.928203230275509
        ],
        "8": [
            9.333333333333334,
            6.928203230275509
        ]
    },
    "metadata": {
        "score": {
            "total": 2.770753027764706,
            "gini_score": 0.8780988235294118,
            "sum_score": 3.1554
        },
        "params": {
            "rise_time": 1192,
            "fall_time": 1674,
            "omega": 13.850899154510664,
            "init_detuning": 5.376371660963606,
            "final_detuning": 5.8286217064357
        }
    }
}
