{
    "qubits": {
        "0": [
            -8.333333333333334,
            -8.660254037844386
        ],
        "1": [
            1.6666666666666665,
            -8.660254037844386
        ],
        "2": [
            11.666666666666666,
            -8.660254037844386
        ],
        "3": [
            -13.333333333333334,
            0.0
        ],
        "4": [
            -3.3333333333333335,
            0.0
        ],
        "5": [
            6.666666666666666,
            0.0
        ],
        "6": [
            -8.333333333333334,
            8.660254037844386
        ],
        "7": [
            1.6666666666666665,
            8.660254037844386
        ],
        "8": [
            11.666666666666666,
            8.660254037844386
        ]
    },
    "metadata": {
        "score": {
            "total": 2.0418459179084967,
            "gini_score": 0.8179816993464053,
            "sum_score": 2.4962
        },
        "params": {
            "rise_time": 1021,
            "fall_time": 2159,
            "omega": 5.128825647771497,
            "init_detuning": 1.4939566195545688,
            "final_detuning": 2.6130308510483458
        }
    }
}
