{
    "qubits": {
        "0": [
            -9.166666666666666,
            -9.526279441628825
        ],
        "1": [
            1.8333333333333335,
            -9.526279441628825
        ],
        "2": [
            12.833333333333334,
            -9.526279441628825
        ],
        "3": [
            -14.666666666666666,
            3.9474596431116675e-16
        ],
        "4": [
            -3.6666666666666665,
            3.9474596431116675e-16
        ],
        "5": [
            7.333333333333334,
            3.9474596431116675e-16
        ],
        "6": [
            -9.166666666666666,
            9.526279441628825
        ],
        "7": [
            1.8333333333333335,
            9.526279441628825
        ],
        "8": [
            12.833333333333334,
            9.526279441628825
        ]
    },
    "metadata": {
        "score": {
            "total": 2.173484429752066,
            "gini_score": 0.811001652892562,
            "sum_score": 2.68
        },
        "params": {
            "rise_time": 1223,
            "fall_time": 2737,
            "omega": 3.0336088983960514,
            "init_detuning": 1.7942799773063267,
            "final_detuning": 1.4935763413301313
        }
    }
}
