{
    "qubits": {
        "0": [
            -5.0,
            -5.196152422706632
        ],
        "1": [
            1.0,
            -5.196152422706632
        ],
        "2": [
            7.0,
            -5.196152422706632
        ],
        "3": [
            -8.0,
            0.0
        ],
        "4": [
            -2.0,
            0.0
        ],
        "5": [
            4.0,
            0.0
        ],
        "6": [
            -5.0,
            5.196152422706632
        ],
        "7": [
            1.0,
            5.196152422706632
        ],
        "8": [
            7.0,
            5.196152422706632
        ]
    },
    "metadata": {
        "score": {
            "total": 0.48526306199999997,
            "gini_score": 0.74817,
            "sum_score": 0.6486
        },
        "params": {
            "rise_time": 912,
            "fall_time": 893,
            "omega": 10.987510106488115,
            "init_detuning": 6.415148503610637,
            "final_detuning": 0.849645273364569
        }
    }
}
