{
    "qubits": {
        "q0": [
            -8.75,
            -7.28
        ],
        "q1": [
            -0.74,
            -7.77
        ],
        "q2": [
            8.18,
            -8.2
        ],
        "q3": [
            -4.99,
            0.24
        ],
        "q4": [
            3.84,
            -0.29
        ],
        "q5": [
            -1.08,
            7.85
        ],
        "q6": [
            12.74,
            -0.83
        ],
        "q7": [
            8.27,
            7.53
        ],
        "q8": [
            16.98,
            7.46
        ]
    },
    "metadata": {
        "score": {
            "total": 3.035303454117647,
            "gini_score": 0.8982313725490195,
            "sum_score": 3.3792,
            "total_normalized": 0.7588258635294117,
            "sum_normalized": 0.8448
        },
        "params": {
            "rise_time": 853,
            "fall_time": 3303,
            "omega": 11.323730999096888,
            "init_detuning": 5.660423927756981,
            "final_detuning": 4.377299870235843
        },
        "mis": [
            [
                0,
                8,
                2,
                5
            ]
        ],
        "mis_size": 4
    },
    "edges": [
        [
            0,
            1
        ],
        [
            0,
            3
        ],
        [
            1,
            2
        ],
        [
            1,
            4
        ],
        [
            1,
            3
        ],
        [
            2,
            4
        ],
        [
            2,
            6
        ],
        [
            4,
            3
        ],
        [
            4,
            6
        ],
        [
            4,
            5
        ],
        [
            4,
            7
        ],
        [
            3,
            5
        ],
        [
            6,
            8
        ],
        [
            6,
            7
        ],
        [
            8,
            7
        ],
        [
            5,
            7
        ]
    ]
}
