{
    "qubits": {
        "0": [
            -7.0,
            -7.0
        ],
        "1": [
            0.0,
            -7.0
        ],
        "2": [
            7.0,
            -7.0
        ],
        "3": [
            -7.0,
            0.0
        ],
        "4": [
            0.0,
            0.0
        ],
        "5": [
            7.0,
            0.0
        ],
        "6": [
            -7.0,
            7.0
        ],
        "7": [
            0.0,
            7.0
        ],
        "8": [
            7.0,
            7.0
        ]
    },
    "metadata": {
        "score": {
            "total": 2.8530831471999996,
            "gini_score": 0.849992,
            "sum_score": 3.3566,
            "total_normalized": 0.7132707867999999,
            "sum_normalized": 0.83915
        },
        "params": {
            "rise_time": 440,
            "fall_time": 1752,
            "omega": 4.201427406776688,
            "init_detuning": 5.074938043527901,
            "final_detuning": 3.3165487278676764
        },
        "mis": [
            [
                0,
                8,
                2,
                6
            ]
        ],
        "mis_size": 4
    },
    "edges": [
        [
            3,
            4
        ],
        [
            3,
            7
        ],
        [
            3,
            1
        ],
        [
            3,
            6
        ],
        [
            3,
            0
        ],
        [
            4,
            6
        ],
        [
            4,
            5
        ],
        [
            4,
            8
        ],
        [
            4,
            2
        ],
        [
            4,
            0
        ],
        [
            4,
            7
        ],
        [
            4,
            1
        ],
        [
            7,
            5
        ],
        [
            7,
            6
        ],
        [
            7,
            8
        ],
        [
            5,
            2
        ],
        [
            5,
            1
        ],
        [
            5,
            8
        ],
        [
            2,
            1
        ],
        [
            1,
            0
        ]
    ]
}
