{
    "qubits": {
        "0": [
            -6.0,
            -6.0
        ],
        "1": [
            0.0,
            -6.0
        ],
        "2": [
            6.0,
            -6.0
        ],
        "3": [
            -6.0,
            0.0
        ],
        "4": [
            0.0,
            0.0
        ],
        "5": [
            6.0,
            0.0
        ],
        "6": [
            -6.0,
            6.0
        ],
        "7": [
            0.0,
            6.0
        ],
        "8": [
            6.0,
            6.0
        ]
    },
    "metadata": {
        "score": {
            "total": 0.5582845342372882,
            "gini_score": 0.666528813559322,
            "sum_score": 0.8376
        },
        "params": {
            "rise_time": 86,
            "fall_time": 866,
            "omega": 12.880572288193223,
            "init_detuning": 5.621946599025398,
            "final_detuning": 0.4617124451661745
        }
    }
}
