{
    "qubits": {
        "0": [
            -9.0,
            -9.0
        ],
        "1": [
            0.0,
            -9.0
        ],
        "2": [
            9.0,
            -9.0
        ],
        "3": [
            -9.0,
            0.0
        ],
        "4": [
            0.0,
            0.0
        ],
        "5": [
            9.0,
            0.0
        ],
        "6": [
            -9.0,
            9.0
        ],
        "7": [
            0.0,
            9.0
        ],
        "8": [
            9.0,
            9.0
        ]
    },
    "metadata": {
        "score": {
            "total": 2.062772465,
            "gini_score": 0.825175,
            "sum_score": 2.4998,
            "total_normalized": 0.51569311625,
            "sum_normalized": 0.62495
        },
        "params": {
            "rise_time": 817,
            "fall_time": 3181,
            "omega": 11.17831092403817,
            "init_detuning": 7.82643017669531,
            "final_detuning": 3.309878204266975
        },
        "mis": [
            [
                0,
                8,
                2,
                6
            ]
        ],
        "mis_size": 4
    },
    "edges": [
        [
            3,
            4
        ],
        [
            3,
            7
        ],
        [
            3,
            1
        ],
        [
            3,
            6
        ],
        [
            3,
            0
        ],
        [
            4,
            6
        ],
        [
            4,
            5
        ],
        [
            4,
            8
        ],
        [
            4,
            2
        ],
        [
            4,
            0
        ],
        [
            4,
            7
        ],
        [
            4,
            1
        ],
        [
            7,
            5
        ],
        [
            7,
            6
        ],
        [
            7,
            8
        ],
        [
            5,
            2
        ],
        [
            5,
            1
        ],
        [
            5,
            8
        ],
        [
            2,
            1
        ],
        [
            1,
            0
        ]
    ]
}
