{
    "qubits": {
        "0": [
            0.0,
            -44.0
        ],
        "1": [
            0.0,
            -33.0
        ],
        "2": [
            0.0,
            -22.0
        ],
        "3": [
            0.0,
            -11.0
        ],
        "4": [
            0.0,
            0.0
        ],
        "5": [
            0.0,
            11.0
        ],
        "6": [
            0.0,
            22.0
        ],
        "7": [
            0.0,
            33.0
        ],
        "8": [
            0.0,
            44.0
        ]
    },
    "metadata": {
        "score": {
            "total": 1.3791999376842103,
            "gini_score": 0.6947410526315788,
            "sum_score": 1.9852
        },
        "params": {
            "rise_time": 1001,
            "fall_time": 2889,
            "omega": 12.850773020707937,
            "init_detuning": 3.2270793363746977,
            "final_detuning": 1.2680776110212184
        }
    }
}
