{
    "qubits": {
        "0": [
            0.0,
            -28.0
        ],
        "1": [
            0.0,
            -21.0
        ],
        "2": [
            0.0,
            -14.0
        ],
        "3": [
            0.0,
            -7.0
        ],
        "4": [
            0.0,
            0.0
        ],
        "5": [
            0.0,
            7.0
        ],
        "6": [
            0.0,
            14.0
        ],
        "7": [
            0.0,
            21.0
        ],
        "8": [
            0.0,
            28.0
        ]
    },
    "metadata": {
        "score": {
            "total": 4.22487788235294,
            "gini_score": 0.9017882352941176,
            "sum_score": 4.685,
            "total_normalized": 0.8449755764705881,
            "sum_normalized": 0.9369999999999999
        },
        "params": {
            "rise_time": 1572,
            "fall_time": 2128,
            "omega": 14.309183139485272,
            "init_detuning": 6.617590293238726,
            "final_detuning": 6.256500261895273
        },
        "mis": [
            [
                0,
                2,
                4,
                6,
                8
            ]
        ],
        "mis_size": 5
    },
    "edges": [
        [
            0,
            1
        ],
        [
            1,
            2
        ],
        [
            2,
            3
        ],
        [
            3,
            4
        ],
        [
            4,
            5
        ],
        [
            6,
            7
        ],
        [
            6,
            5
        ],
        [
            7,
            8
        ]
    ]
}
