{
    "qubits": {
        "0": [
            0.0,
            -24.0
        ],
        "1": [
            0.0,
            -18.0
        ],
        "2": [
            0.0,
            -12.0
        ],
        "3": [
            0.0,
            -6.0
        ],
        "4": [
            0.0,
            0.0
        ],
        "5": [
            0.0,
            6.0
        ],
        "6": [
            0.0,
            12.0
        ],
        "7": [
            0.0,
            18.0
        ],
        "8": [
            0.0,
            24.0
        ]
    },
    "metadata": {
        "score": {
            "total": 0.7247753348314606,
            "gini_score": 0.6184089887640449,
            "sum_score": 1.172,
            "total_normalized": 0.24159177827715353,
            "sum_normalized": 0.39066666666666666
        },
        "params": {
            "rise_time": 775,
            "fall_time": 1078,
            "omega": 4.966084254247104,
            "init_detuning": 2.2247628569536437,
            "final_detuning": 2.1241542826244793
        },
        "mis": [
            [
                0,
                3,
                6
            ],
            [
                0,
                3,
                7
            ],
            [
                0,
                8,
                3
            ],
            [
                0,
                4,
                7
            ],
            [
                0,
                8,
                4
            ],
            [
                0,
                8,
                5
            ],
            [
                1,
                4,
                7
            ],
            [
                8,
                1,
                4
            ],
            [
                8,
                1,
                5
            ],
            [
                8,
                2,
                5
            ]
        ],
        "mis_size": 3
    },
    "edges": [
        [
            0,
            1
        ],
        [
            0,
            2
        ],
        [
            1,
            2
        ],
        [
            1,
            3
        ],
        [
            2,
            4
        ],
        [
            2,
            3
        ],
        [
            4,
            3
        ],
        [
            4,
            6
        ],
        [
            4,
            5
        ],
        [
            3,
            5
        ],
        [
            6,
            8
        ],
        [
            6,
            7
        ],
        [
            6,
            5
        ],
        [
            8,
            7
        ],
        [
            5,
            7
        ]
    ]
}
