{
    "qubits": {
        "0": [
            -11.0,
            -11.0
        ],
        "1": [
            0.0,
            -11.0
        ],
        "2": [
            11.0,
            -11.0
        ],
        "3": [
            -11.0,
            0.0
        ],
        "4": [
            0.0,
            0.0
        ],
        "5": [
            11.0,
            0.0
        ],
        "6": [
            -11.0,
            11.0
        ],
        "7": [
            0.0,
            11.0
        ],
        "8": [
            11.0,
            11.0
        ]
    },
    "metadata": {
        "score": {
            "total": 1.8728029894736842,
            "gini_score": 0.7777421052631579,
            "sum_score": 2.408
        },
        "params": {
            "rise_time": 666,
            "fall_time": 2499,
            "omega": 7.034111294170721,
            "init_detuning": 3.105023214110232,
            "final_detuning": 4.748975173656805
        }
    }
}
