{
    "qubits": {
        "0": [
            0.0,
            -40.0
        ],
        "1": [
            0.0,
            -30.0
        ],
        "2": [
            0.0,
            -20.0
        ],
        "3": [
            0.0,
            -10.0
        ],
        "4": [
            0.0,
            0.0
        ],
        "5": [
            0.0,
            10.0
        ],
        "6": [
            0.0,
            20.0
        ],
        "7": [
            0.0,
            30.0
        ],
        "8": [
            0.0,
            40.0
        ]
    },
    "metadata": {
        "score": {
            "total": 1.8046437030567686,
            "gini_score": 0.8339388646288209,
            "sum_score": 2.164
        },
        "params": {
            "rise_time": 511,
            "fall_time": 2767,
            "omega": 8.70664814158874,
            "init_detuning": 3.4894301411883815,
            "final_detuning": 5.694835009667335
        }
    }
}
