{
    "qubits": {
        "0": [
            -7.0,
            -7.0
        ],
        "1": [
            0.0,
            -7.0
        ],
        "2": [
            7.0,
            -7.0
        ],
        "3": [
            -7.0,
            0.0
        ],
        "4": [
            0.0,
            0.0
        ],
        "5": [
            7.0,
            0.0
        ],
        "6": [
            -7.0,
            7.0
        ],
        "7": [
            0.0,
            7.0
        ],
        "8": [
            7.0,
            7.0
        ]
    },
    "metadata": {
        "score": {
            "total": 2.8530831471999996,
            "gini_score": 0.849992,
            "sum_score": 3.3566
        },
        "params": {
            "rise_time": 440,
            "fall_time": 1752,
            "omega": 4.201427406776688,
            "init_detuning": 5.074938043527901,
            "final_detuning": 3.3165487278676764
        }
    }
}
