{
    "qubits": {
        "0": [
            0.0,
            -32.0
        ],
        "1": [
            0.0,
            -24.0
        ],
        "2": [
            0.0,
            -16.0
        ],
        "3": [
            0.0,
            -8.0
        ],
        "4": [
            0.0,
            0.0
        ],
        "5": [
            0.0,
            8.0
        ],
        "6": [
            0.0,
            16.0
        ],
        "7": [
            0.0,
            24.0
        ],
        "8": [
            0.0,
            32.0
        ]
    },
    "metadata": {
        "score": {
            "total": 2.4539265352380952,
            "gini_score": 0.6733047619047619,
            "sum_score": 3.6446,
            "total_normalized": 0.490785307047619,
            "sum_normalized": 0.72892
        },
        "params": {
            "rise_time": 1469,
            "fall_time": 1339,
            "omega": 3.158892283102647,
            "init_detuning": 7.277027911694204,
            "final_detuning": 1.8168823585354001
        },
        "mis": [
            [
                0,
                2,
                4,
                6,
                8
            ]
        ],
        "mis_size": 5
    },
    "edges": [
        [
            0,
            1
        ],
        [
            1,
            2
        ],
        [
            2,
            3
        ],
        [
            3,
            4
        ],
        [
            4,
            5
        ],
        [
            6,
            7
        ],
        [
            6,
            5
        ],
        [
            7,
            8
        ]
    ]
}
