{
    "qubits": {
        "0": [
            -8.0,
            -8.0
        ],
        "1": [
            0.0,
            -8.0
        ],
        "2": [
            8.0,
            -8.0
        ],
        "3": [
            -8.0,
            0.0
        ],
        "4": [
            0.0,
            0.0
        ],
        "5": [
            8.0,
            0.0
        ],
        "6": [
            -8.0,
            8.0
        ],
        "7": [
            0.0,
            8.0
        ],
        "8": [
            8.0,
            8.0
        ]
    },
    "metadata": {
        "score": {
            "total": 2.2315090368421053,
            "gini_score": 0.8488052631578948,
            "sum_score": 2.629,
            "total_normalized": 0.5578772592105263,
            "sum_normalized": 0.65725
        },
        "params": {
            "rise_time": 861,
            "fall_time": 2815,
            "omega": 7.67792797365986,
            "init_detuning": 6.025888924947577,
            "final_detuning": 5.410422782246084
        },
        "mis": [
            [
                0,
                8,
                2,
                6
            ]
        ],
        "mis_size": 4
    },
    "edges": [
        [
            3,
            4
        ],
        [
            3,
            7
        ],
        [
            3,
            1
        ],
        [
            3,
            6
        ],
        [
            3,
            0
        ],
        [
            4,
            6
        ],
        [
            4,
            5
        ],
        [
            4,
            8
        ],
        [
            4,
            2
        ],
        [
            4,
            0
        ],
        [
            4,
            7
        ],
        [
            4,
            1
        ],
        [
            7,
            5
        ],
        [
            7,
            6
        ],
        [
            7,
            8
        ],
        [
            5,
            2
        ],
        [
            5,
            1
        ],
        [
            5,
            8
        ],
        [
            2,
            1
        ],
        [
            1,
            0
        ]
    ]
}
