{
    "qubits": {
        "0": [
            0.0,
            -36.0
        ],
        "1": [
            0.0,
            -27.0
        ],
        "2": [
            0.0,
            -18.0
        ],
        "3": [
            0.0,
            -9.0
        ],
        "4": [
            0.0,
            0.0
        ],
        "5": [
            0.0,
            9.0
        ],
        "6": [
            0.0,
            18.0
        ],
        "7": [
            0.0,
            27.0
        ],
        "8": [
            0.0,
            36.0
        ]
    },
    "metadata": {
        "score": {
            "total": 4.0219394600000005,
            "gini_score": 0.918209090909091,
            "sum_score": 4.3802,
            "total_normalized": 0.804387892,
            "sum_normalized": 0.87604
        },
        "params": {
            "rise_time": 1485,
            "fall_time": 3171,
            "omega": 11.042349721311904,
            "init_detuning": 7.158737820078947,
            "final_detuning": 6.376041086054878
        },
        "mis": [
            [
                0,
                2,
                4,
                6,
                8
            ]
        ],
        "mis_size": 5
    },
    "edges": [
        [
            0,
            1
        ],
        [
            1,
            2
        ],
        [
            2,
            3
        ],
        [
            3,
            4
        ],
        [
            4,
            5
        ],
        [
            6,
            7
        ],
        [
            6,
            5
        ],
        [
            7,
            8
        ]
    ]
}
