{
    "qubits": {
        "0": [
            -4.2,
            -10.392304845413264
        ],
        "1": [
            1.7999999999999998,
            -10.392304845413264
        ],
        "2": [
            -1.2000000000000002,
            -5.196152422706632
        ],
        "3": [
            4.8,
            -5.196152422706632
        ],
        "4": [
            -4.2,
            0.0
        ],
        "5": [
            1.7999999999999998,
            0.0
        ],
        "6": [
            -1.2000000000000002,
            5.196152422706632
        ],
        "7": [
            4.8,
            5.196152422706632
        ],
        "8": [
            -4.2,
            10.392304845413264
        ],
        "9": [
            1.7999999999999998,
            10.392304845413264
        ]
    },
    "metadata": {}
}
