{
    "qubits": {
        "0": [
            -7.0,
            -17.32050807568877
        ],
        "1": [
            3.0,
            -17.32050807568877
        ],
        "2": [
            -2.0,
            -8.660254037844386
        ],
        "3": [
            8.0,
            -8.660254037844386
        ],
        "4": [
            -7.0,
            0.0
        ],
        "5": [
            3.0,
            0.0
        ],
        "6": [
            -2.0,
            8.660254037844386
        ],
        "7": [
            8.0,
            8.660254037844386
        ],
        "8": [
            -7.0,
            17.32050807568877
        ],
        "9": [
            3.0,
            17.32050807568877
        ]
    },
    "metadata": {
        "mis": [
            [
                0,
                3,
                4,
                7,
                8
            ]
        ],
        "mis_size": 5
    },
    "edges": [
        [
            0,
            1
        ],
        [
            0,
            2
        ],
        [
            1,
            2
        ],
        [
            1,
            3
        ],
        [
            2,
            4
        ],
        [
            2,
            3
        ],
        [
            2,
            5
        ],
        [
            4,
            6
        ],
        [
            4,
            5
        ],
        [
            6,
            9
        ],
        [
            6,
            8
        ],
        [
            6,
            7
        ],
        [
            6,
            5
        ],
        [
            9,
            7
        ],
        [
            9,
            8
        ],
        [
            5,
            7
        ],
        [
            5,
            3
        ]
    ]
}
