{
    "qubits": {
        "0": [
            -4.9,
            -12.12435565298214
        ],
        "1": [
            2.0999999999999996,
            -12.12435565298214
        ],
        "2": [
            -1.4000000000000004,
            -6.06217782649107
        ],
        "3": [
            5.6,
            -6.06217782649107
        ],
        "4": [
            -4.9,
            3.552713678800501e-16
        ],
        "5": [
            2.0999999999999996,
            3.552713678800501e-16
        ],
        "6": [
            -1.4000000000000004,
            6.06217782649107
        ],
        "7": [
            5.6,
            6.06217782649107
        ],
        "8": [
            -4.9,
            12.12435565298214
        ],
        "9": [
            2.0999999999999996,
            12.12435565298214
        ]
    },
    "metadata": {}
}
