{
    "qubits": {
        "0": [
            -6.3,
            -15.588457268119894
        ],
        "1": [
            2.7,
            -15.588457268119894
        ],
        "2": [
            -1.7999999999999998,
            -7.794228634059947
        ],
        "3": [
            7.2,
            -7.794228634059947
        ],
        "4": [
            -6.3,
            -3.552713678800501e-16
        ],
        "5": [
            2.7,
            -3.552713678800501e-16
        ],
        "6": [
            -1.7999999999999998,
            7.794228634059947
        ],
        "7": [
            7.2,
            7.794228634059947
        ],
        "8": [
            -6.3,
            15.588457268119894
        ],
        "9": [
            2.7,
            15.588457268119894
        ]
    },
    "metadata": {}
}
