{
    "qubits": {
        "0": [
            -4.9,
            -12.12435565298214
        ],
        "1": [
            2.0999999999999996,
            -12.12435565298214
        ],
        "2": [
            -1.4000000000000004,
            -6.06217782649107
        ],
        "3": [
            5.6,
            -6.06217782649107
        ],
        "4": [
            -4.9,
            3.552713678800501e-16
        ],
        "5": [
            2.0999999999999996,
            3.552713678800501e-16
        ],
        "6": [
            -1.4000000000000004,
            6.06217782649107
        ],
        "7": [
            5.6,
            6.06217782649107
        ],
        "8": [
            -4.9,
            12.12435565298214
        ],
        "9": [
            2.0999999999999996,
            12.12435565298214
        ]
    },
    "metadata": {
        "mis": [
            [
                0,
                8,
                5
            ],
            [
                1,
                4,
                9
            ]
        ],
        "mis_size": 3
    },
    "edges": [
        [
            3,
            4
        ],
        [
            3,
            7
        ],
        [
            3,
            1
        ],
        [
            3,
            5
        ],
        [
            3,
            0
        ],
        [
            3,
            2
        ],
        [
            4,
            6
        ],
        [
            4,
            5
        ],
        [
            4,
            8
        ],
        [
            4,
            2
        ],
        [
            4,
            0
        ],
        [
            4,
            7
        ],
        [
            7,
            5
        ],
        [
            7,
            9
        ],
        [
            7,
            6
        ],
        [
            7,
            8
        ],
        [
            6,
            8
        ],
        [
            6,
            5
        ],
        [
            6,
            2
        ],
        [
            6,
            9
        ],
        [
            5,
            2
        ],
        [
            5,
            9
        ],
        [
            5,
            1
        ],
        [
            0,
            2
        ],
        [
            0,
            1
        ],
        [
            2,
            1
        ],
        [
            8,
            9
        ]
    ]
}
