{
    "qubits": {
        "0": [
            2.272727272727273,
            -43.301270189221924
        ],
        "1": [
            -2.727272727272727,
            -34.64101615137754
        ],
        "2": [
            2.272727272727273,
            -25.98076211353316
        ],
        "3": [
            -2.727272727272727,
            -17.32050807568877
        ],
        "4": [
            2.272727272727273,
            -8.660254037844384
        ],
        "5": [
            -2.727272727272727,
            1.2918958832001822e-15
        ],
        "6": [
            2.272727272727273,
            8.660254037844387
        ],
        "7": [
            -2.727272727272727,
            17.32050807568877
        ],
        "8": [
            2.272727272727273,
            25.98076211353316
        ],
        "9": [
            -2.727272727272727,
            34.64101615137754
        ],
        "10": [
            2.272727272727273,
            43.301270189221924
        ]
    },
    "metadata": {
        "mis": [
            [
                0,
                2,
                4,
                6,
                8,
                10
            ]
        ],
        "mis_size": 6
    },
    "edges": [
        [
            0,
            1
        ],
        [
            1,
            2
        ],
        [
            9,
            10
        ],
        [
            9,
            8
        ],
        [
            2,
            3
        ],
        [
            3,
            4
        ],
        [
            4,
            5
        ],
        [
            6,
            7
        ],
        [
            6,
            5
        ],
        [
            7,
            8
        ]
    ]
}
