{
    "qubits": {
        "0": [
            1.5909090909090908,
            -30.31088913245535
        ],
        "1": [
            -1.9090909090909092,
            -24.24871130596428
        ],
        "2": [
            1.5909090909090908,
            -18.186533479473212
        ],
        "3": [
            -1.9090909090909092,
            -12.124355652982143
        ],
        "4": [
            1.5909090909090908,
            -6.062177826491071
        ],
        "5": [
            -1.9090909090909092,
            -9.689219124001365e-16
        ],
        "6": [
            1.5909090909090908,
            6.0621778264910695
        ],
        "7": [
            -1.9090909090909092,
            12.124355652982139
        ],
        "8": [
            1.5909090909090908,
            18.186533479473212
        ],
        "9": [
            -1.9090909090909092,
            24.24871130596428
        ],
        "10": [
            1.5909090909090908,
            30.31088913245535
        ]
    },
    "metadata": {}
}
