{
    "qubits": {
        "0": [
            2.0454545454545454,
            -38.97114317029973
        ],
        "1": [
            -2.4545454545454546,
            -31.17691453623979
        ],
        "2": [
            2.0454545454545454,
            -23.382685902179844
        ],
        "3": [
            -2.4545454545454546,
            -15.588457268119894
        ],
        "4": [
            2.0454545454545454,
            -7.794228634059948
        ],
        "5": [
            -2.4545454545454546,
            -6.459479416000911e-16
        ],
        "6": [
            2.0454545454545454,
            7.794228634059946
        ],
        "7": [
            -2.4545454545454546,
            15.588457268119894
        ],
        "8": [
            2.0454545454545454,
            23.382685902179844
        ],
        "9": [
            -2.4545454545454546,
            31.17691453623979
        ],
        "10": [
            2.0454545454545454,
            38.97114317029973
        ]
    },
    "metadata": {}
}
