{
    "qubits": {
        "0": [
            1.8181818181818183,
            -34.64101615137754
        ],
        "1": [
            -2.1818181818181817,
            -27.712812921102035
        ],
        "2": [
            1.8181818181818183,
            -20.784609690826528
        ],
        "3": [
            -2.1818181818181817,
            -13.856406460551018
        ],
        "4": [
            1.8181818181818183,
            -6.92820323027551
        ],
        "5": [
            -2.1818181818181817,
            -6.459479416000911e-16
        ],
        "6": [
            1.8181818181818183,
            6.928203230275508
        ],
        "7": [
            -2.1818181818181817,
            13.856406460551018
        ],
        "8": [
            1.8181818181818183,
            20.784609690826528
        ],
        "9": [
            -2.1818181818181817,
            27.712812921102035
        ],
        "10": [
            1.8181818181818183,
            34.64101615137754
        ]
    },
    "metadata": {
        "mis": [
            [
                0,
                2,
                4,
                6,
                8,
                10
            ]
        ],
        "mis_size": 6
    },
    "edges": [
        [
            0,
            1
        ],
        [
            1,
            2
        ],
        [
            9,
            10
        ],
        [
            9,
            8
        ],
        [
            2,
            3
        ],
        [
            3,
            4
        ],
        [
            4,
            5
        ],
        [
            6,
            7
        ],
        [
            6,
            5
        ],
        [
            7,
            8
        ]
    ]
}
