{
    "qubits": {
        "0": [
            1.3636363636363635,
            -25.980762113533157
        ],
        "1": [
            -1.6363636363636365,
            -20.784609690826528
        ],
        "2": [
            1.3636363636363635,
            -15.588457268119896
        ],
        "3": [
            -1.6363636363636365,
            -10.392304845413264
        ],
        "4": [
            1.3636363636363635,
            -5.196152422706632
        ],
        "5": [
            -1.6363636363636365,
            3.2297397080004555e-16
        ],
        "6": [
            1.3636363636363635,
            5.196152422706632
        ],
        "7": [
            -1.6363636363636365,
            10.392304845413264
        ],
        "8": [
            1.3636363636363635,
            15.588457268119896
        ],
        "9": [
            -1.6363636363636365,
            20.784609690826528
        ],
        "10": [
            1.3636363636363635,
            25.980762113533157
        ]
    },
    "metadata": {}
}
