{
    "qubits": {
        "q0": [
            -5.89,
            -6.66
        ],
        "q1": [
            1.44,
            -1.82
        ],
        "q2": [
            -1.91,
            0.82
        ],
        "q3": [
            5.35,
            5.63
        ]
    },
    "metadata": {
        "score": {
            "total": 1.649495904,
            "gini_score": 0.86352,
            "sum_score": 1.9102
        },
        "params": {
            "rise_time": 2241,
            "fall_time": 2020,
            "omega": 9.908209019688131,
            "init_detuning": 4.361413933380862,
            "final_detuning": 4.9788123142264125
        },
        "mis": [
            [
                0,
                3
            ]
        ],
        "mis_size": 2
    },
    "edges": [
        [
            0,
            1
        ],
        [
            0,
            2
        ],
        [
            1,
            2
        ],
        [
            1,
            3
        ],
        [
            2,
            3
        ]
    ]
}
