{
    "qubits": {
        "0": [
            -5.25,
            -3.031088913245535
        ],
        "1": [
            1.75,
            -3.031088913245535
        ],
        "2": [
            -1.75,
            3.031088913245535
        ],
        "3": [
            5.25,
            3.031088913245535
        ]
    },
    "metadata": {
        "mis": [
            [
                0
            ],
            [
                1
            ],
            [
                2
            ],
            [
                3
            ]
        ],
        "mis_size": 1
    },
    "edges": [
        [
            0,
            1
        ],
        [
            0,
            3
        ],
        [
            0,
            2
        ],
        [
            1,
            2
        ],
        [
            1,
            3
        ],
        [
            2,
            3
        ]
    ]
}
