{
    "qubits": {
        "0": [
            -7.5,
            -4.330127018922193
        ],
        "1": [
            2.5,
            -4.330127018922193
        ],
        "2": [
            -2.5,
            4.330127018922193
        ],
        "3": [
            7.5,
            4.330127018922193
        ]
    },
    "metadata": {
        "mis": [
            [
                0,
                3
            ]
        ],
        "mis_size": 2
    },
    "edges": [
        [
            0,
            1
        ],
        [
            0,
            2
        ],
        [
            1,
            2
        ],
        [
            1,
            3
        ],
        [
            2,
            3
        ]
    ]
}
