{
    "qubits": {
        "0": [
            -7.5,
            -4.330127018922193
        ],
        "1": [
            2.5,
            -4.330127018922193
        ],
        "2": [
            -2.5,
            4.330127018922193
        ],
        "3": [
            7.5,
            4.330127018922193
        ]
    },
    "metadata": {}
}
