{
    "qubits": {
        "0": [
            1.5,
            -7.794228634059948
        ],
        "1": [
            -1.5,
            -2.598076211353316
        ],
        "2": [
            1.5,
            2.598076211353316
        ],
        "3": [
            -1.5,
            7.794228634059948
        ]
    },
    "metadata": {
        "mis": [
            [
                0,
                3
            ]
        ],
        "mis_size": 2
    },
    "edges": [
        [
            0,
            1
        ],
        [
            0,
            2
        ],
        [
            1,
            2
        ],
        [
            1,
            3
        ],
        [
            2,
            3
        ]
    ]
}
