{
    "qubits": {
        "0": [
            -4.5,
            -2.598076211353316
        ],
        "1": [
            1.5,
            -2.598076211353316
        ],
        "2": [
            -1.5,
            2.598076211353316
        ],
        "3": [
            4.5,
            2.598076211353316
        ]
    },
    "metadata": {
        "mis": [
            [
                0
            ],
            [
                1
            ],
            [
                2
            ],
            [
                3
            ]
        ],
        "mis_size": 1
    },
    "edges": [
        [
            0,
            1
        ],
        [
            0,
            3
        ],
        [
            0,
            2
        ],
        [
            1,
            2
        ],
        [
            1,
            3
        ],
        [
            2,
            3
        ]
    ]
}
