{
    "qubits": {
        "q0": [
            -2.0,
            -2.0
        ],
        "q1": [
            2.0,
            -2.0
        ],
        "q2": [
            -2.0,
            2.0
        ],
        "q3": [
            2.0,
            2.0
        ]
    },
    "metadata": {
        "score": {
            "total": 0.16379702399999999,
            "gini_score": 0.40584,
            "sum_score": 0.4036
        },
        "params": {
            "rise_time": 2298,
            "fall_time": 1457,
            "omega": 11.406293801350387,
            "init_detuning": 6.754009248721884,
            "final_detuning": 0.310076366307071
        },
        "mis": [
            [
                0
            ],
            [
                1
            ],
            [
                2
            ],
            [
                3
            ]
        ],
        "mis_size": 1
    },
    "edges": [
        [
            0,
            1
        ],
        [
            0,
            3
        ],
        [
            0,
            2
        ],
        [
            1,
            2
        ],
        [
            1,
            3
        ],
        [
            2,
            3
        ]
    ]
}
