{
    "qubits": {
        "0": [
            -11.25,
            -3.8971143170299736
        ],
        "1": [
            -2.25,
            -3.8971143170299736
        ],
        "2": [
            6.75,
            -3.8971143170299736
        ],
        "3": [
            -6.75,
            3.8971143170299736
        ],
        "4": [
            2.25,
            3.8971143170299736
        ],
        "5": [
            11.25,
            3.8971143170299736
        ]
    },
    "metadata": {
        "score": {
            "total": 1.8427259438297874,
            "gini_score": 0.7810808510638299,
            "sum_score": 2.3592
        },
        "params": {
            "rise_time": 1796,
            "fall_time": 1815,
            "omega": 8.941982966381293,
            "init_detuning": 4.683450052989975,
            "final_detuning": 7.517018447522863
        }
    }
}
