{
    "qubits": {
        "0": [
            -8.75,
            -3.031088913245535
        ],
        "1": [
            -1.75,
            -3.031088913245535
        ],
        "2": [
            5.25,
            -3.031088913245535
        ],
        "3": [
            -5.25,
            3.031088913245535
        ],
        "4": [
            1.75,
            3.031088913245535
        ],
        "5": [
            8.75,
            3.031088913245535
        ]
    },
    "metadata": {
        "score": {
            "total": 1.3877728615384617,
            "gini_score": 0.7331076923076923,
            "sum_score": 1.893
        },
        "params": {
            "rise_time": 482,
            "fall_time": 1402,
            "omega": 4.8946354217168,
            "init_detuning": 4.843991822240514,
            "final_detuning": 5.78888980469106
        },
        "mis": [
            [
                0,
                2
            ],
            [
                0,
                5
            ],
            [
                3,
                5
            ]
        ],
        "mis_size": 2
    },
    "edges": [
        [
            0,
            1
        ],
        [
            0,
            4
        ],
        [
            0,
            3
        ],
        [
            1,
            2
        ],
        [
            1,
            5
        ],
        [
            1,
            4
        ],
        [
            1,
            3
        ],
        [
            2,
            4
        ],
        [
            2,
            3
        ],
        [
            2,
            5
        ],
        [
            4,
            3
        ],
        [
            4,
            5
        ]
    ]
}
