{
    "qubits": {
        "0": [
            -2.333333333333333,
            -6.06217782649107
        ],
        "1": [
            4.666666666666667,
            -6.06217782649107
        ],
        "2": [
            -5.833333333333333,
            0.0
        ],
        "3": [
            1.166666666666667,
            0.0
        ],
        "4": [
            -2.333333333333333,
            6.06217782649107
        ],
        "5": [
            4.666666666666667,
            6.06217782649107
        ]
    },
    "metadata": {
        "mis": [
            [
                0,
                5
            ],
            [
                1,
                4
            ]
        ],
        "mis_size": 2
    },
    "edges": [
        [
            0,
            1
        ],
        [
            0,
            4
        ],
        [
            0,
            3
        ],
        [
            0,
            2
        ],
        [
            1,
            2
        ],
        [
            1,
            5
        ],
        [
            1,
            3
        ],
        [
            2,
            4
        ],
        [
            2,
            3
        ],
        [
            2,
            5
        ],
        [
            4,
            3
        ],
        [
            4,
            5
        ],
        [
            3,
            5
        ]
    ]
}
