{
    "qubits": {
        "0": [
            -3.666666666666666,
            -9.526279441628825
        ],
        "1": [
            7.333333333333334,
            -9.526279441628825
        ],
        "2": [
            -9.166666666666666,
            0.0
        ],
        "3": [
            1.833333333333334,
            0.0
        ],
        "4": [
            -3.666666666666666,
            9.526279441628825
        ],
        "5": [
            7.333333333333334,
            9.526279441628825
        ]
    },
    "metadata": {}
}
