{
    "qubits": {
        "0": [
            -7.5,
            -2.598076211353316
        ],
        "1": [
            -1.5,
            -2.598076211353316
        ],
        "2": [
            4.5,
            -2.598076211353316
        ],
        "3": [
            -4.5,
            2.598076211353316
        ],
        "4": [
            1.5,
            2.598076211353316
        ],
        "5": [
            7.5,
            2.598076211353316
        ]
    },
    "metadata": {
        "score": {
            "total": 1.5527292923076923,
            "gini_score": 0.7834153846153846,
            "sum_score": 1.982
        },
        "params": {
            "rise_time": 1675,
            "fall_time": 2127,
            "omega": 9.923029964322835,
            "init_detuning": 6.20988223575476,
            "final_detuning": 7.4353954522731325
        },
        "mis": [
            [
                0,
                5
            ]
        ],
        "mis_size": 2
    },
    "edges": [
        [
            0,
            1
        ],
        [
            0,
            4
        ],
        [
            0,
            3
        ],
        [
            0,
            2
        ],
        [
            1,
            2
        ],
        [
            1,
            5
        ],
        [
            1,
            4
        ],
        [
            1,
            3
        ],
        [
            2,
            4
        ],
        [
            2,
            3
        ],
        [
            2,
            5
        ],
        [
            4,
            3
        ],
        [
            4,
            5
        ],
        [
            3,
            5
        ]
    ]
}
