{
    "qubits": {
        "0": [
            -3.333333333333334,
            -8.660254037844386
        ],
        "1": [
            6.666666666666666,
            -8.660254037844386
        ],
        "2": [
            -8.333333333333334,
            0.0
        ],
        "3": [
            1.666666666666666,
            0.0
        ],
        "4": [
            -3.333333333333334,
            8.660254037844386
        ],
        "5": [
            6.666666666666666,
            8.660254037844386
        ]
    },
    "metadata": {}
}
