{
    "qubits": {
        "0": [
            -2.0,
            -5.196152422706632
        ],
        "1": [
            4.0,
            -5.196152422706632
        ],
        "2": [
            -5.0,
            0.0
        ],
        "3": [
            1.0,
            0.0
        ],
        "4": [
            -2.0,
            5.196152422706632
        ],
        "5": [
            4.0,
            5.196152422706632
        ]
    },
    "metadata": {}
}
