{
    "qubits": {
        "0": [
            -2.666666666666667,
            -6.928203230275509
        ],
        "1": [
            5.333333333333333,
            -6.928203230275509
        ],
        "2": [
            -6.666666666666667,
            0.0
        ],
        "3": [
            1.333333333333333,
            0.0
        ],
        "4": [
            -2.666666666666667,
            6.928203230275509
        ],
        "5": [
            5.333333333333333,
            6.928203230275509
        ]
    },
    "metadata": {}
}
