{
    "qubits": {
        "0": [
            -3.0,
            -7.794228634059947
        ],
        "1": [
            6.0,
            -7.794228634059947
        ],
        "2": [
            -7.5,
            0.0
        ],
        "3": [
            1.5,
            0.0
        ],
        "4": [
            -3.0,
            7.794228634059947
        ],
        "5": [
            6.0,
            7.794228634059947
        ]
    },
    "metadata": {}
}
