{
    "qubits": {
        "0": [
            -13.75,
            -4.763139720814412
        ],
        "1": [
            -2.75,
            -4.763139720814412
        ],
        "2": [
            8.25,
            -4.763139720814412
        ],
        "3": [
            -8.25,
            4.763139720814412
        ],
        "4": [
            2.75,
            4.763139720814412
        ],
        "5": [
            13.75,
            4.763139720814412
        ]
    },
    "metadata": {
        "score": {
            "total": 4.172942982857142,
            "gini_score": 0.8315285714285714,
            "sum_score": 5.0184
        },
        "params": {
            "rise_time": 1637,
            "fall_time": 521,
            "omega": 5.7029977944334584,
            "init_detuning": 4.5903456970695835,
            "final_detuning": 7.994887091568025
        }
    }
}
