{
    "qubits": {
        "0": [
            -2.0,
            -5.196152422706632
        ],
        "1": [
            4.0,
            -5.196152422706632
        ],
        "2": [
            -5.0,
            0.0
        ],
        "3": [
            1.0,
            0.0
        ],
        "4": [
            -2.0,
            5.196152422706632
        ],
        "5": [
            4.0,
            5.196152422706632
        ]
    },
    "metadata": {
        "mis": [
            [
                0
            ],
            [
                1
            ],
            [
                2
            ],
            [
                3
            ],
            [
                4
            ],
            [
                5
            ]
        ],
        "mis_size": 1
    },
    "edges": [
        [
            0,
            1
        ],
        [
            0,
            4
        ],
        [
            0,
            3
        ],
        [
            0,
            2
        ],
        [
            0,
            5
        ],
        [
            1,
            2
        ],
        [
            1,
            5
        ],
        [
            1,
            4
        ],
        [
            1,
            3
        ],
        [
            2,
            4
        ],
        [
            2,
            3
        ],
        [
            2,
            5
        ],
        [
            4,
            3
        ],
        [
            4,
            5
        ],
        [
            3,
            5
        ]
    ]
}
