{
    "qubits": {
        "0": [
            -9.0,
            -4.5
        ],
        "1": [
            0.0,
            -4.5
        ],
        "2": [
            9.0,
            -4.5
        ],
        "3": [
            -9.0,
            4.5
        ],
        "4": [
            0.0,
            4.5
        ],
        "5": [
            9.0,
            4.5
        ]
    },
    "metadata": {
        "score": {
            "total": 2.471480363773585,
            "gini_score": 0.865788679245283,
            "sum_score": 2.8546
        },
        "params": {
            "rise_time": 939,
            "fall_time": 1591,
            "omega": 10.018184041856227,
            "init_detuning": 6.5315994501970165,
            "final_detuning": 7.967223639734014
        },
        "mis": [
            [
                0,
                2
            ],
            [
                0,
                5
            ],
            [
                2,
                3
            ],
            [
                3,
                5
            ]
        ],
        "mis_size": 2
    },
    "edges": [
        [
            0,
            1
        ],
        [
            0,
            4
        ],
        [
            0,
            3
        ],
        [
            1,
            2
        ],
        [
            1,
            5
        ],
        [
            1,
            4
        ],
        [
            1,
            3
        ],
        [
            2,
            4
        ],
        [
            2,
            5
        ],
        [
            4,
            3
        ],
        [
            4,
            5
        ]
    ]
}
