{
    "qubits": {
        "0": [
            -8.0,
            -4.0
        ],
        "1": [
            0.0,
            -4.0
        ],
        "2": [
            8.0,
            -4.0
        ],
        "3": [
            -8.0,
            4.0
        ],
        "4": [
            0.0,
            4.0
        ],
        "5": [
            8.0,
            4.0
        ]
    },
    "metadata": {
        "score": {
            "total": 2.272885857391304,
            "gini_score": 0.8242260869565217,
            "sum_score": 2.7576
        },
        "params": {
            "rise_time": 2482,
            "fall_time": 1625,
            "omega": 10.204465479003412,
            "init_detuning": 5.990548915479881,
            "final_detuning": 7.461306211845171
        },
        "mis": [
            [
                0,
                2
            ],
            [
                0,
                5
            ],
            [
                2,
                3
            ],
            [
                3,
                5
            ]
        ],
        "mis_size": 2
    },
    "edges": [
        [
            0,
            1
        ],
        [
            0,
            4
        ],
        [
            0,
            3
        ],
        [
            1,
            2
        ],
        [
            1,
            5
        ],
        [
            1,
            4
        ],
        [
            1,
            3
        ],
        [
            2,
            4
        ],
        [
            2,
            5
        ],
        [
            4,
            3
        ],
        [
            4,
            5
        ]
    ]
}
