{
    "qubits": {
        "0": [
            -10.0,
            -5.0
        ],
        "1": [
            0.0,
            -5.0
        ],
        "2": [
            10.0,
            -5.0
        ],
        "3": [
            -10.0,
            5.0
        ],
        "4": [
            0.0,
            5.0
        ],
        "5": [
            10.0,
            5.0
        ]
    },
    "metadata": {
        "score": {
            "total": 3.0166032,
            "gini_score": 0.696,
            "sum_score": 4.3342
        },
        "params": {
            "rise_time": 1527,
            "fall_time": 344,
            "omega": 9.4280752547518,
            "init_detuning": 2.9183888068301425,
            "final_detuning": 6.800064690001675
        }
    }
}
