{
    "qubits": {
        "0": [
            0.0,
            0
        ],
        "1": [
            0.0,
            9
        ],
        "2": [
            7.794228634059947,
            9
        ],
        "3": [
            0.0,
            18
        ],
        "4": [
            7.794228634059947,
            18
        ],
        "5": [
            15.588457268119894,
            18
        ]
    },
    "metadata": {}
}
