{
    "qubits": {
        "0": [
            0.0,
            0
        ],
        "1": [
            0.0,
            10
        ],
        "2": [
            8.660254037844386,
            10
        ],
        "3": [
            0.0,
            20
        ],
        "4": [
            8.660254037844386,
            20
        ],
        "5": [
            17.32050807568877,
            20
        ]
    },
    "metadata": {
        "mis": [
            [
                0,
                3,
                5
            ]
        ],
        "mis_size": 3
    },
    "edges": [
        [
            0,
            1
        ],
        [
            0,
            2
        ],
        [
            1,
            2
        ],
        [
            1,
            4
        ],
        [
            1,
            3
        ],
        [
            2,
            4
        ],
        [
            2,
            3
        ],
        [
            2,
            5
        ],
        [
            4,
            3
        ],
        [
            4,
            5
        ]
    ]
}
