{
    "qubits": {
        "0": [
            0.0,
            0
        ],
        "1": [
            0.0,
            11
        ],
        "2": [
            9.526279441628825,
            11
        ],
        "3": [
            0.0,
            22
        ],
        "4": [
            9.526279441628825,
            22
        ],
        "5": [
            19.05255888325765,
            22
        ]
    },
    "metadata": {}
}
