{
    "qubits": {
        "q0": [
            -6.88,
            -5.94
        ],
        "q1": [
            0.07,
            -6.09
        ],
        "q2": [
            7.2,
            -6.1
        ],
        "q3": [
            -3.49,
            -0.23
        ],
        "q4": [
            3.84,
            -0.29
        ],
        "q5": [
            0.0,
            5.33
        ]
    },
    "metadata": {
        "score": {
            "total": 2.0619410971428573,
            "gini_score": 0.7738857142857143,
            "sum_score": 2.6644
        },
        "params": {
            "rise_time": 733,
            "fall_time": 657,
            "omega": 8.322761915799642,
            "init_detuning": 6.468444074812948,
            "final_detuning": 5.66450151648799
        }
    }
}
