{
    "qubits": {
        "q0": [
            -4.0,
            -2.67
        ],
        "q1": [
            0.0,
            -2.67
        ],
        "q2": [
            4.0,
            -2.67
        ],
        "q3": [
            -2.0,
            1.33
        ],
        "q4": [
            2.0,
            1.33
        ],
        "q5": [
            0.0,
            5.33
        ]
    },
    "metadata": {
        "score": {
            "total": 0.7781686628571427,
            "gini_score": 0.6515142857142856,
            "sum_score": 1.1944
        },
        "params": {
            "rise_time": 791,
            "fall_time": 561,
            "omega": 10.746160033991297,
            "init_detuning": 4.370385769036476,
            "final_detuning": 5.303540020579421
        }
    }
}
