{
    "qubits": {
        "0": [
            0.0,
            0.0
        ],
        "1": [
            -3.0,
            5.196152422706632
        ],
        "2": [
            3.0,
            5.196152422706632
        ],
        "3": [
            6.0,
            0.0
        ],
        "4": [
            3.0,
            -5.196152422706632
        ],
        "5": [
            -3.0,
            -5.196152422706632
        ],
        "6": [
            -6.0,
            0.0
        ]
    },
    "metadata": {}
}
