{
    "qubits": {
        "0": [
            0.0,
            0.0
        ],
        "1": [
            -3.5,
            6.06217782649107
        ],
        "2": [
            3.5,
            6.06217782649107
        ],
        "3": [
            7.0,
            0.0
        ],
        "4": [
            3.5,
            -6.06217782649107
        ],
        "5": [
            -3.5,
            -6.06217782649107
        ],
        "6": [
            -7.0,
            0.0
        ]
    },
    "metadata": {}
}
