{
    "qubits": {
        "0": [
            0.0,
            0.0
        ],
        "1": [
            -5.5,
            9.526279441628825
        ],
        "2": [
            5.5,
            9.526279441628825
        ],
        "3": [
            11.0,
            0.0
        ],
        "4": [
            5.5,
            -9.526279441628825
        ],
        "5": [
            -5.5,
            -9.526279441628825
        ],
        "6": [
            -11.0,
            0.0
        ]
    },
    "metadata": {}
}
