{
    "qubits": {
        "0": [
            0.0,
            0.0
        ],
        "1": [
            -4.5,
            7.794228634059947
        ],
        "2": [
            4.5,
            7.794228634059947
        ],
        "3": [
            9.0,
            0.0
        ],
        "4": [
            4.5,
            -7.794228634059947
        ],
        "5": [
            -4.5,
            -7.794228634059947
        ],
        "6": [
            -9.0,
            0.0
        ]
    },
    "metadata": {}
}
