{
    "qubits": {
        "0": [
            0.0,
            0.0
        ],
        "1": [
            -4.0,
            6.928203230275509
        ],
        "2": [
            4.0,
            6.928203230275509
        ],
        "3": [
            8.0,
            0.0
        ],
        "4": [
            4.0,
            -6.928203230275509
        ],
        "5": [
            -4.0,
            -6.928203230275509
        ],
        "6": [
            -8.0,
            0.0
        ]
    },
    "metadata": {}
}
