{
    "qubits": {
        "0": [
            0.0,
            0.0
        ],
        "1": [
            -5.5,
            9.526279441628825
        ],
        "2": [
            5.5,
            9.526279441628825
        ],
        "3": [
            11.0,
            0.0
        ],
        "4": [
            5.5,
            -9.526279441628825
        ],
        "5": [
            -5.5,
            -9.526279441628825
        ],
        "6": [
            -11.0,
            0.0
        ]
    },
    "metadata": {
        "mis": [
            [
                1,
                3,
                5
            ],
            [
                2,
                4,
                6
            ]
        ],
        "mis_size": 3
    },
    "edges": [
        [
            0,
            1
        ],
        [
            0,
            4
        ],
        [
            0,
            3
        ],
        [
            0,
            6
        ],
        [
            0,
            2
        ],
        [
            0,
            5
        ],
        [
            1,
            2
        ],
        [
            1,
            6
        ],
        [
            2,
            3
        ],
        [
            4,
            3
        ],
        [
            4,
            5
        ],
        [
            6,
            5
        ]
    ]
}
