{
    "qubits": {
        "q0": [
            14.14,
            0.0
        ],
        "q1": [
            10.0,
            10.0
        ],
        "q2": [
            8.66e-16,
            14.14
        ],
        "q3": [
            -10.0,
            10.0
        ],
        "q4": [
            -14.14,
            1.73e-15
        ],
        "q5": [
            -10.0,
            -10.0
        ],
        "q6": [
            -2.6e-15,
            -14.14
        ],
        "q7": [
            10.0,
            -10.0
        ]
    },
    "metadata": {
        "score": {
            "total": 6.239072464516129,
            "gini_score": 0.868516129032258,
            "sum_score": 7.1836
        },
        "params": {
            "rise_time": 737,
            "fall_time": 527,
            "omega": 8.65904858867375,
            "init_detuning": 5.892790530000576,
            "final_detuning": 4.854450097069521
        },
        "mis": [
            [
                0,
                2,
                4,
                6
            ],
            [
                1,
                3,
                5,
                7
            ]
        ],
        "mis_size": 4
    },
    "edges": [
        [
            0,
            1
        ],
        [
            0,
            7
        ],
        [
            1,
            2
        ],
        [
            7,
            6
        ],
        [
            2,
            3
        ],
        [
            3,
            4
        ],
        [
            4,
            5
        ],
        [
            6,
            5
        ]
    ]
}
