{
    "qubits": {
        "q0": [
            4.21,
            -6.39
        ],
        "q1": [
            0.98,
            1.44
        ],
        "q2": [
            -1.9,
            9.62
        ],
        "q3": [
            -10.0,
            10.0
        ],
        "q4": [
            -14.14,
            1.73e-15
        ],
        "q5": [
            -10.0,
            -10.0
        ],
        "q6": [
            -2.6e-15,
            -14.14
        ],
        "q7": [
            8.17,
            1.31
        ]
    },
    "metadata": {
        "score": {
            "total": 3.759933785142857,
            "gini_score": 0.8605542857142857,
            "sum_score": 4.3692
        },
        "params": {
            "rise_time": 873,
            "fall_time": 2175,
            "omega": 9.58021189369591,
            "init_detuning": 6.342513637427764,
            "final_detuning": 7.738609538793854
        }
    }
}
