{
    "qubits": {
        "q0": [
            -7.0,
            -7.0
        ],
        "q2": [
            6.01,
            -5.95
        ],
        "q3": [
            -7.0,
            0.0
        ],
        "q4": [
            0.0,
            0.0
        ],
        "q6": [
            -7.0,
            7.0
        ],
        "q7": [
            0.0,
            7.0
        ],
        "q8": [
            6.25,
            0.75
        ],
        "q1": [
            12.9,
            -3.12
        ]
    },
    "metadata": {
        "score": {
            "total": 2.365044300487805,
            "gini_score": 0.8160390243902439,
            "sum_score": 2.8982
        },
        "params": {
            "rise_time": 1694,
            "fall_time": 1795,
            "omega": 11.761475968710785,
            "init_detuning": 6.082483477528803,
            "final_detuning": 7.063591147650516
        }
    }
}
