{
    "qubits": {
        "0": [
            -1.75,
            -9.093266739736606
        ],
        "1": [
            5.25,
            -9.093266739736606
        ],
        "2": [
            -5.25,
            -3.031088913245535
        ],
        "3": [
            1.75,
            -3.031088913245535
        ],
        "4": [
            -1.75,
            3.031088913245535
        ],
        "5": [
            5.25,
            3.031088913245535
        ],
        "6": [
            -5.25,
            9.093266739736606
        ],
        "7": [
            1.75,
            9.093266739736606
        ]
    },
    "metadata": {}
}
