{
    "qubits": {
        "0": [
            -1.75,
            -9.093266739736606
        ],
        "1": [
            5.25,
            -9.093266739736606
        ],
        "2": [
            -5.25,
            -3.031088913245535
        ],
        "3": [
            1.75,
            -3.031088913245535
        ],
        "4": [
            -1.75,
            3.031088913245535
        ],
        "5": [
            5.25,
            3.031088913245535
        ],
        "6": [
            -5.25,
            9.093266739736606
        ],
        "7": [
            1.75,
            9.093266739736606
        ]
    },
    "metadata": {
        "mis": [
            [
                0,
                5
            ],
            [
                0,
                6
            ],
            [
                0,
                7
            ],
            [
                1,
                4
            ],
            [
                1,
                6
            ],
            [
                1,
                7
            ],
            [
                2,
                7
            ],
            [
                3,
                6
            ]
        ],
        "mis_size": 2
    },
    "edges": [
        [
            3,
            4
        ],
        [
            3,
            7
        ],
        [
            3,
            1
        ],
        [
            3,
            5
        ],
        [
            3,
            0
        ],
        [
            3,
            2
        ],
        [
            4,
            6
        ],
        [
            4,
            5
        ],
        [
            4,
            2
        ],
        [
            4,
            0
        ],
        [
            4,
            7
        ],
        [
            7,
            5
        ],
        [
            7,
            6
        ],
        [
            6,
            5
        ],
        [
            6,
            2
        ],
        [
            5,
            2
        ],
        [
            5,
            1
        ],
        [
            0,
            2
        ],
        [
            0,
            1
        ],
        [
            2,
            1
        ]
    ]
}
