{
    "qubits": {
        "0": [
            -2.5,
            -12.990381056766578
        ],
        "1": [
            7.5,
            -12.990381056766578
        ],
        "2": [
            -7.5,
            -4.330127018922193
        ],
        "3": [
            2.5,
            -4.330127018922193
        ],
        "4": [
            -2.5,
            4.330127018922193
        ],
        "5": [
            7.5,
            4.330127018922193
        ],
        "6": [
            -7.5,
            12.990381056766578
        ],
        "7": [
            2.5,
            12.990381056766578
        ]
    },
    "metadata": {
        "mis": [
            [
                1,
                2,
                5,
                6
            ]
        ],
        "mis_size": 4
    },
    "edges": [
        [
            0,
            1
        ],
        [
            0,
            3
        ],
        [
            0,
            2
        ],
        [
            1,
            3
        ],
        [
            2,
            4
        ],
        [
            2,
            3
        ],
        [
            4,
            3
        ],
        [
            4,
            6
        ],
        [
            4,
            5
        ],
        [
            4,
            7
        ],
        [
            3,
            5
        ],
        [
            6,
            7
        ],
        [
            5,
            7
        ]
    ]
}
