{
    "qubits": {
        "q0": [
            -7.0,
            -7.0
        ],
        "q2": [
            7.0,
            -7.0
        ],
        "q3": [
            -7.0,
            0.0
        ],
        "q4": [
            0.0,
            0.0
        ],
        "q6": [
            -7.0,
            7.0
        ],
        "q7": [
            0.0,
            7.0
        ],
        "q8": [
            7.0,
            7.0
        ],
        "q1": [
            10.94,
            -0.12
        ]
    },
    "metadata": {
        "score": {
            "total": 3.1988078260869566,
            "gini_score": 0.8935217391304348,
            "sum_score": 3.58
        },
        "params": {
            "rise_time": 2055,
            "fall_time": 2373,
            "omega": 11.183318605981585,
            "init_detuning": 6.440789767641192,
            "final_detuning": 7.757424239894674
        }
    }
}
