{
    "qubits": {
        "0": [
            -5.0,
            -5.196152422706632
        ],
        "1": [
            1.0,
            -5.196152422706632
        ],
        "2": [
            7.0,
            -5.196152422706632
        ],
        "3": [
            -8.0,
            0.0
        ],
        "4": [
            -2.0,
            0.0
        ],
        "5": [
            4.0,
            0.0
        ],
        "6": [
            -5.0,
            5.196152422706632
        ],
        "7": [
            1.0,
            5.196152422706632
        ],
        "8": [
            7.0,
            5.196152422706632
        ]
    },
    "metadata": {
        "score": {
            "total": 2.653422048,
            "gini_score": 0.79344,
            "sum_score": 3.3442
        },
        "params": {
            "rise_time": 1866,
            "fall_time": 1450,
            "omega": 7.8030383847742595,
            "init_detuning": 6.362337408699739,
            "final_detuning": 7.992948039429678
        },
        "mis": [
            [
                0,
                8
            ],
            [
                2,
                3
            ],
            [
                2,
                6
            ],
            [
                8,
                3
            ]
        ],
        "mis_size": 2
    },
    "edges": [
        [
            3,
            4
        ],
        [
            3,
            7
        ],
        [
            3,
            1
        ],
        [
            3,
            6
        ],
        [
            3,
            5
        ],
        [
            3,
            0
        ],
        [
            4,
            6
        ],
        [
            4,
            5
        ],
        [
            4,
            8
        ],
        [
            4,
            2
        ],
        [
            4,
            0
        ],
        [
            4,
            7
        ],
        [
            4,
            1
        ],
        [
            7,
            5
        ],
        [
            7,
            0
        ],
        [
            7,
            2
        ],
        [
            7,
            6
        ],
        [
            7,
            1
        ],
        [
            7,
            8
        ],
        [
            6,
            1
        ],
        [
            6,
            8
        ],
        [
            6,
            5
        ],
        [
            6,
            0
        ],
        [
            5,
            0
        ],
        [
            5,
            2
        ],
        [
            5,
            1
        ],
        [
            5,
            8
        ],
        [
            0,
            2
        ],
        [
            0,
            1
        ],
        [
            2,
            8
        ],
        [
            2,
            1
        ],
        [
            1,
            8
        ]
    ]
}
