{
    "qubits": {
        "0": [
            -6.666666666666666,
            -6.928203230275509
        ],
        "1": [
            1.3333333333333335,
            -6.928203230275509
        ],
        "2": [
            9.333333333333334,
            -6.928203230275509
        ],
        "3": [
            -10.666666666666666,
            1.9737298215558337e-16
        ],
        "4": [
            -2.6666666666666665,
            1.9737298215558337e-16
        ],
        "5": [
            5.333333333333334,
            1.9737298215558337e-16
        ],
        "6": [
            -6.666666666666666,
            6.928203230275509
        ],
        "7": [
            1.3333333333333335,
            6.928203230275509
        ],
        "8": [
            9.333333333333334,
            6.928203230275509
        ]
    },
    "metadata": {
        "score": {
            "total": 3.4375620027586202,
            "gini_score": 0.9307310344827585,
            "sum_score": 3.6934
        },
        "params": {
            "rise_time": 2323,
            "fall_time": 2157,
            "omega": 11.259348292952257,
            "init_detuning": 4.141687197918049,
            "final_detuning": 7.9343604473111835
        },
        "mis": [
            [
                0,
                8,
                2,
                6
            ]
        ],
        "mis_size": 4
    },
    "edges": [
        [
            0,
            1
        ],
        [
            0,
            4
        ],
        [
            0,
            3
        ],
        [
            1,
            2
        ],
        [
            1,
            5
        ],
        [
            1,
            4
        ],
        [
            2,
            5
        ],
        [
            4,
            3
        ],
        [
            4,
            6
        ],
        [
            4,
            5
        ],
        [
            4,
            7
        ],
        [
            3,
            6
        ],
        [
            5,
            8
        ],
        [
            5,
            7
        ],
        [
            8,
            7
        ],
        [
            6,
            7
        ]
    ]
}
