{
    "qubits": {
        "0": [
            -9.166666666666666,
            -9.526279441628825
        ],
        "1": [
            1.8333333333333335,
            -9.526279441628825
        ],
        "2": [
            12.833333333333334,
            -9.526279441628825
        ],
        "3": [
            -14.666666666666666,
            3.9474596431116675e-16
        ],
        "4": [
            -3.6666666666666665,
            3.9474596431116675e-16
        ],
        "5": [
            7.333333333333334,
            3.9474596431116675e-16
        ],
        "6": [
            -9.166666666666666,
            9.526279441628825
        ],
        "7": [
            1.8333333333333335,
            9.526279441628825
        ],
        "8": [
            12.833333333333334,
            9.526279441628825
        ]
    },
    "metadata": {
        "score": {
            "total": 5.946164445517242,
            "gini_score": 0.8318873563218392,
            "sum_score": 7.1478
        },
        "params": {
            "rise_time": 1654,
            "fall_time": 535,
            "omega": 7.46645826463933,
            "init_detuning": 3.3918969663382414,
            "final_detuning": 6.953954860295398
        },
        "mis": [
            [
                0,
                8,
                2,
                6
            ]
        ],
        "mis_size": 4
    },
    "edges": [
        [
            0,
            1
        ],
        [
            0,
            4
        ],
        [
            0,
            3
        ],
        [
            1,
            2
        ],
        [
            1,
            5
        ],
        [
            1,
            4
        ],
        [
            2,
            5
        ],
        [
            4,
            3
        ],
        [
            4,
            6
        ],
        [
            4,
            5
        ],
        [
            4,
            7
        ],
        [
            3,
            6
        ],
        [
            5,
            8
        ],
        [
            5,
            7
        ],
        [
            8,
            7
        ],
        [
            6,
            7
        ]
    ]
}
