{
    "qubits": {
        "0": [
            -5.0,
            -5.196152422706632
        ],
        "1": [
            1.0,
            -5.196152422706632
        ],
        "2": [
            7.0,
            -5.196152422706632
        ],
        "3": [
            -8.0,
            0.0
        ],
        "4": [
            -2.0,
            0.0
        ],
        "5": [
            4.0,
            0.0
        ],
        "6": [
            -5.0,
            5.196152422706632
        ],
        "7": [
            1.0,
            5.196152422706632
        ],
        "8": [
            7.0,
            5.196152422706632
        ]
    },
    "metadata": {
        "score": {
            "total": 2.653422048,
            "gini_score": 0.79344,
            "sum_score": 3.3442
        },
        "params": {
            "rise_time": 1866,
            "fall_time": 1450,
            "omega": 7.8030383847742595,
            "init_detuning": 6.362337408699739,
            "final_detuning": 7.992948039429678
        }
    }
}
