{
    "qubits": {
        "0": [
            -7.5,
            -7.794228634059947
        ],
        "1": [
            1.5,
            -7.794228634059947
        ],
        "2": [
            10.5,
            -7.794228634059947
        ],
        "3": [
            -12.0,
            -1.9737298215558337e-16
        ],
        "4": [
            -3.0,
            -1.9737298215558337e-16
        ],
        "5": [
            6.0,
            -1.9737298215558337e-16
        ],
        "6": [
            -7.5,
            7.794228634059947
        ],
        "7": [
            1.5,
            7.794228634059947
        ],
        "8": [
            10.5,
            7.794228634059947
        ]
    },
    "metadata": {
        "score": {
            "total": 3.4104675999999996,
            "gini_score": 0.9148249999999999,
            "sum_score": 3.728
        },
        "params": {
            "rise_time": 2158,
            "fall_time": 2028,
            "omega": 11.609781514569477,
            "init_detuning": 7.822498317544304,
            "final_detuning": 7.579154647894501
        }
    }
}
