{
    "qubits": {
        "0": [
            -9.0,
            -9.0
        ],
        "1": [
            0.0,
            -9.0
        ],
        "2": [
            9.0,
            -9.0
        ],
        "3": [
            -9.0,
            0.0
        ],
        "4": [
            0.0,
            0.0
        ],
        "5": [
            9.0,
            0.0
        ],
        "6": [
            -9.0,
            9.0
        ],
        "7": [
            0.0,
            9.0
        ],
        "8": [
            9.0,
            9.0
        ]
    },
    "metadata": {
        "score": {
            "total": 4.327216454399999,
            "gini_score": 0.9369919999999999,
            "sum_score": 4.6182
        },
        "params": {
            "rise_time": 188,
            "fall_time": 2243,
            "omega": 8.800650105512977,
            "init_detuning": 7.3902335141172335,
            "final_detuning": 6.203599127066499
        },
        "mis": [
            [
                0,
                8,
                2,
                6
            ]
        ],
        "mis_size": 4
    },
    "edges": [
        [
            3,
            4
        ],
        [
            3,
            7
        ],
        [
            3,
            1
        ],
        [
            3,
            6
        ],
        [
            3,
            0
        ],
        [
            4,
            6
        ],
        [
            4,
            5
        ],
        [
            4,
            8
        ],
        [
            4,
            2
        ],
        [
            4,
            0
        ],
        [
            4,
            7
        ],
        [
            4,
            1
        ],
        [
            7,
            5
        ],
        [
            7,
            6
        ],
        [
            7,
            8
        ],
        [
            5,
            2
        ],
        [
            5,
            1
        ],
        [
            5,
            8
        ],
        [
            2,
            1
        ],
        [
            1,
            0
        ]
    ]
}
