{
    "qubits": {
        "0": [
            -10.0,
            -10.0
        ],
        "1": [
            0.0,
            -10.0
        ],
        "2": [
            10.0,
            -10.0
        ],
        "3": [
            -10.0,
            0.0
        ],
        "4": [
            0.0,
            0.0
        ],
        "5": [
            10.0,
            0.0
        ],
        "6": [
            -10.0,
            10.0
        ],
        "7": [
            0.0,
            10.0
        ],
        "8": [
            10.0,
            10.0
        ]
    },
    "metadata": {
        "score": {
            "total": 4.2365672818497115,
            "gini_score": 0.7086219653179191,
            "sum_score": 5.9786
        },
        "params": {
            "rise_time": 1550,
            "fall_time": 550,
            "omega": 6.508675979717479,
            "init_detuning": 6.907258657134585,
            "final_detuning": 7.856720005699737
        }
    }
}
