{
    "qubits": {
        "0": [
            -6.0,
            -6.0
        ],
        "1": [
            0.0,
            -6.0
        ],
        "2": [
            6.0,
            -6.0
        ],
        "3": [
            -6.0,
            0.0
        ],
        "4": [
            0.0,
            0.0
        ],
        "5": [
            6.0,
            0.0
        ],
        "6": [
            -6.0,
            6.0
        ],
        "7": [
            0.0,
            6.0
        ],
        "8": [
            6.0,
            6.0
        ]
    },
    "metadata": {
        "score": {
            "total": 3.0731361476923076,
            "gini_score": 0.8551692307692308,
            "sum_score": 3.5936
        },
        "params": {
            "rise_time": 1414,
            "fall_time": 2248,
            "omega": 11.493741746749038,
            "init_detuning": 6.913153806194591,
            "final_detuning": 7.251563947655916
        }
    }
}
