{
    "qubits": {
        "0": [
            -8.0,
            -8.0
        ],
        "1": [
            0.0,
            -8.0
        ],
        "2": [
            8.0,
            -8.0
        ],
        "3": [
            -8.0,
            0.0
        ],
        "4": [
            0.0,
            0.0
        ],
        "5": [
            8.0,
            0.0
        ],
        "6": [
            -8.0,
            8.0
        ],
        "7": [
            0.0,
            8.0
        ],
        "8": [
            8.0,
            8.0
        ]
    },
    "metadata": {
        "score": {
            "total": 3.339829782040816,
            "gini_score": 0.8718816326530612,
            "sum_score": 3.8306
        },
        "params": {
            "rise_time": 918,
            "fall_time": 1956,
            "omega": 9.604612265901808,
            "init_detuning": 4.105540910785983,
            "final_detuning": 6.960402477330578
        }
    }
}
