{
    "qubits": {
        "0": [
            -11.0,
            -11.0
        ],
        "1": [
            0.0,
            -11.0
        ],
        "2": [
            11.0,
            -11.0
        ],
        "3": [
            -11.0,
            0.0
        ],
        "4": [
            0.0,
            0.0
        ],
        "5": [
            11.0,
            0.0
        ],
        "6": [
            -11.0,
            11.0
        ],
        "7": [
            0.0,
            11.0
        ],
        "8": [
            11.0,
            11.0
        ]
    },
    "metadata": {
        "score": {
            "total": 7.257680553766234,
            "gini_score": 0.884522077922078,
            "sum_score": 8.2052
        },
        "params": {
            "rise_time": 34,
            "fall_time": 138,
            "omega": 11.961371675337958,
            "init_detuning": 2.2893668214494998,
            "final_detuning": 6.462337415365219
        },
        "mis": [
            [
                0,
                2,
                4,
                6,
                8
            ]
        ],
        "mis_size": 5
    },
    "edges": [
        [
            0,
            1
        ],
        [
            0,
            3
        ],
        [
            1,
            2
        ],
        [
            1,
            4
        ],
        [
            2,
            5
        ],
        [
            3,
            4
        ],
        [
            3,
            6
        ],
        [
            4,
            5
        ],
        [
            4,
            7
        ],
        [
            5,
            8
        ],
        [
            8,
            7
        ],
        [
            6,
            7
        ]
    ]
}
