{
    "qubits": {
        "0": [
            -6.0,
            -6.0
        ],
        "1": [
            0.0,
            -6.0
        ],
        "2": [
            6.0,
            -6.0
        ],
        "3": [
            -6.0,
            0.0
        ],
        "4": [
            0.0,
            0.0
        ],
        "5": [
            6.0,
            0.0
        ],
        "6": [
            -6.0,
            6.0
        ],
        "7": [
            0.0,
            6.0
        ],
        "8": [
            6.0,
            6.0
        ]
    },
    "metadata": {
        "score": {
            "total": 3.0731361476923076,
            "gini_score": 0.8551692307692308,
            "sum_score": 3.5936
        },
        "params": {
            "rise_time": 1414,
            "fall_time": 2248,
            "omega": 11.493741746749038,
            "init_detuning": 6.913153806194591,
            "final_detuning": 7.251563947655916
        },
        "mis": [
            [
                0,
                5
            ],
            [
                0,
                7
            ],
            [
                0,
                8
            ],
            [
                1,
                6
            ],
            [
                8,
                1
            ],
            [
                2,
                3
            ],
            [
                2,
                6
            ],
            [
                2,
                7
            ],
            [
                8,
                3
            ],
            [
                5,
                6
            ]
        ],
        "mis_size": 2
    },
    "edges": [
        [
            3,
            4
        ],
        [
            3,
            7
        ],
        [
            3,
            1
        ],
        [
            3,
            6
        ],
        [
            3,
            5
        ],
        [
            3,
            0
        ],
        [
            4,
            6
        ],
        [
            4,
            5
        ],
        [
            4,
            8
        ],
        [
            4,
            2
        ],
        [
            4,
            0
        ],
        [
            4,
            7
        ],
        [
            4,
            1
        ],
        [
            7,
            5
        ],
        [
            7,
            6
        ],
        [
            7,
            1
        ],
        [
            7,
            8
        ],
        [
            6,
            8
        ],
        [
            6,
            0
        ],
        [
            5,
            2
        ],
        [
            5,
            1
        ],
        [
            5,
            8
        ],
        [
            0,
            2
        ],
        [
            0,
            1
        ],
        [
            2,
            8
        ],
        [
            2,
            1
        ]
    ]
}
