{
    "qubits": {
        "0": [
            -6.0,
            -6.0
        ],
        "1": [
            0.0,
            -6.0
        ],
        "2": [
            6.0,
            -6.0
        ],
        "3": [
            -6.0,
            0.0
        ],
        "4": [
            0.0,
            0.0
        ],
        "5": [
            6.0,
            0.0
        ],
        "6": [
            -6.0,
            6.0
        ],
        "7": [
            0.0,
            6.0
        ],
        "8": [
            6.0,
            6.0
        ]
    },
    "metadata": {
        "score": {
            "total": 0.7294689,
            "gini_score": 0.7354999999999999,
            "sum_score": 0.9918
        },
        "params": {
            "rise_time": 865,
            "fall_time": 1140,
            "omega": 11.436060709274354,
            "init_detuning": 1.0434808636483905,
            "final_detuning": 3.63781431970908
        }
    }
}
