{
    "qubits": {
        "0": [
            -6.3,
            -15.588457268119894
        ],
        "1": [
            2.7,
            -15.588457268119894
        ],
        "2": [
            -1.7999999999999998,
            -7.794228634059947
        ],
        "3": [
            7.2,
            -7.794228634059947
        ],
        "4": [
            -6.3,
            -3.552713678800501e-16
        ],
        "5": [
            2.7,
            -3.552713678800501e-16
        ],
        "6": [
            -1.7999999999999998,
            7.794228634059947
        ],
        "7": [
            7.2,
            7.794228634059947
        ],
        "8": [
            -6.3,
            15.588457268119894
        ],
        "9": [
            2.7,
            15.588457268119894
        ]
    },
    "metadata": {
        "score": {
            "total": 3.799355596899225,
            "gini_score": 0.9152868217054264,
            "sum_score": 4.151,
            "total_normalized": 0.759871119379845,
            "sum_normalized": 0.8301999999999999
        },
        "params": {
            "rise_time": 915.1756591796875,
            "fall_time": 2318.253662109375,
            "omega": 9.318292617797852,
            "init_detuning": 5.068708419799805,
            "final_detuning": 4.744121551513672
        },
        "mis": [
            [
                0,
                3,
                4,
                7,
                8
            ]
        ],
        "mis_size": 5
    },
    "edges": [
        [
            0,
            1
        ],
        [
            0,
            2
        ],
        [
            1,
            2
        ],
        [
            1,
            3
        ],
        [
            2,
            4
        ],
        [
            2,
            3
        ],
        [
            2,
            5
        ],
        [
            4,
            6
        ],
        [
            4,
            5
        ],
        [
            6,
            9
        ],
        [
            6,
            8
        ],
        [
            6,
            7
        ],
        [
            6,
            5
        ],
        [
            9,
            7
        ],
        [
            9,
            8
        ],
        [
            5,
            7
        ],
        [
            5,
            3
        ]
    ]
}
