{
    "qubits": {
        "0": [
            -5.6,
            -13.856406460551018
        ],
        "1": [
            2.4000000000000004,
            -13.856406460551018
        ],
        "2": [
            -1.5999999999999996,
            -6.928203230275509
        ],
        "3": [
            6.4,
            -6.928203230275509
        ],
        "4": [
            -5.6,
            0.0
        ],
        "5": [
            2.4000000000000004,
            0.0
        ],
        "6": [
            -1.5999999999999996,
            6.928203230275509
        ],
        "7": [
            6.4,
            6.928203230275509
        ],
        "8": [
            -5.6,
            13.856406460551018
        ],
        "9": [
            2.4000000000000004,
            13.856406460551018
        ]
    },
    "metadata": {
        "score": {
            "total": 3.296242115918367,
            "gini_score": 0.8476244897959183,
            "sum_score": 3.8888,
            "total_normalized": 0.6592484231836734,
            "sum_normalized": 0.77776
        },
        "params": {
            "rise_time": 931.9666137695312,
            "fall_time": 2391.259521484375,
            "omega": 9.996594429016113,
            "init_detuning": 5.011056900024414,
            "final_detuning": 4.832215785980225
        },
        "mis": [
            [
                0,
                3,
                4,
                7,
                8
            ]
        ],
        "mis_size": 5
    },
    "edges": [
        [
            0,
            1
        ],
        [
            0,
            2
        ],
        [
            1,
            2
        ],
        [
            1,
            3
        ],
        [
            2,
            4
        ],
        [
            2,
            3
        ],
        [
            2,
            5
        ],
        [
            4,
            6
        ],
        [
            4,
            5
        ],
        [
            6,
            9
        ],
        [
            6,
            8
        ],
        [
            6,
            7
        ],
        [
            6,
            5
        ],
        [
            9,
            7
        ],
        [
            9,
            8
        ],
        [
            5,
            7
        ],
        [
            5,
            3
        ]
    ]
}
