{
    "qubits": {
        "0": [
            -7.7,
            -19.05255888325765
        ],
        "1": [
            3.3,
            -19.05255888325765
        ],
        "2": [
            -2.2,
            -9.526279441628825
        ],
        "3": [
            8.8,
            -9.526279441628825
        ],
        "4": [
            -7.7,
            0.0
        ],
        "5": [
            3.3,
            0.0
        ],
        "6": [
            -2.2,
            9.526279441628825
        ],
        "7": [
            8.8,
            9.526279441628825
        ],
        "8": [
            -7.7,
            19.05255888325765
        ],
        "9": [
            3.3,
            19.05255888325765
        ]
    },
    "metadata": {
        "score": {
            "total": 0.31666401018425466,
            "gini_score": 0.6085011725293133,
            "sum_score": 0.5204,
            "total_normalized": 0.06333280203685093,
            "sum_normalized": 0.10407999999999999
        },
        "params": {
            "rise_time": 827.44921875,
            "fall_time": 2395.944580078125,
            "omega": 7.994477272033691,
            "init_detuning": 4.878935813903809,
            "final_detuning": 3.982304096221924
        },
        "mis": [
            [
                0,
                3,
                4,
                7,
                8
            ]
        ],
        "mis_size": 5
    },
    "edges": [
        [
            0,
            1
        ],
        [
            0,
            2
        ],
        [
            1,
            2
        ],
        [
            1,
            3
        ],
        [
            2,
            4
        ],
        [
            2,
            3
        ],
        [
            2,
            5
        ],
        [
            4,
            6
        ],
        [
            4,
            5
        ],
        [
            6,
            9
        ],
        [
            6,
            8
        ],
        [
            6,
            7
        ],
        [
            6,
            5
        ],
        [
            9,
            7
        ],
        [
            9,
            8
        ],
        [
            5,
            7
        ],
        [
            5,
            3
        ]
    ]
}
