{
    "qubits": {
        "0": [
            -5.5,
            -22.0
        ],
        "1": [
            5.5,
            -22.0
        ],
        "2": [
            -5.5,
            -11.0
        ],
        "3": [
            5.5,
            -11.0
        ],
        "4": [
            -5.5,
            0.0
        ],
        "5": [
            5.5,
            0.0
        ],
        "6": [
            -5.5,
            11.0
        ],
        "7": [
            5.5,
            11.0
        ],
        "8": [
            -5.5,
            22.0
        ],
        "9": [
            5.5,
            22.0
        ]
    },
    "metadata": {
        "score": {
            "total": 0.27506150892626136,
            "gini_score": 0.5507839586028461,
            "sum_score": 0.4994,
            "total_normalized": 0.05501230178525227,
            "sum_normalized": 0.09988
        },
        "params": {
            "rise_time": 851.3846435546875,
            "fall_time": 2606.288818359375,
            "omega": 7.644429683685303,
            "init_detuning": 4.814475059509277,
            "final_detuning": 3.78354811668396
        },
        "mis": [
            [
                0,
                3,
                4,
                7,
                8
            ],
            [
                1,
                2,
                5,
                6,
                9
            ]
        ],
        "mis_size": 5
    },
    "edges": [
        [
            0,
            1
        ],
        [
            0,
            2
        ],
        [
            1,
            3
        ],
        [
            2,
            4
        ],
        [
            2,
            3
        ],
        [
            4,
            6
        ],
        [
            4,
            5
        ],
        [
            6,
            8
        ],
        [
            6,
            7
        ],
        [
            8,
            9
        ],
        [
            5,
            7
        ],
        [
            5,
            3
        ],
        [
            7,
            9
        ]
    ]
}
