{
    "qubits": {
        "0": [
            0.0,
            -27.0
        ],
        "1": [
            0.0,
            -21.0
        ],
        "2": [
            0.0,
            -15.0
        ],
        "3": [
            0.0,
            -9.0
        ],
        "4": [
            0.0,
            -3.0
        ],
        "5": [
            0.0,
            3.0
        ],
        "6": [
            0.0,
            9.0
        ],
        "7": [
            0.0,
            15.0
        ],
        "8": [
            0.0,
            21.0
        ],
        "9": [
            0.0,
            27.0
        ]
    },
    "metadata": {
        "score": {
            "total": 0.17114409,
            "gini_score": 0.81265,
            "sum_score": 0.2106,
            "total_normalized": 0.0427860225,
            "sum_normalized": 0.05265
        },
        "params": {
            "rise_time": 937.345947265625,
            "fall_time": 2378.109130859375,
            "omega": 7.968825817108154,
            "init_detuning": 5.0392255783081055,
            "final_detuning": 4.841878414154053
        },
        "mis": [
            [
                0,
                9,
                3,
                6
            ]
        ],
        "mis_size": 4
    },
    "edges": [
        [
            0,
            1
        ],
        [
            0,
            2
        ],
        [
            1,
            2
        ],
        [
            1,
            3
        ],
        [
            2,
            4
        ],
        [
            2,
            3
        ],
        [
            4,
            3
        ],
        [
            4,
            6
        ],
        [
            4,
            5
        ],
        [
            3,
            5
        ],
        [
            6,
            8
        ],
        [
            6,
            7
        ],
        [
            6,
            5
        ],
        [
            8,
            7
        ],
        [
            8,
            9
        ],
        [
            5,
            7
        ],
        [
            7,
            9
        ]
    ]
}
