{
    "qubits": {
        "0": [
            -4.5,
            -18.0
        ],
        "1": [
            4.5,
            -18.0
        ],
        "2": [
            -4.5,
            -9.0
        ],
        "3": [
            4.5,
            -9.0
        ],
        "4": [
            -4.5,
            0.0
        ],
        "5": [
            4.5,
            0.0
        ],
        "6": [
            -4.5,
            9.0
        ],
        "7": [
            4.5,
            9.0
        ],
        "8": [
            -4.5,
            18.0
        ],
        "9": [
            4.5,
            18.0
        ]
    },
    "metadata": {
        "score": {
            "total": 0.5891307173221758,
            "gini_score": 0.808579079497908,
            "sum_score": 0.7286,
            "total_normalized": 0.1963769057740586,
            "sum_normalized": 0.24286666666666668
        },
        "params": {
            "rise_time": 884.395263671875,
            "fall_time": 2198.887939453125,
            "omega": 8.51520824432373,
            "init_detuning": 5.041186809539795,
            "final_detuning": 4.5763258934021
        },
        "mis": [
            [
                0,
                8,
                4
            ],
            [
                0,
                9,
                4
            ],
            [
                0,
                8,
                5
            ],
            [
                0,
                9,
                5
            ],
            [
                8,
                1,
                4
            ],
            [
                1,
                4,
                9
            ],
            [
                8,
                1,
                5
            ],
            [
                1,
                5,
                9
            ]
        ],
        "mis_size": 3
    },
    "edges": [
        [
            3,
            4
        ],
        [
            3,
            1
        ],
        [
            3,
            5
        ],
        [
            3,
            0
        ],
        [
            3,
            2
        ],
        [
            4,
            6
        ],
        [
            4,
            5
        ],
        [
            4,
            2
        ],
        [
            4,
            7
        ],
        [
            6,
            8
        ],
        [
            6,
            5
        ],
        [
            6,
            7
        ],
        [
            6,
            9
        ],
        [
            5,
            7
        ],
        [
            5,
            2
        ],
        [
            7,
            9
        ],
        [
            7,
            8
        ],
        [
            0,
            2
        ],
        [
            0,
            1
        ],
        [
            2,
            1
        ],
        [
            8,
            9
        ]
    ]
}
