{
    "qubits": {
        "0": [
            0.0,
            -36.0
        ],
        "1": [
            0.0,
            -28.0
        ],
        "2": [
            0.0,
            -20.0
        ],
        "3": [
            0.0,
            -12.0
        ],
        "4": [
            0.0,
            -4.0
        ],
        "5": [
            0.0,
            4.0
        ],
        "6": [
            0.0,
            12.0
        ],
        "7": [
            0.0,
            20.0
        ],
        "8": [
            0.0,
            28.0
        ],
        "9": [
            0.0,
            36.0
        ]
    },
    "metadata": {
        "score": {
            "total": 2.859837154111675,
            "gini_score": 0.7521137055837563,
            "sum_score": 3.8024,
            "total_normalized": 0.571967430822335,
            "sum_normalized": 0.76048
        },
        "params": {
            "rise_time": 889.5218505859375,
            "fall_time": 2465.762939453125,
            "omega": 8.09310245513916,
            "init_detuning": 4.892528533935547,
            "final_detuning": 4.023703575134277
        },
        "mis": [
            [
                0,
                2,
                4,
                6,
                8
            ],
            [
                0,
                2,
                4,
                6,
                9
            ],
            [
                0,
                2,
                4,
                7,
                9
            ],
            [
                0,
                2,
                5,
                7,
                9
            ],
            [
                0,
                3,
                5,
                7,
                9
            ],
            [
                1,
                3,
                5,
                7,
                9
            ]
        ],
        "mis_size": 5
    },
    "edges": [
        [
            0,
            1
        ],
        [
            1,
            2
        ],
        [
            2,
            3
        ],
        [
            3,
            4
        ],
        [
            4,
            5
        ],
        [
            6,
            7
        ],
        [
            6,
            5
        ],
        [
            7,
            8
        ],
        [
            8,
            9
        ]
    ]
}
