{
    "qubits": {
        "0": [
            0.0,
            -6.0
        ],
        "1": [
            0.0,
            0.0
        ],
        "2": [
            0.0,
            6.0
        ]
    },
    "metadata": {
        "score": {
            "total": 0,
            "gini_score": 0.28496,
            "sum_score": 0,
            "total_normalized": 0.0,
            "sum_normalized": 0.0
        },
        "params": {
            "rise_time": 796.688720703125,
            "fall_time": 2070.00537109375,
            "omega": 8.451778411865234,
            "init_detuning": 4.928825378417969,
            "final_detuning": 4.145717144012451
        },
        "mis": [
            [
                0
            ],
            [
                1
            ],
            [
                2
            ]
        ],
        "mis_size": 1
    },
    "edges": [
        [
            0,
            1
        ],
        [
            0,
            2
        ],
        [
            1,
            2
        ]
    ]
}
