{
    "qubits": {
        "0": [
            0.0,
            -8.0
        ],
        "1": [
            0.0,
            0.0
        ],
        "2": [
            0.0,
            8.0
        ]
    },
    "metadata": {
        "score": {
            "total": 0.81432624,
            "gini_score": 0.5768,
            "sum_score": 1.4118,
            "total_normalized": 0.40716312,
            "sum_normalized": 0.7059
        },
        "params": {
            "rise_time": 973.4522705078125,
            "fall_time": 2741.150146484375,
            "omega": 6.5924553871154785,
            "init_detuning": 4.601698875427246,
            "final_detuning": 3.235172986984253
        },
        "mis": [
            [
                0,
                2
            ]
        ],
        "mis_size": 2
    },
    "edges": [
        [
            0,
            1
        ],
        [
            1,
            2
        ]
    ]
}
