{
    "qubits": {
        "0": [
            0.0,
            -7.0
        ],
        "1": [
            0.0,
            0.0
        ],
        "2": [
            0.0,
            7.0
        ]
    },
    "metadata": {
        "score": {
            "total": 0.8369916,
            "gini_score": 0.5532,
            "sum_score": 1.513,
            "total_normalized": 0.4184958,
            "sum_normalized": 0.7565
        },
        "params": {
            "rise_time": 982.625,
            "fall_time": 2725.624267578125,
            "omega": 7.351877689361572,
            "init_detuning": 4.745561599731445,
            "final_detuning": 3.600083351135254
        },
        "mis": [
            [
                0,
                2
            ]
        ],
        "mis_size": 2
    },
    "edges": [
        [
            0,
            1
        ],
        [
            1,
            2
        ]
    ]
}
