{
    "qubits": {
        "0": [
            0.0,
            -11.0
        ],
        "1": [
            0.0,
            0.0
        ],
        "2": [
            0.0,
            11.0
        ]
    },
    "metadata": {
        "score": {
            "total": 0.8806933,
            "gini_score": 0.6005,
            "sum_score": 1.4666,
            "total_normalized": 0.44034665,
            "sum_normalized": 0.7333
        },
        "params": {
            "rise_time": 643.5587158203125,
            "fall_time": 1768.4720458984375,
            "omega": 5.410665512084961,
            "init_detuning": 4.3555073738098145,
            "final_detuning": 2.631237030029297
        },
        "mis": [
            [
                0,
                2
            ]
        ],
        "mis_size": 2
    },
    "edges": [
        [
            0,
            1
        ],
        [
            1,
            2
        ]
    ]
}
