{
    "qubits": {
        "0": [
            0.0,
            0
        ],
        "1": [
            0.0,
            7
        ],
        "2": [
            6.06217782649107,
            7
        ]
    },
    "metadata": {
        "score": {
            "total": 0,
            "gini_score": 0.18888,
            "sum_score": 0,
            "total_normalized": 0.0,
            "sum_normalized": 0.0
        },
        "params": {
            "rise_time": 774.2718505859375,
            "fall_time": 2223.84521484375,
            "omega": 8.129718780517578,
            "init_detuning": 4.901483058929443,
            "final_detuning": 4.039024829864502
        },
        "mis": [
            [
                0
            ],
            [
                1
            ],
            [
                2
            ]
        ],
        "mis_size": 1
    },
    "edges": [
        [
            0,
            1
        ],
        [
            0,
            2
        ],
        [
            1,
            2
        ]
    ]
}
