{
    "qubits": {
        "0": [
            0.0,
            0
        ],
        "1": [
            0.0,
            10
        ],
        "2": [
            8.660254037844386,
            10
        ]
    },
    "metadata": {
        "score": {
            "total": 0.3695719771428571,
            "gini_score": 0.5626857142857142,
            "sum_score": 0.6568,
            "total_normalized": 0.3695719771428571,
            "sum_normalized": 0.6568
        },
        "params": {
            "rise_time": 905.5843505859375,
            "fall_time": 2758.864501953125,
            "omega": 6.109158992767334,
            "init_detuning": 4.514894008636475,
            "final_detuning": 3.0224015712738037
        },
        "mis": [
            [
                0
            ],
            [
                1
            ],
            [
                2
            ]
        ],
        "mis_size": 1
    },
    "edges": [
        [
            0,
            1
        ],
        [
            0,
            2
        ],
        [
            1,
            2
        ]
    ]
}
