{
    "qubits": {
        "0": [
            0.0,
            0
        ],
        "1": [
            0.0,
            9
        ],
        "2": [
            7.794228634059947,
            9
        ]
    },
    "metadata": {
        "score": {
            "total": 0.34979677333333337,
            "gini_score": 0.45953333333333335,
            "sum_score": 0.7612,
            "total_normalized": 0.34979677333333337,
            "sum_normalized": 0.7612
        },
        "params": {
            "rise_time": 959.421630859375,
            "fall_time": 2602.885009765625,
            "omega": 6.570893287658691,
            "init_detuning": 4.61281681060791,
            "final_detuning": 3.257554292678833
        },
        "mis": [
            [
                0
            ],
            [
                1
            ],
            [
                2
            ]
        ],
        "mis_size": 1
    },
    "edges": [
        [
            0,
            1
        ],
        [
            0,
            2
        ],
        [
            1,
            2
        ]
    ]
}
