{
    "qubits": {
        "0": [
            0.0,
            0
        ],
        "1": [
            0.0,
            8
        ],
        "2": [
            6.928203230275509,
            8
        ]
    },
    "metadata": {
        "score": {
            "total": 0,
            "gini_score": 0.32919999999999994,
            "sum_score": 0,
            "total_normalized": 0.0,
            "sum_normalized": 0.0
        },
        "params": {
            "rise_time": 874.398193359375,
            "fall_time": 2596.263427734375,
            "omega": 7.188103675842285,
            "init_detuning": 4.740635395050049,
            "final_detuning": 3.5796592235565186
        },
        "mis": [
            [
                0
            ],
            [
                1
            ],
            [
                2
            ]
        ],
        "mis_size": 1
    },
    "edges": [
        [
            0,
            1
        ],
        [
            0,
            2
        ],
        [
            1,
            2
        ]
    ]
}
