{
    "qubits": {
        "0": [
            0.0,
            0
        ],
        "1": [
            0.0,
            11
        ],
        "2": [
            9.526279441628825,
            11
        ]
    },
    "metadata": {
        "score": {
            "total": 1.0910142,
            "gini_score": 0.6935,
            "sum_score": 1.5732,
            "total_normalized": 0.5455071,
            "sum_normalized": 0.7866
        },
        "params": {
            "rise_time": 794.0661010742188,
            "fall_time": 2400.594482421875,
            "omega": 5.755563259124756,
            "init_detuning": 4.439390182495117,
            "final_detuning": 2.83925724029541
        },
        "mis": [
            [
                0,
                2
            ]
        ],
        "mis_size": 2
    },
    "edges": [
        [
            0,
            1
        ],
        [
            1,
            2
        ]
    ]
}
