{
    "qubits": {
        "0": [
            0.0,
            0
        ],
        "1": [
            0.0,
            6
        ],
        "2": [
            5.196152422706632,
            6
        ]
    },
    "metadata": {
        "score": {
            "total": 0.390155136,
            "gini_score": 0.40272,
            "sum_score": 0.9688,
            "total_normalized": 0.390155136,
            "sum_normalized": 0.9688
        },
        "params": {
            "rise_time": 905.6433715820312,
            "fall_time": 2266.277587890625,
            "omega": 8.85770034790039,
            "init_detuning": 5.066810607910156,
            "final_detuning": 4.672797679901123
        },
        "mis": [
            [
                0
            ],
            [
                1
            ],
            [
                2
            ]
        ],
        "mis_size": 1
    },
    "edges": [
        [
            0,
            1
        ],
        [
            0,
            2
        ],
        [
            1,
            2
        ]
    ]
}
