{
    "qubits": {
        "q0": [
            -5.89,
            -6.66
        ],
        "q1": [
            1.44,
            -1.82
        ],
        "q2": [
            -1.91,
            0.82
        ],
        "q3": [
            5.35,
            5.63
        ]
    },
    "metadata": {
        "score": {
            "total": 1.3585871999999999,
            "gini_score": 0.7785599999999999,
            "sum_score": 1.745,
            "total_normalized": 0.6792935999999999,
            "sum_normalized": 0.8725
        },
        "params": {
            "rise_time": 839.344970703125,
            "fall_time": 2185.50244140625,
            "omega": 10.582947731018066,
            "init_detuning": 4.938583850860596,
            "final_detuning": 4.437342643737793
        },
        "mis": [
            [
                0,
                3
            ]
        ],
        "mis_size": 2
    },
    "edges": [
        [
            0,
            1
        ],
        [
            0,
            2
        ],
        [
            1,
            2
        ],
        [
            1,
            3
        ],
        [
            2,
            3
        ]
    ]
}
