{
    "qubits": {
        "q0": [
            -3.91,
            -4.9
        ],
        "q1": [
            1.44,
            -1.82
        ],
        "q2": [
            -1.91,
            0.82
        ],
        "q3": [
            3.17,
            3.26
        ]
    },
    "metadata": {
        "score": {
            "total": 0,
            "gini_score": 0.3240666666666666,
            "sum_score": 0,
            "total_normalized": 0.0,
            "sum_normalized": 0.0
        },
        "params": {
            "rise_time": 789.15380859375,
            "fall_time": 2007.75146484375,
            "omega": 11.144647598266602,
            "init_detuning": 4.498693943023682,
            "final_detuning": 2.8028652667999268
        },
        "mis": [
            [
                0
            ],
            [
                1
            ],
            [
                2
            ],
            [
                3
            ]
        ],
        "mis_size": 1
    },
    "edges": [
        [
            0,
            1
        ],
        [
            0,
            3
        ],
        [
            0,
            2
        ],
        [
            1,
            2
        ],
        [
            1,
            3
        ],
        [
            2,
            3
        ]
    ]
}
