{
    "qubits": {
        "0": [
            -5.25,
            -3.031088913245535
        ],
        "1": [
            1.75,
            -3.031088913245535
        ],
        "2": [
            -1.75,
            3.031088913245535
        ],
        "3": [
            5.25,
            3.031088913245535
        ]
    },
    "metadata": {
        "score": {
            "total": 0.1899938133333333,
            "gini_score": 0.5077333333333333,
            "sum_score": 0.3742,
            "total_normalized": 0.1899938133333333,
            "sum_normalized": 0.3742
        },
        "params": {
            "rise_time": 912.443603515625,
            "fall_time": 2287.647216796875,
            "omega": 8.703228950500488,
            "init_detuning": 5.076361179351807,
            "final_detuning": 4.710665225982666
        },
        "mis": [
            [
                0
            ],
            [
                1
            ],
            [
                2
            ],
            [
                3
            ]
        ],
        "mis_size": 1
    },
    "edges": [
        [
            0,
            1
        ],
        [
            0,
            3
        ],
        [
            0,
            2
        ],
        [
            1,
            2
        ],
        [
            1,
            3
        ],
        [
            2,
            3
        ]
    ]
}
