{
    "qubits": {
        "0": [
            -4.5,
            -2.598076211353316
        ],
        "1": [
            1.5,
            -2.598076211353316
        ],
        "2": [
            -1.5,
            2.598076211353316
        ],
        "3": [
            4.5,
            2.598076211353316
        ]
    },
    "metadata": {
        "score": {
            "total": 0.19990666666666665,
            "gini_score": 0.42533333333333334,
            "sum_score": 0.47,
            "total_normalized": 0.19990666666666665,
            "sum_normalized": 0.47
        },
        "params": {
            "rise_time": 955.593994140625,
            "fall_time": 2417.390869140625,
            "omega": 9.408782005310059,
            "init_detuning": 5.049663066864014,
            "final_detuning": 4.947649002075195
        },
        "mis": [
            [
                0
            ],
            [
                1
            ],
            [
                2
            ],
            [
                3
            ]
        ],
        "mis_size": 1
    },
    "edges": [
        [
            0,
            1
        ],
        [
            0,
            3
        ],
        [
            0,
            2
        ],
        [
            1,
            2
        ],
        [
            1,
            3
        ],
        [
            2,
            3
        ]
    ]
}
