{
    "qubits": {
        "0": [
            1.5,
            -7.794228634059948
        ],
        "1": [
            -1.5,
            -2.598076211353316
        ],
        "2": [
            1.5,
            2.598076211353316
        ],
        "3": [
            -1.5,
            7.794228634059948
        ]
    },
    "metadata": {
        "score": {
            "total": 0.7498504800000001,
            "gini_score": 0.5802,
            "sum_score": 1.2924,
            "total_normalized": 0.37492524000000005,
            "sum_normalized": 0.6462
        },
        "params": {
            "rise_time": 892.150146484375,
            "fall_time": 2229.528076171875,
            "omega": 8.858551979064941,
            "init_detuning": 5.047274589538574,
            "final_detuning": 4.617658615112305
        },
        "mis": [
            [
                0,
                3
            ]
        ],
        "mis_size": 2
    },
    "edges": [
        [
            0,
            1
        ],
        [
            0,
            2
        ],
        [
            1,
            2
        ],
        [
            1,
            3
        ],
        [
            2,
            3
        ]
    ]
}
