{
    "qubits": {
        "0": [
            -7.5,
            -4.330127018922193
        ],
        "1": [
            2.5,
            -4.330127018922193
        ],
        "2": [
            -2.5,
            4.330127018922193
        ],
        "3": [
            7.5,
            4.330127018922193
        ]
    },
    "metadata": {
        "score": {
            "total": 0.39344128000000006,
            "gini_score": 0.5122933333333334,
            "sum_score": 0.768,
            "total_normalized": 0.19672064000000003,
            "sum_normalized": 0.384
        },
        "params": {
            "rise_time": 919.7311401367188,
            "fall_time": 2529.292236328125,
            "omega": 6.8126325607299805,
            "init_detuning": 4.670448303222656,
            "final_detuning": 3.397413969039917
        },
        "mis": [
            [
                0,
                3
            ]
        ],
        "mis_size": 2
    },
    "edges": [
        [
            0,
            1
        ],
        [
            0,
            2
        ],
        [
            1,
            2
        ],
        [
            1,
            3
        ],
        [
            2,
            3
        ]
    ]
}
