{
    "qubits": {
        "0": [
            -8.25,
            -4.763139720814412
        ],
        "1": [
            2.75,
            -4.763139720814412
        ],
        "2": [
            -2.75,
            4.763139720814412
        ],
        "3": [
            8.25,
            4.763139720814412
        ]
    },
    "metadata": {
        "score": {
            "total": 0.344733,
            "gini_score": 0.4566,
            "sum_score": 0.755,
            "total_normalized": 0.1723665,
            "sum_normalized": 0.3775
        },
        "params": {
            "rise_time": 953.5424194335938,
            "fall_time": 2764.56396484375,
            "omega": 6.371603965759277,
            "init_detuning": 4.573616027832031,
            "final_detuning": 3.1619679927825928
        },
        "mis": [
            [
                0,
                3
            ]
        ],
        "mis_size": 2
    },
    "edges": [
        [
            0,
            1
        ],
        [
            0,
            2
        ],
        [
            1,
            2
        ],
        [
            1,
            3
        ],
        [
            2,
            3
        ]
    ]
}
