{
    "qubits": {
        "0": [
            -6.0,
            -3.4641016151377544
        ],
        "1": [
            2.0,
            -3.4641016151377544
        ],
        "2": [
            -2.0,
            3.4641016151377544
        ],
        "3": [
            6.0,
            3.4641016151377544
        ]
    },
    "metadata": {
        "score": {
            "total": 1.104628829090909,
            "gini_score": 0.7637090909090909,
            "sum_score": 1.4464,
            "total_normalized": 0.5523144145454545,
            "sum_normalized": 0.7232
        },
        "params": {
            "rise_time": 800.1703491210938,
            "fall_time": 2107.166748046875,
            "omega": 8.28617000579834,
            "init_detuning": 4.935539245605469,
            "final_detuning": 4.1420722007751465
        },
        "mis": [
            [
                0,
                3
            ]
        ],
        "mis_size": 2
    },
    "edges": [
        [
            0,
            1
        ],
        [
            0,
            2
        ],
        [
            1,
            2
        ],
        [
            1,
            3
        ],
        [
            2,
            3
        ]
    ]
}
