{
    "qubits": {
        "0": [
            -4.0,
            -4.0
        ],
        "1": [
            4.0,
            -4.0
        ],
        "2": [
            -4.0,
            4.0
        ],
        "3": [
            4.0,
            4.0
        ]
    },
    "metadata": {
        "score": {
            "total": 0.342084,
            "gini_score": 0.5361818181818182,
            "sum_score": 0.638,
            "total_normalized": 0.342084,
            "sum_normalized": 0.638
        },
        "params": {
            "rise_time": 771.4442749023438,
            "fall_time": 2225.762939453125,
            "omega": 8.039868354797363,
            "init_detuning": 4.898902893066406,
            "final_detuning": 4.015810966491699
        },
        "mis": [
            [
                0
            ],
            [
                1
            ],
            [
                2
            ],
            [
                3
            ]
        ],
        "mis_size": 1
    },
    "edges": [
        [
            0,
            1
        ],
        [
            0,
            3
        ],
        [
            0,
            2
        ],
        [
            1,
            2
        ],
        [
            1,
            3
        ],
        [
            2,
            3
        ]
    ]
}
