{
    "qubits": {
        "0": [
            -3.5,
            -3.5
        ],
        "1": [
            3.5,
            -3.5
        ],
        "2": [
            -3.5,
            3.5
        ],
        "3": [
            3.5,
            3.5
        ]
    },
    "metadata": {
        "score": {
            "total": 0,
            "gini_score": 0.13605714285714285,
            "sum_score": 0,
            "total_normalized": 0.0,
            "sum_normalized": 0.0
        },
        "params": {
            "rise_time": 892.8203735351562,
            "fall_time": 2209.367919921875,
            "omega": 8.700592994689941,
            "init_detuning": 5.054487228393555,
            "final_detuning": 4.574181079864502
        },
        "mis": [
            [
                0
            ],
            [
                1
            ],
            [
                2
            ],
            [
                3
            ]
        ],
        "mis_size": 1
    },
    "edges": [
        [
            0,
            1
        ],
        [
            0,
            3
        ],
        [
            0,
            2
        ],
        [
            1,
            2
        ],
        [
            1,
            3
        ],
        [
            2,
            3
        ]
    ]
}
