{
    "qubits": {
        "0": [
            0.0,
            -9.0
        ],
        "1": [
            0.0,
            -3.0
        ],
        "2": [
            0.0,
            3.0
        ],
        "3": [
            0.0,
            9.0
        ]
    },
    "metadata": {
        "score": {
            "total": 0.33970096000000005,
            "gini_score": 0.46765,
            "sum_score": 0.7264,
            "total_normalized": 0.16985048000000003,
            "sum_normalized": 0.3632
        },
        "params": {
            "rise_time": 870.3162841796875,
            "fall_time": 2155.282958984375,
            "omega": 8.806328773498535,
            "init_detuning": 5.021337509155273,
            "final_detuning": 4.5173797607421875
        },
        "mis": [
            [
                0,
                3
            ]
        ],
        "mis_size": 2
    },
    "edges": [
        [
            0,
            1
        ],
        [
            0,
            2
        ],
        [
            1,
            2
        ],
        [
            1,
            3
        ],
        [
            2,
            3
        ]
    ]
}
