{
    "qubits": {
        "0": [
            -5.0,
            -5.0
        ],
        "1": [
            5.0,
            -5.0
        ],
        "2": [
            -5.0,
            5.0
        ],
        "3": [
            5.0,
            5.0
        ]
    },
    "metadata": {
        "score": {
            "total": 0.27420876,
            "gini_score": 0.334075,
            "sum_score": 0.8208,
            "total_normalized": 0.13710438,
            "sum_normalized": 0.4104
        },
        "params": {
            "rise_time": 957.9842529296875,
            "fall_time": 2505.379150390625,
            "omega": 6.636497497558594,
            "init_detuning": 4.637253284454346,
            "final_detuning": 3.3120784759521484
        },
        "mis": [
            [
                0,
                3
            ],
            [
                1,
                2
            ]
        ],
        "mis_size": 2
    },
    "edges": [
        [
            0,
            1
        ],
        [
            0,
            2
        ],
        [
            1,
            3
        ],
        [
            2,
            3
        ]
    ]
}
