{
    "qubits": {
        "0": [
            -4.5,
            -4.5
        ],
        "1": [
            4.5,
            -4.5
        ],
        "2": [
            -4.5,
            4.5
        ],
        "3": [
            4.5,
            4.5
        ]
    },
    "metadata": {
        "score": {
            "total": 0.19745691333333334,
            "gini_score": 0.5463666666666667,
            "sum_score": 0.3614,
            "total_normalized": 0.19745691333333334,
            "sum_normalized": 0.3614
        },
        "params": {
            "rise_time": 735.1168212890625,
            "fall_time": 2336.771728515625,
            "omega": 7.126125335693359,
            "init_detuning": 4.754568099975586,
            "final_detuning": 3.6087989807128906
        },
        "mis": [
            [
                0
            ],
            [
                1
            ],
            [
                2
            ],
            [
                3
            ]
        ],
        "mis_size": 1
    },
    "edges": [
        [
            0,
            1
        ],
        [
            0,
            3
        ],
        [
            0,
            2
        ],
        [
            1,
            2
        ],
        [
            1,
            3
        ],
        [
            2,
            3
        ]
    ]
}
