{
    "qubits": {
        "0": [
            -3.0,
            -3.0
        ],
        "1": [
            3.0,
            -3.0
        ],
        "2": [
            -3.0,
            3.0
        ],
        "3": [
            3.0,
            3.0
        ]
    },
    "metadata": {
        "score": {
            "total": 0.3915400799999999,
            "gini_score": 0.4043999999999999,
            "sum_score": 0.9682,
            "total_normalized": 0.3915400799999999,
            "sum_normalized": 0.9682
        },
        "params": {
            "rise_time": 969.3910522460938,
            "fall_time": 2485.900146484375,
            "omega": 6.712855815887451,
            "init_detuning": 5.106301784515381,
            "final_detuning": 5.0217766761779785
        },
        "mis": [
            [
                0
            ],
            [
                1
            ],
            [
                2
            ],
            [
                3
            ]
        ],
        "mis_size": 1
    },
    "edges": [
        [
            0,
            1
        ],
        [
            0,
            3
        ],
        [
            0,
            2
        ],
        [
            1,
            2
        ],
        [
            1,
            3
        ],
        [
            2,
            3
        ]
    ]
}
