{
    "qubits": {
        "0": [
            0.0,
            -16.5
        ],
        "1": [
            0.0,
            -5.5
        ],
        "2": [
            0.0,
            5.5
        ],
        "3": [
            0.0,
            16.5
        ]
    },
    "metadata": {
        "score": {
            "total": 0.43685082000000003,
            "gini_score": 0.64205,
            "sum_score": 0.6804,
            "total_normalized": 0.21842541000000001,
            "sum_normalized": 0.3402
        },
        "params": {
            "rise_time": 753.5850830078125,
            "fall_time": 2247.0341796875,
            "omega": 5.664682388305664,
            "init_detuning": 4.4139509201049805,
            "final_detuning": 2.77571702003479
        },
        "mis": [
            [
                0,
                2
            ],
            [
                0,
                3
            ],
            [
                1,
                3
            ]
        ],
        "mis_size": 2
    },
    "edges": [
        [
            0,
            1
        ],
        [
            1,
            2
        ],
        [
            2,
            3
        ]
    ]
}
