{
    "qubits": {
        "0": [
            0.0,
            -13.5
        ],
        "1": [
            0.0,
            -4.5
        ],
        "2": [
            0.0,
            4.5
        ],
        "3": [
            0.0,
            13.5
        ]
    },
    "metadata": {
        "score": {
            "total": 0.743275296,
            "gini_score": 0.6129600000000001,
            "sum_score": 1.2126,
            "total_normalized": 0.371637648,
            "sum_normalized": 0.6063
        },
        "params": {
            "rise_time": 944.6776123046875,
            "fall_time": 2694.489501953125,
            "omega": 6.440760612487793,
            "init_detuning": 4.576844215393066,
            "final_detuning": 3.175727605819702
        },
        "mis": [
            [
                0,
                2
            ],
            [
                0,
                3
            ],
            [
                1,
                3
            ]
        ],
        "mis_size": 2
    },
    "edges": [
        [
            0,
            1
        ],
        [
            1,
            2
        ],
        [
            2,
            3
        ]
    ]
}
