{
    "qubits": {
        "0": [
            -5.5,
            -5.5
        ],
        "1": [
            5.5,
            -5.5
        ],
        "2": [
            -5.5,
            5.5
        ],
        "3": [
            5.5,
            5.5
        ]
    },
    "metadata": {
        "score": {
            "total": 0,
            "gini_score": 0.28125,
            "sum_score": 0,
            "total_normalized": 0.0,
            "sum_normalized": 0.0
        },
        "params": {
            "rise_time": 933.00146484375,
            "fall_time": 2822.985107421875,
            "omega": 6.213945388793945,
            "init_detuning": 4.544304847717285,
            "final_detuning": 3.091327667236328
        },
        "mis": [
            [
                0,
                3
            ],
            [
                1,
                2
            ]
        ],
        "mis_size": 2
    },
    "edges": [
        [
            0,
            1
        ],
        [
            0,
            2
        ],
        [
            1,
            3
        ],
        [
            2,
            3
        ]
    ]
}
