{
    "qubits": {
        "0": [
            0.0,
            -10.5
        ],
        "1": [
            0.0,
            -3.5
        ],
        "2": [
            0.0,
            3.5
        ],
        "3": [
            0.0,
            10.5
        ]
    },
    "metadata": {
        "score": {
            "total": 0.8039538,
            "gini_score": 0.4794,
            "sum_score": 1.677,
            "total_normalized": 0.4019769,
            "sum_normalized": 0.8385
        },
        "params": {
            "rise_time": 905.07373046875,
            "fall_time": 2703.212158203125,
            "omega": 7.971148490905762,
            "init_detuning": 4.852907180786133,
            "final_detuning": 3.908834218978882
        },
        "mis": [
            [
                0,
                2
            ],
            [
                0,
                3
            ],
            [
                1,
                3
            ]
        ],
        "mis_size": 2
    },
    "edges": [
        [
            0,
            1
        ],
        [
            1,
            2
        ],
        [
            2,
            3
        ]
    ]
}
