{
    "qubits": {
        "q0": [
            -2.0,
            -2.0
        ],
        "q1": [
            2.0,
            -2.0
        ],
        "q2": [
            -2.0,
            2.0
        ],
        "q3": [
            2.0,
            2.0
        ]
    },
    "metadata": {
        "score": {
            "total": 0,
            "gini_score": 0.02392,
            "sum_score": 0,
            "total_normalized": 0.0,
            "sum_normalized": 0.0
        },
        "params": {
            "rise_time": 633.5201416015625,
            "fall_time": 2580.614990234375,
            "omega": 4.6502203941345215,
            "init_detuning": 5.8300323486328125,
            "final_detuning": 3.185835599899292
        },
        "mis": [
            [
                0
            ],
            [
                1
            ],
            [
                2
            ],
            [
                3
            ]
        ],
        "mis_size": 1
    },
    "edges": [
        [
            0,
            1
        ],
        [
            0,
            3
        ],
        [
            0,
            2
        ],
        [
            1,
            2
        ],
        [
            1,
            3
        ],
        [
            2,
            3
        ]
    ]
}
