{
    "qubits": {
        "0": [
            0.0,
            -20.0
        ],
        "1": [
            0.0,
            -10.0
        ],
        "2": [
            0.0,
            0.0
        ],
        "3": [
            0.0,
            10.0
        ],
        "4": [
            0.0,
            20.0
        ]
    },
    "metadata": {
        "score": {
            "total": 1.0067859375,
            "gini_score": 0.6601875,
            "sum_score": 1.525,
            "total_normalized": 0.33559531249999996,
            "sum_normalized": 0.5083333333333333
        },
        "params": {
            "rise_time": 910.929443359375,
            "fall_time": 2724.790771484375,
            "omega": 6.20423698425293,
            "init_detuning": 4.530699729919434,
            "final_detuning": 3.0564959049224854
        },
        "mis": [
            [
                0,
                2,
                4
            ]
        ],
        "mis_size": 3
    },
    "edges": [
        [
            0,
            1
        ],
        [
            1,
            2
        ],
        [
            2,
            3
        ],
        [
            3,
            4
        ]
    ]
}
