{
    "qubits": {
        "0": [
            0.0,
            -14.0
        ],
        "1": [
            0.0,
            -7.0
        ],
        "2": [
            0.0,
            0.0
        ],
        "3": [
            0.0,
            7.0
        ],
        "4": [
            0.0,
            14.0
        ]
    },
    "metadata": {
        "score": {
            "total": 1.1457404307692305,
            "gini_score": 0.5713846153846153,
            "sum_score": 2.0052,
            "total_normalized": 0.3819134769230768,
            "sum_normalized": 0.6684
        },
        "params": {
            "rise_time": 862.4968872070312,
            "fall_time": 2374.280517578125,
            "omega": 8.241606712341309,
            "init_detuning": 4.916435718536377,
            "final_detuning": 4.112578868865967
        },
        "mis": [
            [
                0,
                2,
                4
            ]
        ],
        "mis_size": 3
    },
    "edges": [
        [
            0,
            1
        ],
        [
            1,
            2
        ],
        [
            2,
            3
        ],
        [
            3,
            4
        ]
    ]
}
