{
    "qubits": {
        "0": [
            0.0,
            -22.0
        ],
        "1": [
            0.0,
            -11.0
        ],
        "2": [
            0.0,
            0.0
        ],
        "3": [
            0.0,
            11.0
        ],
        "4": [
            0.0,
            22.0
        ]
    },
    "metadata": {
        "score": {
            "total": 0.7710130075,
            "gini_score": 0.7100875,
            "sum_score": 1.0858,
            "total_normalized": 0.2570043358333333,
            "sum_normalized": 0.3619333333333334
        },
        "params": {
            "rise_time": 815.9765625,
            "fall_time": 2499.623779296875,
            "omega": 5.837928771972656,
            "init_detuning": 4.453151702880859,
            "final_detuning": 2.8698084354400635
        },
        "mis": [
            [
                0,
                2,
                4
            ]
        ],
        "mis_size": 3
    },
    "edges": [
        [
            0,
            1
        ],
        [
            1,
            2
        ],
        [
            2,
            3
        ],
        [
            3,
            4
        ]
    ]
}
