{
    "qubits": {
        "0": [
            0.0,
            -16.0
        ],
        "1": [
            0.0,
            -8.0
        ],
        "2": [
            0.0,
            0.0
        ],
        "3": [
            0.0,
            8.0
        ],
        "4": [
            0.0,
            16.0
        ]
    },
    "metadata": {
        "score": {
            "total": 1.3800405714285713,
            "gini_score": 0.712095238095238,
            "sum_score": 1.938,
            "total_normalized": 0.46001352380952376,
            "sum_normalized": 0.646
        },
        "params": {
            "rise_time": 927.5714721679688,
            "fall_time": 2741.047607421875,
            "omega": 7.435312271118164,
            "init_detuning": 4.759311199188232,
            "final_detuning": 3.6407229900360107
        },
        "mis": [
            [
                0,
                2,
                4
            ]
        ],
        "mis_size": 3
    },
    "edges": [
        [
            0,
            1
        ],
        [
            1,
            2
        ],
        [
            2,
            3
        ],
        [
            3,
            4
        ]
    ]
}
