{
    "qubits": {
        "0": [
            0.0,
            -12.0
        ],
        "1": [
            0.0,
            -6.0
        ],
        "2": [
            0.0,
            0.0
        ],
        "3": [
            0.0,
            6.0
        ],
        "4": [
            0.0,
            12.0
        ]
    },
    "metadata": {
        "score": {
            "total": 0.7019285661538461,
            "gini_score": 0.6034461538461539,
            "sum_score": 1.1632,
            "total_normalized": 0.35096428307692307,
            "sum_normalized": 0.5816
        },
        "params": {
            "rise_time": 904.5614013671875,
            "fall_time": 2284.793212890625,
            "omega": 8.670902252197266,
            "init_detuning": 5.056382179260254,
            "final_detuning": 4.69313383102417
        },
        "mis": [
            [
                0,
                3
            ],
            [
                0,
                4
            ],
            [
                1,
                4
            ]
        ],
        "mis_size": 2
    },
    "edges": [
        [
            0,
            1
        ],
        [
            0,
            2
        ],
        [
            1,
            2
        ],
        [
            1,
            3
        ],
        [
            2,
            4
        ],
        [
            2,
            3
        ],
        [
            4,
            3
        ]
    ]
}
