{
    "qubits": {
        "0": [
            -2.666666666666667,
            -6.928203230275509
        ],
        "1": [
            5.333333333333333,
            -6.928203230275509
        ],
        "2": [
            -6.666666666666667,
            0.0
        ],
        "3": [
            1.333333333333333,
            0.0
        ],
        "4": [
            -2.666666666666667,
            6.928203230275509
        ],
        "5": [
            5.333333333333333,
            6.928203230275509
        ]
    },
    "metadata": {
        "score": {
            "total": 1.8355988666666665,
            "gini_score": 0.7791166666666667,
            "sum_score": 2.356,
            "total_normalized": 0.6118662888888888,
            "sum_normalized": 0.7853333333333333
        },
        "params": {
            "rise_time": 916.2498779296875,
            "fall_time": 2314.7314453125,
            "omega": 9.552359580993652,
            "init_detuning": 5.074341773986816,
            "final_detuning": 4.74560546875
        },
        "mis": [
            [
                1,
                2,
                5
            ]
        ],
        "mis_size": 3
    },
    "edges": [
        [
            0,
            1
        ],
        [
            0,
            3
        ],
        [
            0,
            2
        ],
        [
            1,
            3
        ],
        [
            2,
            4
        ],
        [
            2,
            3
        ],
        [
            4,
            3
        ],
        [
            4,
            5
        ],
        [
            3,
            5
        ]
    ]
}
