{
    "qubits": {
        "0": [
            -7.5,
            -2.598076211353316
        ],
        "1": [
            -1.5,
            -2.598076211353316
        ],
        "2": [
            4.5,
            -2.598076211353316
        ],
        "3": [
            -4.5,
            2.598076211353316
        ],
        "4": [
            1.5,
            2.598076211353316
        ],
        "5": [
            7.5,
            2.598076211353316
        ]
    },
    "metadata": {
        "score": {
            "total": 0.496565563076923,
            "gini_score": 0.5663384615384615,
            "sum_score": 0.8768,
            "total_normalized": 0.2482827815384615,
            "sum_normalized": 0.4384
        },
        "params": {
            "rise_time": 755.28271484375,
            "fall_time": 1890.6068115234375,
            "omega": 5.924557209014893,
            "init_detuning": 4.332965850830078,
            "final_detuning": 2.5669541358947754
        },
        "mis": [
            [
                0,
                5
            ]
        ],
        "mis_size": 2
    },
    "edges": [
        [
            0,
            1
        ],
        [
            0,
            4
        ],
        [
            0,
            3
        ],
        [
            0,
            2
        ],
        [
            1,
            2
        ],
        [
            1,
            5
        ],
        [
            1,
            4
        ],
        [
            1,
            3
        ],
        [
            2,
            4
        ],
        [
            2,
            3
        ],
        [
            2,
            5
        ],
        [
            4,
            3
        ],
        [
            4,
            5
        ],
        [
            3,
            5
        ]
    ]
}
