{
    "qubits": {
        "0": [
            -13.75,
            -4.763139720814412
        ],
        "1": [
            -2.75,
            -4.763139720814412
        ],
        "2": [
            8.25,
            -4.763139720814412
        ],
        "3": [
            -8.25,
            4.763139720814412
        ],
        "4": [
            2.75,
            4.763139720814412
        ],
        "5": [
            13.75,
            4.763139720814412
        ]
    },
    "metadata": {
        "score": {
            "total": 0.37494551,
            "gini_score": 0.61185625,
            "sum_score": 0.6128,
            "total_normalized": 0.187472755,
            "sum_normalized": 0.3064
        },
        "params": {
            "rise_time": 886.6229858398438,
            "fall_time": 2635.476806640625,
            "omega": 7.121140480041504,
            "init_detuning": 4.721441268920898,
            "final_detuning": 3.532086133956909
        },
        "mis": [
            [
                0,
                2
            ],
            [
                0,
                4
            ],
            [
                0,
                5
            ],
            [
                1,
                5
            ],
            [
                2,
                3
            ],
            [
                3,
                5
            ]
        ],
        "mis_size": 2
    },
    "edges": [
        [
            0,
            1
        ],
        [
            0,
            3
        ],
        [
            1,
            2
        ],
        [
            1,
            4
        ],
        [
            1,
            3
        ],
        [
            2,
            4
        ],
        [
            2,
            5
        ],
        [
            4,
            3
        ],
        [
            4,
            5
        ]
    ]
}
