{
    "qubits": {
        "0": [
            -3.666666666666666,
            -9.526279441628825
        ],
        "1": [
            7.333333333333334,
            -9.526279441628825
        ],
        "2": [
            -9.166666666666666,
            0.0
        ],
        "3": [
            1.833333333333334,
            0.0
        ],
        "4": [
            -3.666666666666666,
            9.526279441628825
        ],
        "5": [
            7.333333333333334,
            9.526279441628825
        ]
    },
    "metadata": {
        "score": {
            "total": 0.3827320298305085,
            "gini_score": 0.6245627118644068,
            "sum_score": 0.6128,
            "total_normalized": 0.12757734327683617,
            "sum_normalized": 0.20426666666666668
        },
        "params": {
            "rise_time": 894.7291870117188,
            "fall_time": 2659.822998046875,
            "omega": 7.180794715881348,
            "init_detuning": 4.7314839363098145,
            "final_detuning": 3.5589072704315186
        },
        "mis": [
            [
                1,
                2,
                5
            ]
        ],
        "mis_size": 3
    },
    "edges": [
        [
            0,
            1
        ],
        [
            0,
            3
        ],
        [
            0,
            2
        ],
        [
            1,
            3
        ],
        [
            2,
            4
        ],
        [
            2,
            3
        ],
        [
            4,
            3
        ],
        [
            4,
            5
        ],
        [
            3,
            5
        ]
    ]
}
