{
    "qubits": {
        "0": [
            -3.333333333333334,
            -8.660254037844386
        ],
        "1": [
            6.666666666666666,
            -8.660254037844386
        ],
        "2": [
            -8.333333333333334,
            0.0
        ],
        "3": [
            1.666666666666666,
            0.0
        ],
        "4": [
            -3.333333333333334,
            8.660254037844386
        ],
        "5": [
            6.666666666666666,
            8.660254037844386
        ]
    },
    "metadata": {
        "score": {
            "total": 0.9786680133333334,
            "gini_score": 0.7478740740740741,
            "sum_score": 1.3086,
            "total_normalized": 0.32622267111111114,
            "sum_normalized": 0.4362
        },
        "params": {
            "rise_time": 797.4676513671875,
            "fall_time": 2424.216796875,
            "omega": 7.808184623718262,
            "init_detuning": 4.844307899475098,
            "final_detuning": 3.87174916267395
        },
        "mis": [
            [
                1,
                2,
                5
            ]
        ],
        "mis_size": 3
    },
    "edges": [
        [
            0,
            1
        ],
        [
            0,
            3
        ],
        [
            0,
            2
        ],
        [
            1,
            3
        ],
        [
            2,
            4
        ],
        [
            2,
            3
        ],
        [
            4,
            3
        ],
        [
            4,
            5
        ],
        [
            3,
            5
        ]
    ]
}
