{
    "qubits": {
        "0": [
            -12.5,
            -4.330127018922193
        ],
        "1": [
            -2.5,
            -4.330127018922193
        ],
        "2": [
            7.5,
            -4.330127018922193
        ],
        "3": [
            -7.5,
            4.330127018922193
        ],
        "4": [
            2.5,
            4.330127018922193
        ],
        "5": [
            12.5,
            4.330127018922193
        ]
    },
    "metadata": {
        "score": {
            "total": 0.49490772857142856,
            "gini_score": 0.6402428571428571,
            "sum_score": 0.773,
            "total_normalized": 0.24745386428571428,
            "sum_normalized": 0.3865
        },
        "params": {
            "rise_time": 845.14404296875,
            "fall_time": 2578.259033203125,
            "omega": 7.770881175994873,
            "init_detuning": 4.833725452423096,
            "final_detuning": 3.8398854732513428
        },
        "mis": [
            [
                0,
                2
            ],
            [
                0,
                4
            ],
            [
                0,
                5
            ],
            [
                1,
                5
            ],
            [
                2,
                3
            ],
            [
                3,
                5
            ]
        ],
        "mis_size": 2
    },
    "edges": [
        [
            0,
            1
        ],
        [
            0,
            3
        ],
        [
            1,
            2
        ],
        [
            1,
            4
        ],
        [
            1,
            3
        ],
        [
            2,
            4
        ],
        [
            2,
            5
        ],
        [
            4,
            3
        ],
        [
            4,
            5
        ]
    ]
}
