{
    "qubits": {
        "0": [
            -3.0,
            -7.794228634059947
        ],
        "1": [
            6.0,
            -7.794228634059947
        ],
        "2": [
            -7.5,
            0.0
        ],
        "3": [
            1.5,
            0.0
        ],
        "4": [
            -3.0,
            7.794228634059947
        ],
        "5": [
            6.0,
            7.794228634059947
        ]
    },
    "metadata": {
        "score": {
            "total": 1.4538687343589745,
            "gini_score": 0.7718564102564103,
            "sum_score": 1.8836,
            "total_normalized": 0.48462291145299147,
            "sum_normalized": 0.6278666666666667
        },
        "params": {
            "rise_time": 827.2168579101562,
            "fall_time": 2077.25732421875,
            "omega": 8.557439804077148,
            "init_detuning": 4.969255447387695,
            "final_detuning": 4.278549671173096
        },
        "mis": [
            [
                1,
                2,
                5
            ]
        ],
        "mis_size": 3
    },
    "edges": [
        [
            0,
            1
        ],
        [
            0,
            3
        ],
        [
            0,
            2
        ],
        [
            1,
            3
        ],
        [
            2,
            4
        ],
        [
            2,
            3
        ],
        [
            4,
            3
        ],
        [
            4,
            5
        ],
        [
            3,
            5
        ]
    ]
}
