{
    "qubits": {
        "0": [
            -2.0,
            -5.196152422706632
        ],
        "1": [
            4.0,
            -5.196152422706632
        ],
        "2": [
            -5.0,
            0.0
        ],
        "3": [
            1.0,
            0.0
        ],
        "4": [
            -2.0,
            5.196152422706632
        ],
        "5": [
            4.0,
            5.196152422706632
        ]
    },
    "metadata": {
        "score": {
            "total": 0.19475794285714285,
            "gini_score": 0.3926571428571428,
            "sum_score": 0.496,
            "total_normalized": 0.19475794285714285,
            "sum_normalized": 0.496
        },
        "params": {
            "rise_time": 738.1353149414062,
            "fall_time": 1860.501708984375,
            "omega": 5.52559757232666,
            "init_detuning": 4.261453628540039,
            "final_detuning": 2.53696870803833
        },
        "mis": [
            [
                0
            ],
            [
                1
            ],
            [
                2
            ],
            [
                3
            ],
            [
                4
            ],
            [
                5
            ]
        ],
        "mis_size": 1
    },
    "edges": [
        [
            0,
            1
        ],
        [
            0,
            4
        ],
        [
            0,
            3
        ],
        [
            0,
            2
        ],
        [
            0,
            5
        ],
        [
            1,
            2
        ],
        [
            1,
            5
        ],
        [
            1,
            4
        ],
        [
            1,
            3
        ],
        [
            2,
            4
        ],
        [
            2,
            3
        ],
        [
            2,
            5
        ],
        [
            4,
            3
        ],
        [
            4,
            5
        ],
        [
            3,
            5
        ]
    ]
}
