{
    "qubits": {
        "0": [
            -5.0,
            -10.0
        ],
        "1": [
            5.0,
            -10.0
        ],
        "2": [
            -5.0,
            0.0
        ],
        "3": [
            5.0,
            0.0
        ],
        "4": [
            -5.0,
            10.0
        ],
        "5": [
            5.0,
            10.0
        ]
    },
    "metadata": {
        "score": {
            "total": 0.9833019254237289,
            "gini_score": 0.6895525423728814,
            "sum_score": 1.426,
            "total_normalized": 0.3277673084745763,
            "sum_normalized": 0.47533333333333333
        },
        "params": {
            "rise_time": 808.4991455078125,
            "fall_time": 2523.5556640625,
            "omega": 7.461636543273926,
            "init_detuning": 4.7918901443481445,
            "final_detuning": 3.7166693210601807
        },
        "mis": [
            [
                0,
                3,
                4
            ],
            [
                1,
                2,
                5
            ]
        ],
        "mis_size": 3
    },
    "edges": [
        [
            0,
            1
        ],
        [
            0,
            2
        ],
        [
            1,
            3
        ],
        [
            2,
            4
        ],
        [
            2,
            3
        ],
        [
            4,
            5
        ],
        [
            3,
            5
        ]
    ]
}
