{
    "qubits": {
        "0": [
            -4.0,
            -8.0
        ],
        "1": [
            4.0,
            -8.0
        ],
        "2": [
            -4.0,
            0.0
        ],
        "3": [
            4.0,
            0.0
        ],
        "4": [
            -4.0,
            8.0
        ],
        "5": [
            4.0,
            8.0
        ]
    },
    "metadata": {
        "score": {
            "total": 0.9516644148148148,
            "gini_score": 0.7044148148148148,
            "sum_score": 1.351,
            "total_normalized": 0.4758322074074074,
            "sum_normalized": 0.6755
        },
        "params": {
            "rise_time": 890.2391357421875,
            "fall_time": 2211.36767578125,
            "omega": 8.75002384185791,
            "init_detuning": 5.049090385437012,
            "final_detuning": 4.585137844085693
        },
        "mis": [
            [
                0,
                4
            ],
            [
                0,
                5
            ],
            [
                1,
                4
            ],
            [
                1,
                5
            ]
        ],
        "mis_size": 2
    },
    "edges": [
        [
            0,
            1
        ],
        [
            0,
            3
        ],
        [
            0,
            2
        ],
        [
            1,
            2
        ],
        [
            1,
            3
        ],
        [
            2,
            4
        ],
        [
            2,
            3
        ],
        [
            2,
            5
        ],
        [
            4,
            3
        ],
        [
            4,
            5
        ],
        [
            3,
            5
        ]
    ]
}
