{
    "qubits": {
        "0": [
            0.0,
            -15.0
        ],
        "1": [
            0.0,
            -9.0
        ],
        "2": [
            0.0,
            -3.0
        ],
        "3": [
            0.0,
            3.0
        ],
        "4": [
            0.0,
            9.0
        ],
        "5": [
            0.0,
            15.0
        ]
    },
    "metadata": {
        "score": {
            "total": 0.46679382857142854,
            "gini_score": 0.6205714285714286,
            "sum_score": 0.7522,
            "total_normalized": 0.23339691428571427,
            "sum_normalized": 0.3761
        },
        "params": {
            "rise_time": 921.3340454101562,
            "fall_time": 2343.817626953125,
            "omega": 8.559004783630371,
            "init_detuning": 5.066586017608643,
            "final_detuning": 4.781271457672119
        },
        "mis": [
            [
                0,
                3
            ],
            [
                0,
                4
            ],
            [
                0,
                5
            ],
            [
                1,
                4
            ],
            [
                1,
                5
            ],
            [
                2,
                5
            ]
        ],
        "mis_size": 2
    },
    "edges": [
        [
            0,
            1
        ],
        [
            0,
            2
        ],
        [
            1,
            2
        ],
        [
            1,
            3
        ],
        [
            2,
            4
        ],
        [
            2,
            3
        ],
        [
            4,
            3
        ],
        [
            4,
            5
        ],
        [
            3,
            5
        ]
    ]
}
