{
    "qubits": {
        "0": [
            0.0,
            -17.5
        ],
        "1": [
            0.0,
            -10.5
        ],
        "2": [
            0.0,
            -3.5
        ],
        "3": [
            0.0,
            3.5
        ],
        "4": [
            0.0,
            10.5
        ],
        "5": [
            0.0,
            17.5
        ]
    },
    "metadata": {
        "score": {
            "total": 1.2067549866666667,
            "gini_score": 0.5322666666666667,
            "sum_score": 2.2672,
            "total_normalized": 0.40225166222222225,
            "sum_normalized": 0.7557333333333333
        },
        "params": {
            "rise_time": 843.7499389648438,
            "fall_time": 2237.929443359375,
            "omega": 8.369427680969238,
            "init_detuning": 4.957667827606201,
            "final_detuning": 4.257396221160889
        },
        "mis": [
            [
                0,
                2,
                4
            ],
            [
                0,
                2,
                5
            ],
            [
                0,
                3,
                5
            ],
            [
                1,
                3,
                5
            ]
        ],
        "mis_size": 3
    },
    "edges": [
        [
            0,
            1
        ],
        [
            1,
            2
        ],
        [
            2,
            3
        ],
        [
            3,
            4
        ],
        [
            4,
            5
        ]
    ]
}
