{
    "qubits": {
        "0": [
            0.0,
            -27.5
        ],
        "1": [
            0.0,
            -16.5
        ],
        "2": [
            0.0,
            -5.5
        ],
        "3": [
            0.0,
            5.5
        ],
        "4": [
            0.0,
            16.5
        ],
        "5": [
            0.0,
            27.5
        ]
    },
    "metadata": {
        "score": {
            "total": 0.4330591081967212,
            "gini_score": 0.6249049180327868,
            "sum_score": 0.693,
            "total_normalized": 0.14435303606557373,
            "sum_normalized": 0.23099999999999998
        },
        "params": {
            "rise_time": 854.0452270507812,
            "fall_time": 2622.853271484375,
            "omega": 5.9632768630981445,
            "init_detuning": 4.4814677238464355,
            "final_detuning": 2.9376516342163086
        },
        "mis": [
            [
                0,
                2,
                4
            ],
            [
                0,
                2,
                5
            ],
            [
                0,
                3,
                5
            ],
            [
                1,
                3,
                5
            ]
        ],
        "mis_size": 3
    },
    "edges": [
        [
            0,
            1
        ],
        [
            1,
            2
        ],
        [
            2,
            3
        ],
        [
            3,
            4
        ],
        [
            4,
            5
        ]
    ]
}
