{
    "qubits": {
        "0": [
            -5.5,
            -11.0
        ],
        "1": [
            5.5,
            -11.0
        ],
        "2": [
            -5.5,
            0.0
        ],
        "3": [
            5.5,
            0.0
        ],
        "4": [
            -5.5,
            11.0
        ],
        "5": [
            5.5,
            11.0
        ]
    },
    "metadata": {
        "score": {
            "total": 0.6841746875,
            "gini_score": 0.62265625,
            "sum_score": 1.0988,
            "total_normalized": 0.22805822916666665,
            "sum_normalized": 0.3662666666666667
        },
        "params": {
            "rise_time": 911.9493408203125,
            "fall_time": 2593.138916015625,
            "omega": 6.884997367858887,
            "init_detuning": 4.682168483734131,
            "final_detuning": 3.4282381534576416
        },
        "mis": [
            [
                0,
                3,
                4
            ],
            [
                1,
                2,
                5
            ]
        ],
        "mis_size": 3
    },
    "edges": [
        [
            0,
            1
        ],
        [
            0,
            2
        ],
        [
            1,
            3
        ],
        [
            2,
            4
        ],
        [
            2,
            3
        ],
        [
            4,
            5
        ],
        [
            3,
            5
        ]
    ]
}
