{
    "qubits": {
        "0": [
            -3.5,
            -7.0
        ],
        "1": [
            3.5,
            -7.0
        ],
        "2": [
            -3.5,
            0.0
        ],
        "3": [
            3.5,
            0.0
        ],
        "4": [
            -3.5,
            7.0
        ],
        "5": [
            3.5,
            7.0
        ]
    },
    "metadata": {
        "score": {
            "total": 0.99112936,
            "gini_score": 0.6060470588235294,
            "sum_score": 1.6354,
            "total_normalized": 0.49556468,
            "sum_normalized": 0.8177
        },
        "params": {
            "rise_time": 953.9628295898438,
            "fall_time": 2447.070068359375,
            "omega": 9.839099884033203,
            "init_detuning": 5.089900970458984,
            "final_detuning": 4.972175121307373
        },
        "mis": [
            [
                0,
                4
            ],
            [
                0,
                5
            ],
            [
                1,
                4
            ],
            [
                1,
                5
            ]
        ],
        "mis_size": 2
    },
    "edges": [
        [
            0,
            1
        ],
        [
            0,
            3
        ],
        [
            0,
            2
        ],
        [
            1,
            2
        ],
        [
            1,
            3
        ],
        [
            2,
            4
        ],
        [
            2,
            3
        ],
        [
            2,
            5
        ],
        [
            4,
            3
        ],
        [
            4,
            5
        ],
        [
            3,
            5
        ]
    ]
}
