{
    "qubits": {
        "0": [
            -11.0,
            -5.5
        ],
        "1": [
            0.0,
            -5.5
        ],
        "2": [
            11.0,
            -5.5
        ],
        "3": [
            -11.0,
            5.5
        ],
        "4": [
            0.0,
            5.5
        ],
        "5": [
            11.0,
            5.5
        ]
    },
    "metadata": {
        "score": {
            "total": 0.6584882222222221,
            "gini_score": 0.6069015873015873,
            "sum_score": 1.085,
            "total_normalized": 0.21949607407407404,
            "sum_normalized": 0.36166666666666664
        },
        "params": {
            "rise_time": 911.9493408203125,
            "fall_time": 2593.138916015625,
            "omega": 6.884997367858887,
            "init_detuning": 4.682168483734131,
            "final_detuning": 3.4282381534576416
        },
        "mis": [
            [
                0,
                2,
                4
            ],
            [
                1,
                3,
                5
            ]
        ],
        "mis_size": 3
    },
    "edges": [
        [
            0,
            1
        ],
        [
            0,
            3
        ],
        [
            1,
            2
        ],
        [
            1,
            4
        ],
        [
            2,
            5
        ],
        [
            3,
            4
        ],
        [
            4,
            5
        ]
    ]
}
