{
    "qubits": {
        "0": [
            -10.0,
            -5.0
        ],
        "1": [
            0.0,
            -5.0
        ],
        "2": [
            10.0,
            -5.0
        ],
        "3": [
            -10.0,
            5.0
        ],
        "4": [
            0.0,
            5.0
        ],
        "5": [
            10.0,
            5.0
        ]
    },
    "metadata": {
        "score": {
            "total": 0.9572183647457626,
            "gini_score": 0.6810033898305085,
            "sum_score": 1.4056,
            "total_normalized": 0.31907278824858754,
            "sum_normalized": 0.4685333333333333
        },
        "params": {
            "rise_time": 808.4991455078125,
            "fall_time": 2523.555908203125,
            "omega": 7.461636066436768,
            "init_detuning": 4.7918901443481445,
            "final_detuning": 3.7166693210601807
        },
        "mis": [
            [
                0,
                2,
                4
            ],
            [
                1,
                3,
                5
            ]
        ],
        "mis_size": 3
    },
    "edges": [
        [
            0,
            1
        ],
        [
            0,
            3
        ],
        [
            1,
            2
        ],
        [
            1,
            4
        ],
        [
            2,
            5
        ],
        [
            3,
            4
        ],
        [
            4,
            5
        ]
    ]
}
