{
    "qubits": {
        "0": [
            0.0,
            -22.5
        ],
        "1": [
            0.0,
            -13.5
        ],
        "2": [
            0.0,
            -4.5
        ],
        "3": [
            0.0,
            4.5
        ],
        "4": [
            0.0,
            13.5
        ],
        "5": [
            0.0,
            22.5
        ]
    },
    "metadata": {
        "score": {
            "total": 1.3503236834782608,
            "gini_score": 0.6853739130434783,
            "sum_score": 1.9702,
            "total_normalized": 0.4501078944927536,
            "sum_normalized": 0.6567333333333333
        },
        "params": {
            "rise_time": 863.5172119140625,
            "fall_time": 2530.962646484375,
            "omega": 6.851709365844727,
            "init_detuning": 4.668886184692383,
            "final_detuning": 3.401721239089966
        },
        "mis": [
            [
                0,
                2,
                4
            ],
            [
                0,
                2,
                5
            ],
            [
                0,
                3,
                5
            ],
            [
                1,
                3,
                5
            ]
        ],
        "mis_size": 3
    },
    "edges": [
        [
            0,
            1
        ],
        [
            1,
            2
        ],
        [
            2,
            3
        ],
        [
            3,
            4
        ],
        [
            4,
            5
        ]
    ]
}
