{
    "qubits": {
        "0": [
            -3.0,
            -6.0
        ],
        "1": [
            3.0,
            -6.0
        ],
        "2": [
            -3.0,
            0.0
        ],
        "3": [
            3.0,
            0.0
        ],
        "4": [
            -3.0,
            6.0
        ],
        "5": [
            3.0,
            6.0
        ]
    },
    "metadata": {
        "score": {
            "total": 0.8827146240000001,
            "gini_score": 0.6965866666666667,
            "sum_score": 1.2672,
            "total_normalized": 0.44135731200000006,
            "sum_normalized": 0.6336
        },
        "params": {
            "rise_time": 838.3848266601562,
            "fall_time": 2218.156494140625,
            "omega": 8.361016273498535,
            "init_detuning": 4.63427209854126,
            "final_detuning": 3.4481842517852783
        },
        "mis": [
            [
                0,
                5
            ],
            [
                1,
                4
            ]
        ],
        "mis_size": 2
    },
    "edges": [
        [
            0,
            1
        ],
        [
            0,
            4
        ],
        [
            0,
            3
        ],
        [
            0,
            2
        ],
        [
            1,
            2
        ],
        [
            1,
            5
        ],
        [
            1,
            3
        ],
        [
            2,
            4
        ],
        [
            2,
            3
        ],
        [
            2,
            5
        ],
        [
            4,
            3
        ],
        [
            4,
            5
        ],
        [
            3,
            5
        ]
    ]
}
