{
    "qubits": {
        "0": [
            0.0,
            -20.0
        ],
        "1": [
            0.0,
            -12.0
        ],
        "2": [
            0.0,
            -4.0
        ],
        "3": [
            0.0,
            4.0
        ],
        "4": [
            0.0,
            12.0
        ],
        "5": [
            0.0,
            20.0
        ]
    },
    "metadata": {
        "score": {
            "total": 1.5084606021052633,
            "gini_score": 0.7239684210526316,
            "sum_score": 2.0836,
            "total_normalized": 0.5028202007017545,
            "sum_normalized": 0.6945333333333333
        },
        "params": {
            "rise_time": 913.8343505859375,
            "fall_time": 2717.608154296875,
            "omega": 7.661532878875732,
            "init_detuning": 4.802011966705322,
            "final_detuning": 3.758680582046509
        },
        "mis": [
            [
                0,
                2,
                4
            ],
            [
                0,
                2,
                5
            ],
            [
                0,
                3,
                5
            ],
            [
                1,
                3,
                5
            ]
        ],
        "mis_size": 3
    },
    "edges": [
        [
            0,
            1
        ],
        [
            1,
            2
        ],
        [
            2,
            3
        ],
        [
            3,
            4
        ],
        [
            4,
            5
        ]
    ]
}
