{
    "qubits": {
        "0": [
            0.0,
            -25.0
        ],
        "1": [
            0.0,
            -15.0
        ],
        "2": [
            0.0,
            -5.0
        ],
        "3": [
            0.0,
            5.0
        ],
        "4": [
            0.0,
            15.0
        ],
        "5": [
            0.0,
            25.0
        ]
    },
    "metadata": {
        "score": {
            "total": 0.9734855430508474,
            "gini_score": 0.6687864406779661,
            "sum_score": 1.4556,
            "total_normalized": 0.32449518101694913,
            "sum_normalized": 0.4852
        },
        "params": {
            "rise_time": 925.7611083984375,
            "fall_time": 2654.63818359375,
            "omega": 6.3490424156188965,
            "init_detuning": 4.563627243041992,
            "final_detuning": 3.136519193649292
        },
        "mis": [
            [
                0,
                2,
                4
            ],
            [
                0,
                2,
                5
            ],
            [
                0,
                3,
                5
            ],
            [
                1,
                3,
                5
            ]
        ],
        "mis_size": 3
    },
    "edges": [
        [
            0,
            1
        ],
        [
            1,
            2
        ],
        [
            2,
            3
        ],
        [
            3,
            4
        ],
        [
            4,
            5
        ]
    ]
}
