{
    "qubits": {
        "0": [
            -7.0,
            -3.5
        ],
        "1": [
            0.0,
            -3.5
        ],
        "2": [
            7.0,
            -3.5
        ],
        "3": [
            -7.0,
            3.5
        ],
        "4": [
            0.0,
            3.5
        ],
        "5": [
            7.0,
            3.5
        ]
    },
    "metadata": {
        "score": {
            "total": 0.9775865223529411,
            "gini_score": 0.6022588235294117,
            "sum_score": 1.6232,
            "total_normalized": 0.48879326117647054,
            "sum_normalized": 0.8116
        },
        "params": {
            "rise_time": 953.9627685546875,
            "fall_time": 2447.070068359375,
            "omega": 9.839099884033203,
            "init_detuning": 5.089900970458984,
            "final_detuning": 4.972175598144531
        },
        "mis": [
            [
                0,
                2
            ],
            [
                0,
                5
            ],
            [
                2,
                3
            ],
            [
                3,
                5
            ]
        ],
        "mis_size": 2
    },
    "edges": [
        [
            0,
            1
        ],
        [
            0,
            4
        ],
        [
            0,
            3
        ],
        [
            1,
            2
        ],
        [
            1,
            5
        ],
        [
            1,
            4
        ],
        [
            1,
            3
        ],
        [
            2,
            4
        ],
        [
            2,
            5
        ],
        [
            4,
            3
        ],
        [
            4,
            5
        ]
    ]
}
