{
    "qubits": {
        "0": [
            0.0,
            0
        ],
        "1": [
            0.0,
            11
        ],
        "2": [
            9.526279441628825,
            11
        ],
        "3": [
            0.0,
            22
        ],
        "4": [
            9.526279441628825,
            22
        ],
        "5": [
            19.05255888325765,
            22
        ]
    },
    "metadata": {
        "score": {
            "total": 1.4337896027586206,
            "gini_score": 0.7254551724137931,
            "sum_score": 1.9764,
            "total_normalized": 0.35844740068965514,
            "sum_normalized": 0.4941
        },
        "params": {
            "rise_time": 889.9481201171875,
            "fall_time": 2646.188232421875,
            "omega": 7.107484817504883,
            "init_detuning": 4.7103142738342285,
            "final_detuning": 3.508929491043091
        },
        "mis": [
            [
                0,
                2,
                3,
                5
            ]
        ],
        "mis_size": 4
    },
    "edges": [
        [
            0,
            1
        ],
        [
            1,
            2
        ],
        [
            1,
            3
        ],
        [
            2,
            4
        ],
        [
            4,
            3
        ],
        [
            4,
            5
        ]
    ]
}
