{
    "qubits": {
        "0": [
            0.0,
            0
        ],
        "1": [
            0.0,
            10
        ],
        "2": [
            8.660254037844386,
            10
        ],
        "3": [
            0.0,
            20
        ],
        "4": [
            8.660254037844386,
            20
        ],
        "5": [
            17.32050807568877,
            20
        ]
    },
    "metadata": {
        "score": {
            "total": 0.3278177127272727,
            "gini_score": 0.7393272727272727,
            "sum_score": 0.4434,
            "total_normalized": 0.10927257090909091,
            "sum_normalized": 0.14780000000000001
        },
        "params": {
            "rise_time": 908.1922607421875,
            "fall_time": 2748.98583984375,
            "omega": 7.789177417755127,
            "init_detuning": 4.820498466491699,
            "final_detuning": 3.812129259109497
        },
        "mis": [
            [
                0,
                3,
                5
            ]
        ],
        "mis_size": 3
    },
    "edges": [
        [
            0,
            1
        ],
        [
            0,
            2
        ],
        [
            1,
            2
        ],
        [
            1,
            4
        ],
        [
            1,
            3
        ],
        [
            2,
            4
        ],
        [
            2,
            3
        ],
        [
            2,
            5
        ],
        [
            4,
            3
        ],
        [
            4,
            5
        ]
    ]
}
