{
    "qubits": {
        "0": [
            0.0,
            0
        ],
        "1": [
            0.0,
            9
        ],
        "2": [
            7.794228634059947,
            9
        ],
        "3": [
            0.0,
            18
        ],
        "4": [
            7.794228634059947,
            18
        ],
        "5": [
            15.588457268119894,
            18
        ]
    },
    "metadata": {
        "score": {
            "total": 1.1641130354285711,
            "gini_score": 0.7841257142857142,
            "sum_score": 1.4846,
            "total_normalized": 0.38803767847619036,
            "sum_normalized": 0.4948666666666666
        },
        "params": {
            "rise_time": 880.1683349609375,
            "fall_time": 2293.283447265625,
            "omega": 8.38099193572998,
            "init_detuning": 4.943955421447754,
            "final_detuning": 4.207268714904785
        },
        "mis": [
            [
                0,
                3,
                5
            ]
        ],
        "mis_size": 3
    },
    "edges": [
        [
            0,
            1
        ],
        [
            0,
            2
        ],
        [
            1,
            2
        ],
        [
            1,
            4
        ],
        [
            1,
            3
        ],
        [
            2,
            4
        ],
        [
            2,
            3
        ],
        [
            2,
            5
        ],
        [
            4,
            3
        ],
        [
            4,
            5
        ]
    ]
}
