{
    "qubits": {
        "0": [
            0.0,
            0
        ],
        "1": [
            0.0,
            8
        ],
        "2": [
            6.928203230275509,
            8
        ],
        "3": [
            0.0,
            16
        ],
        "4": [
            6.928203230275509,
            16
        ],
        "5": [
            13.856406460551018,
            16
        ]
    },
    "metadata": {
        "score": {
            "total": 1.8186976914285715,
            "gini_score": 0.7790857142857143,
            "sum_score": 2.3344,
            "total_normalized": 0.6062325638095238,
            "sum_normalized": 0.7781333333333333
        },
        "params": {
            "rise_time": 898.1297607421875,
            "fall_time": 2261.00341796875,
            "omega": 8.829964637756348,
            "init_detuning": 5.051506042480469,
            "final_detuning": 4.665318012237549
        },
        "mis": [
            [
                0,
                3,
                5
            ]
        ],
        "mis_size": 3
    },
    "edges": [
        [
            0,
            1
        ],
        [
            0,
            2
        ],
        [
            1,
            2
        ],
        [
            1,
            4
        ],
        [
            1,
            3
        ],
        [
            2,
            4
        ],
        [
            2,
            3
        ],
        [
            2,
            5
        ],
        [
            4,
            3
        ],
        [
            4,
            5
        ]
    ]
}
