{
    "qubits": {
        "q0": [
            -6.88,
            -5.94
        ],
        "q1": [
            0.07,
            -6.09
        ],
        "q2": [
            7.2,
            -6.1
        ],
        "q3": [
            -3.49,
            -0.23
        ],
        "q4": [
            3.84,
            -0.29
        ],
        "q5": [
            0.0,
            5.33
        ]
    },
    "metadata": {
        "score": {
            "total": 0.24532322285714284,
            "gini_score": 0.5363428571428571,
            "sum_score": 0.4574,
            "total_normalized": 0.12266161142857142,
            "sum_normalized": 0.2287
        },
        "params": {
            "rise_time": 930.802978515625,
            "fall_time": 2386.137939453125,
            "omega": 11.169683456420898,
            "init_detuning": 4.985293388366699,
            "final_detuning": 4.821531295776367
        },
        "mis": [
            [
                0,
                2
            ],
            [
                2,
                5
            ]
        ],
        "mis_size": 2
    },
    "edges": [
        [
            0,
            1
        ],
        [
            0,
            4
        ],
        [
            0,
            3
        ],
        [
            0,
            5
        ],
        [
            1,
            2
        ],
        [
            1,
            5
        ],
        [
            1,
            4
        ],
        [
            1,
            3
        ],
        [
            2,
            4
        ],
        [
            2,
            3
        ],
        [
            4,
            3
        ],
        [
            4,
            5
        ],
        [
            3,
            5
        ]
    ]
}
