{
    "qubits": {
        "q0": [
            10.23,
            0.0
        ],
        "q1": [
            6.38,
            8.0
        ],
        "q2": [
            -2.28,
            9.98
        ],
        "q3": [
            -9.22,
            4.44
        ],
        "q4": [
            -9.22,
            -4.44
        ],
        "q5": [
            -2.28,
            -9.98
        ],
        "q6": [
            6.38,
            -8.0
        ]
    },
    "metadata": {
        "score": {
            "total": 1.2448794320879122,
            "gini_score": 0.7152835164835165,
            "sum_score": 1.7404,
            "total_normalized": 0.4149598106959707,
            "sum_normalized": 0.5801333333333333
        },
        "params": {
            "rise_time": 760.716552734375,
            "fall_time": 2238.293212890625,
            "omega": 7.954791069030762,
            "init_detuning": 4.884886741638184,
            "final_detuning": 3.9733664989471436
        },
        "mis": [
            [
                0,
                2,
                4
            ],
            [
                0,
                2,
                5
            ],
            [
                0,
                3,
                5
            ],
            [
                1,
                3,
                5
            ],
            [
                1,
                3,
                6
            ],
            [
                1,
                4,
                6
            ],
            [
                2,
                4,
                6
            ]
        ],
        "mis_size": 3
    },
    "edges": [
        [
            0,
            1
        ],
        [
            0,
            6
        ],
        [
            1,
            2
        ],
        [
            2,
            3
        ],
        [
            3,
            4
        ],
        [
            4,
            5
        ],
        [
            6,
            5
        ]
    ]
}
