{
    "qubits": {
        "0": [
            0.0,
            0.0
        ],
        "1": [
            -3.0,
            5.196152422706632
        ],
        "2": [
            3.0,
            5.196152422706632
        ],
        "3": [
            6.0,
            0.0
        ],
        "4": [
            3.0,
            -5.196152422706632
        ],
        "5": [
            -3.0,
            -5.196152422706632
        ],
        "6": [
            -6.0,
            0.0
        ]
    },
    "metadata": {
        "score": {
            "total": 0.2427306694736842,
            "gini_score": 0.4057684210526316,
            "sum_score": 0.5982,
            "total_normalized": 0.2427306694736842,
            "sum_normalized": 0.5982
        },
        "params": {
            "rise_time": 621.2769775390625,
            "fall_time": 2095.748291015625,
            "omega": 8.130353927612305,
            "init_detuning": 5.653951168060303,
            "final_detuning": 2.627732276916504
        },
        "mis": [
            [
                0
            ],
            [
                1
            ],
            [
                2
            ],
            [
                3
            ],
            [
                4
            ],
            [
                5
            ],
            [
                6
            ]
        ],
        "mis_size": 1
    },
    "edges": [
        [
            3,
            4
        ],
        [
            3,
            1
        ],
        [
            3,
            6
        ],
        [
            3,
            5
        ],
        [
            3,
            0
        ],
        [
            3,
            2
        ],
        [
            4,
            6
        ],
        [
            4,
            5
        ],
        [
            4,
            2
        ],
        [
            4,
            0
        ],
        [
            4,
            1
        ],
        [
            6,
            1
        ],
        [
            6,
            5
        ],
        [
            6,
            0
        ],
        [
            6,
            2
        ],
        [
            0,
            2
        ],
        [
            0,
            5
        ],
        [
            0,
            1
        ],
        [
            2,
            5
        ],
        [
            2,
            1
        ],
        [
            5,
            1
        ]
    ]
}
