{
    "qubits": {
        "0": [
            0.0,
            -33.0
        ],
        "1": [
            0.0,
            -22.0
        ],
        "2": [
            0.0,
            -11.0
        ],
        "3": [
            0.0,
            0.0
        ],
        "4": [
            0.0,
            11.0
        ],
        "5": [
            0.0,
            22.0
        ],
        "6": [
            0.0,
            33.0
        ]
    },
    "metadata": {
        "score": {
            "total": 0.5652898634146343,
            "gini_score": 0.5944162601626017,
            "sum_score": 0.951,
            "total_normalized": 0.14132246585365857,
            "sum_normalized": 0.23775
        },
        "params": {
            "rise_time": 878.6513671875,
            "fall_time": 2674.551025390625,
            "omega": 6.058311462402344,
            "init_detuning": 4.502985954284668,
            "final_detuning": 2.989227533340454
        },
        "mis": [
            [
                0,
                2,
                4,
                6
            ]
        ],
        "mis_size": 4
    },
    "edges": [
        [
            0,
            1
        ],
        [
            1,
            2
        ],
        [
            2,
            3
        ],
        [
            3,
            4
        ],
        [
            4,
            5
        ],
        [
            5,
            6
        ]
    ]
}
