{
    "qubits": {
        "0": [
            0.0,
            -24.0
        ],
        "1": [
            0.0,
            -16.0
        ],
        "2": [
            0.0,
            -8.0
        ],
        "3": [
            0.0,
            0.0
        ],
        "4": [
            0.0,
            8.0
        ],
        "5": [
            0.0,
            16.0
        ],
        "6": [
            0.0,
            24.0
        ]
    },
    "metadata": {
        "score": {
            "total": 2.2264343552542374,
            "gini_score": 0.788006779661017,
            "sum_score": 2.8254,
            "total_normalized": 0.5566085888135593,
            "sum_normalized": 0.70635
        },
        "params": {
            "rise_time": 904.2020263671875,
            "fall_time": 2665.68896484375,
            "omega": 7.818942546844482,
            "init_detuning": 4.833485126495361,
            "final_detuning": 3.8483216762542725
        },
        "mis": [
            [
                0,
                2,
                4,
                6
            ]
        ],
        "mis_size": 4
    },
    "edges": [
        [
            0,
            1
        ],
        [
            1,
            2
        ],
        [
            2,
            3
        ],
        [
            3,
            4
        ],
        [
            4,
            5
        ],
        [
            5,
            6
        ]
    ]
}
