{
    "qubits": {
        "0": [
            0.0,
            -30.0
        ],
        "1": [
            0.0,
            -20.0
        ],
        "2": [
            0.0,
            -10.0
        ],
        "3": [
            0.0,
            0.0
        ],
        "4": [
            0.0,
            10.0
        ],
        "5": [
            0.0,
            20.0
        ],
        "6": [
            0.0,
            30.0
        ]
    },
    "metadata": {
        "score": {
            "total": 1.0138945164912279,
            "gini_score": 0.6236280701754385,
            "sum_score": 1.6258,
            "total_normalized": 0.25347362912280696,
            "sum_normalized": 0.40645
        },
        "params": {
            "rise_time": 927.2870483398438,
            "fall_time": 2604.09326171875,
            "omega": 6.456273078918457,
            "init_detuning": 4.58856201171875,
            "final_detuning": 3.1973583698272705
        },
        "mis": [
            [
                0,
                2,
                4,
                6
            ]
        ],
        "mis_size": 4
    },
    "edges": [
        [
            0,
            1
        ],
        [
            1,
            2
        ],
        [
            2,
            3
        ],
        [
            3,
            4
        ],
        [
            4,
            5
        ],
        [
            5,
            6
        ]
    ]
}
