{
    "qubits": {
        "0": [
            0.0,
            -27.0
        ],
        "1": [
            0.0,
            -18.0
        ],
        "2": [
            0.0,
            -9.0
        ],
        "3": [
            0.0,
            0.0
        ],
        "4": [
            0.0,
            9.0
        ],
        "5": [
            0.0,
            18.0
        ],
        "6": [
            0.0,
            27.0
        ]
    },
    "metadata": {
        "score": {
            "total": 2.088014835454545,
            "gini_score": 0.793740909090909,
            "sum_score": 2.6306,
            "total_normalized": 0.5220037088636362,
            "sum_normalized": 0.65765
        },
        "params": {
            "rise_time": 841.029296875,
            "fall_time": 2528.467041015625,
            "omega": 6.995104789733887,
            "init_detuning": 4.697591781616211,
            "final_detuning": 3.474318742752075
        },
        "mis": [
            [
                0,
                2,
                4,
                6
            ]
        ],
        "mis_size": 4
    },
    "edges": [
        [
            0,
            1
        ],
        [
            1,
            2
        ],
        [
            2,
            3
        ],
        [
            3,
            4
        ],
        [
            4,
            5
        ],
        [
            5,
            6
        ]
    ]
}
