{
    "qubits": {
        "q0": [
            14.14,
            0.0
        ],
        "q1": [
            10.0,
            10.0
        ],
        "q2": [
            8.66e-16,
            14.14
        ],
        "q3": [
            -10.0,
            10.0
        ],
        "q4": [
            -14.14,
            1.73e-15
        ],
        "q5": [
            -10.0,
            -10.0
        ],
        "q6": [
            -2.6e-15,
            -14.14
        ],
        "q7": [
            10.0,
            -10.0
        ]
    },
    "metadata": {
        "score": {
            "total": 0.8114017933884298,
            "gini_score": 0.5576644628099173,
            "sum_score": 1.455,
            "total_normalized": 0.20285044834710744,
            "sum_normalized": 0.36375
        },
        "params": {
            "rise_time": 938.44580078125,
            "fall_time": 2562.827392578125,
            "omega": 6.749800205230713,
            "init_detuning": 4.6629228591918945,
            "final_detuning": 3.3757102489471436
        },
        "mis": [
            [
                0,
                2,
                4,
                6
            ],
            [
                1,
                3,
                5,
                7
            ]
        ],
        "mis_size": 4
    },
    "edges": [
        [
            0,
            1
        ],
        [
            0,
            7
        ],
        [
            1,
            2
        ],
        [
            7,
            6
        ],
        [
            2,
            3
        ],
        [
            3,
            4
        ],
        [
            4,
            5
        ],
        [
            6,
            5
        ]
    ]
}
