{
    "qubits": {
        "q0": [
            -7.0,
            -7.0
        ],
        "q2": [
            6.01,
            -5.95
        ],
        "q3": [
            -7.0,
            0.0
        ],
        "q4": [
            0.0,
            0.0
        ],
        "q6": [
            -7.0,
            7.0
        ],
        "q7": [
            0.0,
            7.0
        ],
        "q8": [
            6.25,
            0.75
        ],
        "q1": [
            12.9,
            -3.12
        ]
    },
    "metadata": {
        "score": {
            "total": 1.504391318181818,
            "gini_score": 0.7415909090909091,
            "sum_score": 2.0286,
            "total_normalized": 0.5014637727272727,
            "sum_normalized": 0.6762
        },
        "params": {
            "rise_time": 915.781005859375,
            "fall_time": 2359.874755859375,
            "omega": 10.406708717346191,
            "init_detuning": 4.958942413330078,
            "final_detuning": 4.709502220153809
        },
        "mis": [
            [
                0,
                4,
                6
            ],
            [
                0,
                4,
                7
            ],
            [
                0,
                5,
                7
            ]
        ],
        "mis_size": 3
    },
    "edges": [
        [
            0,
            1
        ],
        [
            0,
            3
        ],
        [
            0,
            2
        ],
        [
            1,
            7
        ],
        [
            1,
            6
        ],
        [
            1,
            3
        ],
        [
            2,
            4
        ],
        [
            2,
            3
        ],
        [
            2,
            5
        ],
        [
            4,
            3
        ],
        [
            4,
            5
        ],
        [
            3,
            6
        ],
        [
            3,
            5
        ],
        [
            6,
            7
        ],
        [
            6,
            5
        ]
    ]
}
