{
    "qubits": {
        "0": [
            -2.25,
            -11.69134295108992
        ],
        "1": [
            6.75,
            -11.69134295108992
        ],
        "2": [
            -6.75,
            -3.8971143170299736
        ],
        "3": [
            2.25,
            -3.8971143170299736
        ],
        "4": [
            -2.25,
            3.8971143170299736
        ],
        "5": [
            6.75,
            3.8971143170299736
        ],
        "6": [
            -6.75,
            11.69134295108992
        ],
        "7": [
            2.25,
            11.69134295108992
        ]
    },
    "metadata": {
        "score": {
            "total": 2.797764096385542,
            "gini_score": 0.8811855421686747,
            "sum_score": 3.175,
            "total_normalized": 0.6994410240963855,
            "sum_normalized": 0.79375
        },
        "params": {
            "rise_time": 886.8896484375,
            "fall_time": 2211.188720703125,
            "omega": 9.048013687133789,
            "init_detuning": 5.041583061218262,
            "final_detuning": 4.579784870147705
        },
        "mis": [
            [
                1,
                2,
                5,
                6
            ]
        ],
        "mis_size": 4
    },
    "edges": [
        [
            0,
            1
        ],
        [
            0,
            3
        ],
        [
            0,
            2
        ],
        [
            1,
            3
        ],
        [
            2,
            4
        ],
        [
            2,
            3
        ],
        [
            4,
            3
        ],
        [
            4,
            6
        ],
        [
            4,
            5
        ],
        [
            4,
            7
        ],
        [
            3,
            5
        ],
        [
            6,
            7
        ],
        [
            5,
            7
        ]
    ]
}
