{
    "qubits": {
        "0": [
            -3.5,
            -10.5
        ],
        "1": [
            3.5,
            -10.5
        ],
        "2": [
            -3.5,
            -3.5
        ],
        "3": [
            3.5,
            -3.5
        ],
        "4": [
            -3.5,
            3.5
        ],
        "5": [
            3.5,
            3.5
        ],
        "6": [
            -3.5,
            10.5
        ],
        "7": [
            3.5,
            10.5
        ]
    },
    "metadata": {
        "score": {
            "total": 1.1504834263414634,
            "gini_score": 0.6938146341463415,
            "sum_score": 1.6582,
            "total_normalized": 0.5752417131707317,
            "sum_normalized": 0.8291
        },
        "params": {
            "rise_time": 928.7052612304688,
            "fall_time": 2399.85791015625,
            "omega": 9.934632301330566,
            "init_detuning": 4.968451499938965,
            "final_detuning": 4.7712483406066895
        },
        "mis": [
            [
                0,
                4
            ],
            [
                0,
                5
            ],
            [
                0,
                6
            ],
            [
                0,
                7
            ],
            [
                1,
                4
            ],
            [
                1,
                5
            ],
            [
                1,
                6
            ],
            [
                1,
                7
            ],
            [
                2,
                6
            ],
            [
                2,
                7
            ],
            [
                3,
                6
            ],
            [
                3,
                7
            ]
        ],
        "mis_size": 2
    },
    "edges": [
        [
            0,
            1
        ],
        [
            0,
            3
        ],
        [
            0,
            2
        ],
        [
            1,
            2
        ],
        [
            1,
            3
        ],
        [
            2,
            4
        ],
        [
            2,
            3
        ],
        [
            2,
            5
        ],
        [
            4,
            3
        ],
        [
            4,
            6
        ],
        [
            4,
            5
        ],
        [
            4,
            7
        ],
        [
            3,
            5
        ],
        [
            6,
            7
        ],
        [
            6,
            5
        ],
        [
            5,
            7
        ]
    ]
}
