{
    "qubits": {
        "0": [
            -3.0,
            -9.0
        ],
        "1": [
            3.0,
            -9.0
        ],
        "2": [
            -3.0,
            -3.0
        ],
        "3": [
            3.0,
            -3.0
        ],
        "4": [
            -3.0,
            3.0
        ],
        "5": [
            3.0,
            3.0
        ],
        "6": [
            -3.0,
            9.0
        ],
        "7": [
            3.0,
            9.0
        ]
    },
    "metadata": {
        "score": {
            "total": 0.6082264799999999,
            "gini_score": 0.5634857142857143,
            "sum_score": 1.0794,
            "total_normalized": 0.30411323999999995,
            "sum_normalized": 0.5397
        },
        "params": {
            "rise_time": 699.212158203125,
            "fall_time": 1879.5484619140625,
            "omega": 5.6822896003723145,
            "init_detuning": 4.500436782836914,
            "final_detuning": 2.5656492710113525
        },
        "mis": [
            [
                0,
                5
            ],
            [
                0,
                6
            ],
            [
                0,
                7
            ],
            [
                1,
                4
            ],
            [
                1,
                6
            ],
            [
                1,
                7
            ],
            [
                2,
                7
            ],
            [
                3,
                6
            ]
        ],
        "mis_size": 2
    },
    "edges": [
        [
            3,
            4
        ],
        [
            3,
            7
        ],
        [
            3,
            1
        ],
        [
            3,
            5
        ],
        [
            3,
            0
        ],
        [
            3,
            2
        ],
        [
            4,
            6
        ],
        [
            4,
            5
        ],
        [
            4,
            2
        ],
        [
            4,
            0
        ],
        [
            4,
            7
        ],
        [
            7,
            5
        ],
        [
            7,
            6
        ],
        [
            6,
            5
        ],
        [
            6,
            2
        ],
        [
            5,
            2
        ],
        [
            5,
            1
        ],
        [
            0,
            2
        ],
        [
            0,
            1
        ],
        [
            2,
            1
        ]
    ]
}
