{
    "qubits": {
        "0": [
            0.0,
            -38.5
        ],
        "1": [
            0.0,
            -27.5
        ],
        "2": [
            0.0,
            -16.5
        ],
        "3": [
            0.0,
            -5.5
        ],
        "4": [
            0.0,
            5.5
        ],
        "5": [
            0.0,
            16.5
        ],
        "6": [
            0.0,
            27.5
        ],
        "7": [
            0.0,
            38.5
        ]
    },
    "metadata": {
        "score": {
            "total": 0.5456252604219409,
            "gini_score": 0.5828084388185654,
            "sum_score": 0.9362,
            "total_normalized": 0.13640631510548523,
            "sum_normalized": 0.23405
        },
        "params": {
            "rise_time": 895.27587890625,
            "fall_time": 2686.250244140625,
            "omega": 6.133004188537598,
            "init_detuning": 4.519956111907959,
            "final_detuning": 3.029933214187622
        },
        "mis": [
            [
                0,
                2,
                4,
                6
            ],
            [
                0,
                2,
                4,
                7
            ],
            [
                0,
                2,
                5,
                7
            ],
            [
                0,
                3,
                5,
                7
            ],
            [
                1,
                3,
                5,
                7
            ]
        ],
        "mis_size": 4
    },
    "edges": [
        [
            0,
            1
        ],
        [
            1,
            2
        ],
        [
            2,
            3
        ],
        [
            3,
            4
        ],
        [
            4,
            5
        ],
        [
            6,
            7
        ],
        [
            6,
            5
        ]
    ]
}
