{
    "qubits": {
        "q0": [
            -7.0,
            -7.0
        ],
        "q2": [
            7.0,
            -7.0
        ],
        "q3": [
            -7.0,
            0.0
        ],
        "q4": [
            0.0,
            0.0
        ],
        "q6": [
            -7.0,
            7.0
        ],
        "q7": [
            0.0,
            7.0
        ],
        "q8": [
            7.0,
            7.0
        ],
        "q1": [
            10.94,
            -0.12
        ]
    },
    "metadata": {
        "score": {
            "total": 2.1766235496296296,
            "gini_score": 0.809274074074074,
            "sum_score": 2.6896,
            "total_normalized": 0.5441558874074074,
            "sum_normalized": 0.6724
        },
        "params": {
            "rise_time": 930.1036376953125,
            "fall_time": 2366.806884765625,
            "omega": 10.230181694030762,
            "init_detuning": 5.042208671569824,
            "final_detuning": 4.833821773529053
        },
        "mis": [
            [
                0,
                1,
                4,
                6
            ]
        ],
        "mis_size": 4
    },
    "edges": [
        [
            2,
            4
        ],
        [
            2,
            3
        ],
        [
            2,
            0
        ],
        [
            2,
            5
        ],
        [
            4,
            3
        ],
        [
            4,
            5
        ],
        [
            3,
            7
        ],
        [
            3,
            0
        ],
        [
            3,
            6
        ],
        [
            3,
            1
        ],
        [
            3,
            5
        ],
        [
            7,
            5
        ],
        [
            7,
            6
        ],
        [
            7,
            1
        ],
        [
            5,
            6
        ]
    ]
}
