{
    "qubits": {
        "0": [
            -8.333333333333334,
            -8.660254037844386
        ],
        "1": [
            1.6666666666666665,
            -8.660254037844386
        ],
        "2": [
            11.666666666666666,
            -8.660254037844386
        ],
        "3": [
            -13.333333333333334,
            0.0
        ],
        "4": [
            -3.3333333333333335,
            0.0
        ],
        "5": [
            6.666666666666666,
            0.0
        ],
        "6": [
            -8.333333333333334,
            8.660254037844386
        ],
        "7": [
            1.6666666666666665,
            8.660254037844386
        ],
        "8": [
            11.666666666666666,
            8.660254037844386
        ]
    },
    "metadata": {
        "score": {
            "total": 1.3293157804651163,
            "gini_score": 0.7618728682170544,
            "sum_score": 1.7448,
            "total_normalized": 0.3323289451162791,
            "sum_normalized": 0.4362
        },
        "params": {
            "rise_time": 849.8985595703125,
            "fall_time": 2126.340087890625,
            "omega": 8.687552452087402,
            "init_detuning": 4.99725866317749,
            "final_detuning": 4.396444797515869
        },
        "mis": [
            [
                0,
                8,
                2,
                6
            ]
        ],
        "mis_size": 4
    },
    "edges": [
        [
            0,
            1
        ],
        [
            0,
            4
        ],
        [
            0,
            3
        ],
        [
            1,
            2
        ],
        [
            1,
            5
        ],
        [
            1,
            4
        ],
        [
            2,
            5
        ],
        [
            4,
            3
        ],
        [
            4,
            6
        ],
        [
            4,
            5
        ],
        [
            4,
            7
        ],
        [
            3,
            6
        ],
        [
            5,
            8
        ],
        [
            5,
            7
        ],
        [
            8,
            7
        ],
        [
            6,
            7
        ]
    ]
}
