{
    "qubits": {
        "0": [
            0.0,
            -24.0
        ],
        "1": [
            0.0,
            -18.0
        ],
        "2": [
            0.0,
            -12.0
        ],
        "3": [
            0.0,
            -6.0
        ],
        "4": [
            0.0,
            0.0
        ],
        "5": [
            0.0,
            6.0
        ],
        "6": [
            0.0,
            12.0
        ],
        "7": [
            0.0,
            18.0
        ],
        "8": [
            0.0,
            24.0
        ]
    },
    "metadata": {
        "score": {
            "total": 0.21986311999999997,
            "gini_score": 0.8071333333333333,
            "sum_score": 0.2724,
            "total_normalized": 0.07328770666666666,
            "sum_normalized": 0.09079999999999999
        },
        "params": {
            "rise_time": 936.5472412109375,
            "fall_time": 2372.935546875,
            "omega": 8.113313674926758,
            "init_detuning": 5.049449920654297,
            "final_detuning": 4.845926761627197
        },
        "mis": [
            [
                0,
                3,
                6
            ],
            [
                0,
                3,
                7
            ],
            [
                0,
                8,
                3
            ],
            [
                0,
                4,
                7
            ],
            [
                0,
                8,
                4
            ],
            [
                0,
                8,
                5
            ],
            [
                1,
                4,
                7
            ],
            [
                8,
                1,
                4
            ],
            [
                8,
                1,
                5
            ],
            [
                8,
                2,
                5
            ]
        ],
        "mis_size": 3
    },
    "edges": [
        [
            0,
            1
        ],
        [
            0,
            2
        ],
        [
            1,
            2
        ],
        [
            1,
            3
        ],
        [
            2,
            4
        ],
        [
            2,
            3
        ],
        [
            4,
            3
        ],
        [
            4,
            6
        ],
        [
            4,
            5
        ],
        [
            3,
            5
        ],
        [
            6,
            8
        ],
        [
            6,
            7
        ],
        [
            6,
            5
        ],
        [
            8,
            7
        ],
        [
            5,
            7
        ]
    ]
}
