{
    "qubits": {
        "0": [
            -7.0,
            -7.0
        ],
        "1": [
            0.0,
            -7.0
        ],
        "2": [
            7.0,
            -7.0
        ],
        "3": [
            -7.0,
            0.0
        ],
        "4": [
            0.0,
            0.0
        ],
        "5": [
            7.0,
            0.0
        ],
        "6": [
            -7.0,
            7.0
        ],
        "7": [
            0.0,
            7.0
        ],
        "8": [
            7.0,
            7.0
        ]
    },
    "metadata": {
        "score": {
            "total": 1.8820526644067794,
            "gini_score": 0.7187796610169491,
            "sum_score": 2.6184,
            "total_normalized": 0.47051316610169486,
            "sum_normalized": 0.6546
        },
        "params": {
            "rise_time": 859.9864501953125,
            "fall_time": 2253.368896484375,
            "omega": 10.075472831726074,
            "init_detuning": 4.721029281616211,
            "final_detuning": 3.817988157272339
        },
        "mis": [
            [
                0,
                8,
                2,
                6
            ]
        ],
        "mis_size": 4
    },
    "edges": [
        [
            3,
            4
        ],
        [
            3,
            7
        ],
        [
            3,
            1
        ],
        [
            3,
            6
        ],
        [
            3,
            0
        ],
        [
            4,
            6
        ],
        [
            4,
            5
        ],
        [
            4,
            8
        ],
        [
            4,
            2
        ],
        [
            4,
            0
        ],
        [
            4,
            7
        ],
        [
            4,
            1
        ],
        [
            7,
            5
        ],
        [
            7,
            6
        ],
        [
            7,
            8
        ],
        [
            5,
            2
        ],
        [
            5,
            1
        ],
        [
            5,
            8
        ],
        [
            2,
            1
        ],
        [
            1,
            0
        ]
    ]
}
