{
    "qubits": {
        "0": [
            0.0,
            -36.0
        ],
        "1": [
            0.0,
            -27.0
        ],
        "2": [
            0.0,
            -18.0
        ],
        "3": [
            0.0,
            -9.0
        ],
        "4": [
            0.0,
            0.0
        ],
        "5": [
            0.0,
            9.0
        ],
        "6": [
            0.0,
            18.0
        ],
        "7": [
            0.0,
            27.0
        ],
        "8": [
            0.0,
            36.0
        ]
    },
    "metadata": {
        "score": {
            "total": 2.3870237497942384,
            "gini_score": 0.7914534979423867,
            "sum_score": 3.016,
            "total_normalized": 0.4774047499588477,
            "sum_normalized": 0.6032
        },
        "params": {
            "rise_time": 815.226318359375,
            "fall_time": 2491.772216796875,
            "omega": 7.200887680053711,
            "init_detuning": 4.7380170822143555,
            "final_detuning": 3.5785508155822754
        },
        "mis": [
            [
                0,
                2,
                4,
                6,
                8
            ]
        ],
        "mis_size": 5
    },
    "edges": [
        [
            0,
            1
        ],
        [
            1,
            2
        ],
        [
            2,
            3
        ],
        [
            3,
            4
        ],
        [
            4,
            5
        ],
        [
            6,
            7
        ],
        [
            6,
            5
        ],
        [
            7,
            8
        ]
    ]
}
