{
    "qubits": {
        "0": [
            -10.0,
            -10.0
        ],
        "1": [
            0.0,
            -10.0
        ],
        "2": [
            10.0,
            -10.0
        ],
        "3": [
            -10.0,
            0.0
        ],
        "4": [
            0.0,
            0.0
        ],
        "5": [
            10.0,
            0.0
        ],
        "6": [
            -10.0,
            10.0
        ],
        "7": [
            0.0,
            10.0
        ],
        "8": [
            10.0,
            10.0
        ]
    },
    "metadata": {
        "score": {
            "total": 1.37264257,
            "gini_score": 0.72085,
            "sum_score": 1.9042,
            "total_normalized": 0.274528514,
            "sum_normalized": 0.38083999999999996
        },
        "params": {
            "rise_time": 810.7646484375,
            "fall_time": 2104.55078125,
            "omega": 8.364981651306152,
            "init_detuning": 4.9484100341796875,
            "final_detuning": 4.203397750854492
        },
        "mis": [
            [
                0,
                2,
                4,
                6,
                8
            ]
        ],
        "mis_size": 5
    },
    "edges": [
        [
            0,
            1
        ],
        [
            0,
            3
        ],
        [
            1,
            2
        ],
        [
            1,
            4
        ],
        [
            2,
            5
        ],
        [
            3,
            4
        ],
        [
            3,
            6
        ],
        [
            4,
            5
        ],
        [
            4,
            7
        ],
        [
            5,
            8
        ],
        [
            8,
            7
        ],
        [
            6,
            7
        ]
    ]
}
