{
    "qubits": {
        "0": [
            0.0,
            -28.0
        ],
        "1": [
            0.0,
            -21.0
        ],
        "2": [
            0.0,
            -14.0
        ],
        "3": [
            0.0,
            -7.0
        ],
        "4": [
            0.0,
            0.0
        ],
        "5": [
            0.0,
            7.0
        ],
        "6": [
            0.0,
            14.0
        ],
        "7": [
            0.0,
            21.0
        ],
        "8": [
            0.0,
            28.0
        ]
    },
    "metadata": {
        "score": {
            "total": 3.127742186666666,
            "gini_score": 0.7814666666666666,
            "sum_score": 4.0024,
            "total_normalized": 0.6255484373333332,
            "sum_normalized": 0.80048
        },
        "params": {
            "rise_time": 870.2359619140625,
            "fall_time": 2265.761962890625,
            "omega": 8.485308647155762,
            "init_detuning": 5.022824287414551,
            "final_detuning": 4.5182085037231445
        },
        "mis": [
            [
                0,
                2,
                4,
                6,
                8
            ]
        ],
        "mis_size": 5
    },
    "edges": [
        [
            0,
            1
        ],
        [
            1,
            2
        ],
        [
            2,
            3
        ],
        [
            3,
            4
        ],
        [
            4,
            5
        ],
        [
            6,
            7
        ],
        [
            6,
            5
        ],
        [
            7,
            8
        ]
    ]
}
