{
    "qubits": {
        "0": [
            -4.2,
            -10.392304845413264
        ],
        "1": [
            1.7999999999999998,
            -10.392304845413264
        ],
        "2": [
            -1.2000000000000002,
            -5.196152422706632
        ],
        "3": [
            4.8,
            -5.196152422706632
        ],
        "4": [
            -4.2,
            0.0
        ],
        "5": [
            1.7999999999999998,
            0.0
        ],
        "6": [
            -1.2000000000000002,
            5.196152422706632
        ],
        "7": [
            4.8,
            5.196152422706632
        ],
        "8": [
            -4.2,
            10.392304845413264
        ],
        "9": [
            1.7999999999999998,
            10.392304845413264
        ]
    },
    "metadata": {
        "score": {
            "total": 1.421290057142857,
            "gini_score": 0.7862857142857141,
            "sum_score": 1.8076,
            "total_normalized": 0.7106450285714285,
            "sum_normalized": 0.9038
        },
        "params": {
            "rise_time": 1218,
            "fall_time": 2852,
            "omega": 1.7436487212124419,
            "init_detuning": 1.7542691892405493,
            "final_detuning": 1.7618086475509465
        },
        "mis": [
            [
                0,
                6
            ],
            [
                0,
                7
            ],
            [
                0,
                8
            ],
            [
                0,
                9
            ],
            [
                1,
                6
            ],
            [
                1,
                7
            ],
            [
                8,
                1
            ],
            [
                1,
                9
            ],
            [
                8,
                2
            ],
            [
                9,
                2
            ],
            [
                8,
                3
            ],
            [
                9,
                3
            ]
        ],
        "mis_size": 2
    },
    "edges": [
        [
            3,
            4
        ],
        [
            3,
            7
        ],
        [
            3,
            1
        ],
        [
            3,
            6
        ],
        [
            3,
            5
        ],
        [
            3,
            0
        ],
        [
            3,
            2
        ],
        [
            4,
            9
        ],
        [
            4,
            6
        ],
        [
            4,
            5
        ],
        [
            4,
            8
        ],
        [
            4,
            2
        ],
        [
            4,
            0
        ],
        [
            4,
            7
        ],
        [
            4,
            1
        ],
        [
            9,
            8
        ],
        [
            9,
            5
        ],
        [
            9,
            7
        ],
        [
            9,
            6
        ],
        [
            7,
            5
        ],
        [
            7,
            2
        ],
        [
            7,
            6
        ],
        [
            7,
            8
        ],
        [
            6,
            8
        ],
        [
            6,
            5
        ],
        [
            6,
            2
        ],
        [
            5,
            0
        ],
        [
            5,
            2
        ],
        [
            5,
            1
        ],
        [
            5,
            8
        ],
        [
            0,
            2
        ],
        [
            0,
            1
        ],
        [
            2,
            1
        ]
    ]
}
