{
    "qubits": {
        "0": [
            0.0,
            -49.5
        ],
        "1": [
            0.0,
            -38.5
        ],
        "2": [
            0.0,
            -27.5
        ],
        "3": [
            0.0,
            -16.5
        ],
        "4": [
            0.0,
            -5.5
        ],
        "5": [
            0.0,
            5.5
        ],
        "6": [
            0.0,
            16.5
        ],
        "7": [
            0.0,
            27.5
        ],
        "8": [
            0.0,
            38.5
        ],
        "9": [
            0.0,
            49.5
        ]
    },
    "metadata": {
        "score": {
            "total": 3.325573096393442,
            "gini_score": 0.8391131147540982,
            "sum_score": 3.9632,
            "total_normalized": 0.6651146192786884,
            "sum_normalized": 0.79264
        },
        "params": {
            "rise_time": 1595,
            "fall_time": 3146,
            "omega": 2.7635785996977624,
            "init_detuning": 1.3276156673390582,
            "final_detuning": 1.8199905049361942
        },
        "mis": [
            [
                0,
                2,
                4,
                6,
                8
            ],
            [
                0,
                2,
                4,
                6,
                9
            ],
            [
                0,
                2,
                4,
                7,
                9
            ],
            [
                0,
                2,
                5,
                7,
                9
            ],
            [
                0,
                3,
                5,
                7,
                9
            ],
            [
                1,
                3,
                5,
                7,
                9
            ]
        ],
        "mis_size": 5
    },
    "edges": [
        [
            0,
            1
        ],
        [
            1,
            2
        ],
        [
            2,
            3
        ],
        [
            3,
            4
        ],
        [
            4,
            5
        ],
        [
            6,
            7
        ],
        [
            6,
            5
        ],
        [
            7,
            8
        ],
        [
            8,
            9
        ]
    ]
}
