{
    "qubits": {
        "0": [
            0.0,
            -31.5
        ],
        "1": [
            0.0,
            -24.5
        ],
        "2": [
            0.0,
            -17.5
        ],
        "3": [
            0.0,
            -10.5
        ],
        "4": [
            0.0,
            -3.5
        ],
        "5": [
            0.0,
            3.5
        ],
        "6": [
            0.0,
            10.5
        ],
        "7": [
            0.0,
            17.5
        ],
        "8": [
            0.0,
            24.5
        ],
        "9": [
            0.0,
            31.5
        ]
    },
    "metadata": {
        "score": {
            "total": 4.518883953103448,
            "gini_score": 0.9128689655172414,
            "sum_score": 4.9502,
            "total_normalized": 0.9037767906206897,
            "sum_normalized": 0.9900399999999999
        },
        "params": {
            "rise_time": 1638,
            "fall_time": 3121,
            "omega": 13.559101021297135,
            "init_detuning": 6.475918489639729,
            "final_detuning": 7.445635931471778
        },
        "mis": [
            [
                0,
                2,
                4,
                6,
                8
            ],
            [
                0,
                2,
                4,
                6,
                9
            ],
            [
                0,
                2,
                4,
                7,
                9
            ],
            [
                0,
                2,
                5,
                7,
                9
            ],
            [
                0,
                3,
                5,
                7,
                9
            ],
            [
                1,
                3,
                5,
                7,
                9
            ]
        ],
        "mis_size": 5
    },
    "edges": [
        [
            0,
            1
        ],
        [
            1,
            2
        ],
        [
            2,
            3
        ],
        [
            3,
            4
        ],
        [
            4,
            5
        ],
        [
            6,
            7
        ],
        [
            6,
            5
        ],
        [
            7,
            8
        ],
        [
            8,
            9
        ]
    ]
}
