{
    "qubits": {
        "0": [
            0.0,
            -8.0
        ],
        "1": [
            0.0,
            0.0
        ],
        "2": [
            0.0,
            8.0
        ]
    },
    "metadata": {
        "score": {
            "total": 1.6902192,
            "gini_score": 0.86025,
            "sum_score": 1.9648,
            "total_normalized": 0.8451096,
            "sum_normalized": 0.9824
        },
        "params": {
            "rise_time": 1164,
            "fall_time": 585,
            "omega": 13.17023402046111,
            "init_detuning": 5.960502054410043,
            "final_detuning": 7.358989205899852
        },
        "mis": [
            [
                0,
                2
            ]
        ],
        "mis_size": 2
    },
    "edges": [
        [
            0,
            1
        ],
        [
            1,
            2
        ]
    ]
}
