{
    "qubits": {
        "0": [
            0.0,
            -6.0
        ],
        "1": [
            0.0,
            0.0
        ],
        "2": [
            0.0,
            6.0
        ]
    },
    "metadata": {
        "score": {
            "total": 0.5522096,
            "gini_score": 0.568,
            "sum_score": 0.9722,
            "total_normalized": 0.5522096,
            "sum_normalized": 0.9722
        },
        "params": {
            "rise_time": 1221,
            "fall_time": 2929,
            "omega": 6.202459682390108,
            "init_detuning": 1.8198074206910193,
            "final_detuning": 2.4484895386325127
        },
        "mis": [
            [
                0
            ],
            [
                1
            ],
            [
                2
            ]
        ],
        "mis_size": 1
    },
    "edges": [
        [
            0,
            1
        ],
        [
            0,
            2
        ],
        [
            1,
            2
        ]
    ]
}
