{
    "qubits": {
        "0": [
            0.0,
            -9.0
        ],
        "1": [
            0.0,
            0.0
        ],
        "2": [
            0.0,
            9.0
        ]
    },
    "metadata": {
        "score": {
            "total": 1.7012919,
            "gini_score": 0.86185,
            "sum_score": 1.974,
            "total_normalized": 0.85064595,
            "sum_normalized": 0.987
        },
        "params": {
            "rise_time": 364,
            "fall_time": 2217,
            "omega": 9.520431774671236,
            "init_detuning": 6.889069736234283,
            "final_detuning": 3.929531378546726
        },
        "mis": [
            [
                0,
                2
            ]
        ],
        "mis_size": 2
    },
    "edges": [
        [
            0,
            1
        ],
        [
            1,
            2
        ]
    ]
}
