{
    "qubits": {
        "0": [
            0.0,
            -11.0
        ],
        "1": [
            0.0,
            0.0
        ],
        "2": [
            0.0,
            11.0
        ]
    },
    "metadata": {
        "score": {
            "total": 1.4582934400000003,
            "gini_score": 0.8252,
            "sum_score": 1.7672,
            "total_normalized": 0.7291467200000001,
            "sum_normalized": 0.8836
        },
        "params": {
            "rise_time": 1428,
            "fall_time": 3314,
            "omega": 9.789519524424945,
            "init_detuning": 2.6085871282647637,
            "final_detuning": 4.61760878965368
        },
        "mis": [
            [
                0,
                2
            ]
        ],
        "mis_size": 2
    },
    "edges": [
        [
            0,
            1
        ],
        [
            1,
            2
        ]
    ]
}
