{
    "qubits": {
        "0": [
            0.0,
            0
        ],
        "1": [
            0.0,
            7
        ],
        "2": [
            6.06217782649107,
            7
        ]
    },
    "metadata": {
        "score": {
            "total": 0.5329001600000001,
            "gini_score": 0.5512,
            "sum_score": 0.9668,
            "total_normalized": 0.5329001600000001,
            "sum_normalized": 0.9668
        },
        "params": {
            "rise_time": 352,
            "fall_time": 1041,
            "omega": 8.308050004909592,
            "init_detuning": 5.373596291222526,
            "final_detuning": 5.763494479958759
        },
        "mis": [
            [
                0
            ],
            [
                1
            ],
            [
                2
            ]
        ],
        "mis_size": 1
    },
    "edges": [
        [
            0,
            1
        ],
        [
            0,
            2
        ],
        [
            1,
            2
        ]
    ]
}
