{
    "qubits": {
        "0": [
            0.0,
            0
        ],
        "1": [
            0.0,
            8
        ],
        "2": [
            6.928203230275509,
            8
        ]
    },
    "metadata": {
        "score": {
            "total": 0.5969573866666666,
            "gini_score": 0.6262666666666666,
            "sum_score": 0.9532,
            "total_normalized": 0.5969573866666666,
            "sum_normalized": 0.9532
        },
        "params": {
            "rise_time": 198,
            "fall_time": 2816,
            "omega": 14.138253222682549,
            "init_detuning": 1.0416130191273938,
            "final_detuning": 3.139610438014169
        },
        "mis": [
            [
                0
            ],
            [
                1
            ],
            [
                2
            ]
        ],
        "mis_size": 1
    },
    "edges": [
        [
            0,
            1
        ],
        [
            0,
            2
        ],
        [
            1,
            2
        ]
    ]
}
