{
    "qubits": {
        "0": [
            0.0,
            0
        ],
        "1": [
            0.0,
            11
        ],
        "2": [
            9.526279441628825,
            11
        ]
    },
    "metadata": {
        "score": {
            "total": 1.5939974399999999,
            "gini_score": 0.84715,
            "sum_score": 1.8816,
            "total_normalized": 0.7969987199999999,
            "sum_normalized": 0.9408
        },
        "params": {
            "rise_time": 445,
            "fall_time": 2682,
            "omega": 8.125106083651977,
            "init_detuning": 3.229266000619609,
            "final_detuning": 5.565713478285022
        },
        "mis": [
            [
                0,
                2
            ]
        ],
        "mis_size": 2
    },
    "edges": [
        [
            0,
            1
        ],
        [
            1,
            2
        ]
    ]
}
