{
    "qubits": {
        "0": [
            0.0,
            0
        ],
        "1": [
            0.0,
            6
        ],
        "2": [
            5.196152422706632,
            6
        ]
    },
    "metadata": {
        "score": {
            "total": 0.5100181600000001,
            "gini_score": 0.5132000000000001,
            "sum_score": 0.9938,
            "total_normalized": 0.5100181600000001,
            "sum_normalized": 0.9938
        },
        "params": {
            "rise_time": 461,
            "fall_time": 2725,
            "omega": 4.935124333508098,
            "init_detuning": 4.005775861511447,
            "final_detuning": 6.164846761919598
        },
        "mis": [
            [
                0
            ],
            [
                1
            ],
            [
                2
            ]
        ],
        "mis_size": 1
    },
    "edges": [
        [
            0,
            1
        ],
        [
            0,
            2
        ],
        [
            1,
            2
        ]
    ]
}
