{
    "qubits": {
        "0": [
            0.0,
            0
        ],
        "1": [
            0.0,
            9
        ],
        "2": [
            7.794228634059947,
            9
        ]
    },
    "metadata": {
        "score": {
            "total": 0.5715266666666667,
            "gini_score": 0.6178666666666667,
            "sum_score": 0.925,
            "total_normalized": 0.5715266666666667,
            "sum_normalized": 0.925
        },
        "params": {
            "rise_time": 1182,
            "fall_time": 1351,
            "omega": 6.037150349031985,
            "init_detuning": 4.089433243172527,
            "final_detuning": 2.0756487763183546
        },
        "mis": [
            [
                0
            ],
            [
                1
            ],
            [
                2
            ]
        ],
        "mis_size": 1
    },
    "edges": [
        [
            0,
            1
        ],
        [
            0,
            2
        ],
        [
            1,
            2
        ]
    ]
}
