{
    "qubits": {
        "q0": [
            -5.89,
            -6.66
        ],
        "q1": [
            1.44,
            -1.82
        ],
        "q2": [
            -1.91,
            0.82
        ],
        "q3": [
            5.35,
            5.63
        ]
    },
    "metadata": {
        "score": {
            "total": 1.7265083911111112,
            "gini_score": 0.8760444444444444,
            "sum_score": 1.9708,
            "total_normalized": 0.8632541955555556,
            "sum_normalized": 0.9854
        },
        "params": {
            "rise_time": 1456,
            "fall_time": 2715,
            "omega": 13.680758200834912,
            "init_detuning": 6.384807648025591,
            "final_detuning": 4.134517879550935
        },
        "mis": [
            [
                0,
                3
            ]
        ],
        "mis_size": 2
    },
    "edges": [
        [
            0,
            1
        ],
        [
            0,
            2
        ],
        [
            1,
            2
        ],
        [
            1,
            3
        ],
        [
            2,
            3
        ]
    ]
}
