{
    "qubits": {
        "q0": [
            -3.91,
            -4.9
        ],
        "q1": [
            1.44,
            -1.82
        ],
        "q2": [
            -1.91,
            0.82
        ],
        "q3": [
            3.17,
            3.26
        ]
    },
    "metadata": {
        "score": {
            "total": 0.6081367466666667,
            "gini_score": 0.6389333333333334,
            "sum_score": 0.9518,
            "total_normalized": 0.6081367466666667,
            "sum_normalized": 0.9518
        },
        "params": {
            "rise_time": 602,
            "fall_time": 1424,
            "omega": 10.624040030574221,
            "init_detuning": 1.8365611691277777,
            "final_detuning": 4.291134022503023
        },
        "mis": [
            [
                0
            ],
            [
                1
            ],
            [
                2
            ],
            [
                3
            ]
        ],
        "mis_size": 1
    },
    "edges": [
        [
            0,
            1
        ],
        [
            0,
            3
        ],
        [
            0,
            2
        ],
        [
            1,
            2
        ],
        [
            1,
            3
        ],
        [
            2,
            3
        ]
    ]
}
