{
    "qubits": {
        "0": [
            -4.5,
            -2.598076211353316
        ],
        "1": [
            1.5,
            -2.598076211353316
        ],
        "2": [
            -1.5,
            2.598076211353316
        ],
        "3": [
            4.5,
            2.598076211353316
        ]
    },
    "metadata": {
        "score": {
            "total": 0.59136,
            "gini_score": 0.6,
            "sum_score": 0.9856,
            "total_normalized": 0.59136,
            "sum_normalized": 0.9856
        },
        "params": {
            "rise_time": 179,
            "fall_time": 1116,
            "omega": 5.225377882502095,
            "init_detuning": 6.7867900584311815,
            "final_detuning": 2.69170760220464
        },
        "mis": [
            [
                0
            ],
            [
                1
            ],
            [
                2
            ],
            [
                3
            ]
        ],
        "mis_size": 1
    },
    "edges": [
        [
            0,
            1
        ],
        [
            0,
            3
        ],
        [
            0,
            2
        ],
        [
            1,
            2
        ],
        [
            1,
            3
        ],
        [
            2,
            3
        ]
    ]
}
