{
    "qubits": {
        "0": [
            -6.0,
            -3.4641016151377544
        ],
        "1": [
            2.0,
            -3.4641016151377544
        ],
        "2": [
            -2.0,
            3.4641016151377544
        ],
        "3": [
            6.0,
            3.4641016151377544
        ]
    },
    "metadata": {
        "score": {
            "total": 1.7226686399999998,
            "gini_score": 0.8807999999999999,
            "sum_score": 1.9558,
            "total_normalized": 0.8613343199999999,
            "sum_normalized": 0.9779
        },
        "params": {
            "rise_time": 1419,
            "fall_time": 2222,
            "omega": 14.719745940949903,
            "init_detuning": 7.561451643270866,
            "final_detuning": 7.758644238891116
        },
        "mis": [
            [
                0,
                3
            ]
        ],
        "mis_size": 2
    },
    "edges": [
        [
            0,
            1
        ],
        [
            0,
            2
        ],
        [
            1,
            2
        ],
        [
            1,
            3
        ],
        [
            2,
            3
        ]
    ]
}
