{
    "qubits": {
        "0": [
            1.5,
            -7.794228634059948
        ],
        "1": [
            -1.5,
            -2.598076211353316
        ],
        "2": [
            1.5,
            2.598076211353316
        ],
        "3": [
            -1.5,
            7.794228634059948
        ]
    },
    "metadata": {
        "score": {
            "total": 1.69971636,
            "gini_score": 0.8621,
            "sum_score": 1.9716,
            "total_normalized": 0.84985818,
            "sum_normalized": 0.9858
        },
        "params": {
            "rise_time": 1584,
            "fall_time": 2184,
            "omega": 12.760524959358888,
            "init_detuning": 6.779614376924404,
            "final_detuning": 6.883315853016702
        },
        "mis": [
            [
                0,
                3
            ]
        ],
        "mis_size": 2
    },
    "edges": [
        [
            0,
            1
        ],
        [
            0,
            2
        ],
        [
            1,
            2
        ],
        [
            1,
            3
        ],
        [
            2,
            3
        ]
    ]
}
