{
    "qubits": {
        "0": [
            -5.25,
            -3.031088913245535
        ],
        "1": [
            1.75,
            -3.031088913245535
        ],
        "2": [
            -1.75,
            3.031088913245535
        ],
        "3": [
            5.25,
            3.031088913245535
        ]
    },
    "metadata": {
        "score": {
            "total": 0.6919648,
            "gini_score": 0.722,
            "sum_score": 0.9584,
            "total_normalized": 0.6919648,
            "sum_normalized": 0.9584
        },
        "params": {
            "rise_time": 101,
            "fall_time": 726,
            "omega": 7.698731136402192,
            "init_detuning": 6.583241858533233,
            "final_detuning": 1.424499855240959
        },
        "mis": [
            [
                0
            ],
            [
                1
            ],
            [
                2
            ],
            [
                3
            ]
        ],
        "mis_size": 1
    },
    "edges": [
        [
            0,
            1
        ],
        [
            0,
            3
        ],
        [
            0,
            2
        ],
        [
            1,
            2
        ],
        [
            1,
            3
        ],
        [
            2,
            3
        ]
    ]
}
