{
    "qubits": {
        "0": [
            -8.25,
            -4.763139720814412
        ],
        "1": [
            2.75,
            -4.763139720814412
        ],
        "2": [
            -2.75,
            4.763139720814412
        ],
        "3": [
            8.25,
            4.763139720814412
        ]
    },
    "metadata": {
        "score": {
            "total": 1.7042029714285711,
            "gini_score": 0.905142857142857,
            "sum_score": 1.8828,
            "total_normalized": 0.8521014857142856,
            "sum_normalized": 0.9414
        },
        "params": {
            "rise_time": 1409,
            "fall_time": 3092,
            "omega": 2.6477410574179867,
            "init_detuning": 1.0117528936514624,
            "final_detuning": 2.14238719037189
        },
        "mis": [
            [
                0,
                3
            ]
        ],
        "mis_size": 2
    },
    "edges": [
        [
            0,
            1
        ],
        [
            0,
            2
        ],
        [
            1,
            2
        ],
        [
            1,
            3
        ],
        [
            2,
            3
        ]
    ]
}
