{
    "qubits": {
        "0": [
            -6.75,
            -3.8971143170299736
        ],
        "1": [
            2.25,
            -3.8971143170299736
        ],
        "2": [
            -2.25,
            3.8971143170299736
        ],
        "3": [
            6.75,
            3.8971143170299736
        ]
    },
    "metadata": {
        "score": {
            "total": 1.7941231028571427,
            "gini_score": 0.9180857142857143,
            "sum_score": 1.9542,
            "total_normalized": 0.8970615514285714,
            "sum_normalized": 0.9771
        },
        "params": {
            "rise_time": 1610,
            "fall_time": 2502,
            "omega": 11.292035650772707,
            "init_detuning": 3.3416770740186594,
            "final_detuning": 4.790531467503713
        },
        "mis": [
            [
                0,
                3
            ]
        ],
        "mis_size": 2
    },
    "edges": [
        [
            0,
            1
        ],
        [
            0,
            2
        ],
        [
            1,
            2
        ],
        [
            1,
            3
        ],
        [
            2,
            3
        ]
    ]
}
