{
    "qubits": {
        "0": [
            0.0,
            -9.0
        ],
        "1": [
            0.0,
            -3.0
        ],
        "2": [
            0.0,
            3.0
        ],
        "3": [
            0.0,
            9.0
        ]
    },
    "metadata": {
        "score": {
            "total": 1.61634948,
            "gini_score": 0.8374,
            "sum_score": 1.9302,
            "total_normalized": 0.80817474,
            "sum_normalized": 0.9651
        },
        "params": {
            "rise_time": 674,
            "fall_time": 2325,
            "omega": 4.4017949539712165,
            "init_detuning": 3.3223146141518765,
            "final_detuning": 3.4242125745856034
        },
        "mis": [
            [
                0,
                3
            ]
        ],
        "mis_size": 2
    },
    "edges": [
        [
            0,
            1
        ],
        [
            0,
            2
        ],
        [
            1,
            2
        ],
        [
            1,
            3
        ],
        [
            2,
            3
        ]
    ]
}
