{
    "qubits": {
        "0": [
            0.0,
            -13.5
        ],
        "1": [
            0.0,
            -4.5
        ],
        "2": [
            0.0,
            4.5
        ],
        "3": [
            0.0,
            13.5
        ]
    },
    "metadata": {
        "score": {
            "total": 1.6753005714285714,
            "gini_score": 0.8685714285714285,
            "sum_score": 1.9288,
            "total_normalized": 0.8376502857142857,
            "sum_normalized": 0.9644
        },
        "params": {
            "rise_time": 1544,
            "fall_time": 3067,
            "omega": 7.358041339441567,
            "init_detuning": 3.037587683407796,
            "final_detuning": 4.249609744866426
        },
        "mis": [
            [
                0,
                2
            ],
            [
                0,
                3
            ],
            [
                1,
                3
            ]
        ],
        "mis_size": 2
    },
    "edges": [
        [
            0,
            1
        ],
        [
            1,
            2
        ],
        [
            2,
            3
        ]
    ]
}
