{
    "qubits": {
        "0": [
            -4.0,
            -4.0
        ],
        "1": [
            4.0,
            -4.0
        ],
        "2": [
            -4.0,
            4.0
        ],
        "3": [
            4.0,
            4.0
        ]
    },
    "metadata": {
        "score": {
            "total": 0.5032928290909091,
            "gini_score": 0.5633454545454546,
            "sum_score": 0.8934,
            "total_normalized": 0.5032928290909091,
            "sum_normalized": 0.8934
        },
        "params": {
            "rise_time": 900,
            "fall_time": 1992,
            "omega": 14.05231040910761,
            "init_detuning": 3.368673357977091,
            "final_detuning": 4.426868292075714
        },
        "mis": [
            [
                0
            ],
            [
                1
            ],
            [
                2
            ],
            [
                3
            ]
        ],
        "mis_size": 1
    },
    "edges": [
        [
            0,
            1
        ],
        [
            0,
            3
        ],
        [
            0,
            2
        ],
        [
            1,
            2
        ],
        [
            1,
            3
        ],
        [
            2,
            3
        ]
    ]
}
