{
    "qubits": {
        "0": [
            0.0,
            -10.5
        ],
        "1": [
            0.0,
            -3.5
        ],
        "2": [
            0.0,
            3.5
        ],
        "3": [
            0.0,
            10.5
        ]
    },
    "metadata": {
        "score": {
            "total": 1.579031617777778,
            "gini_score": 0.8128444444444445,
            "sum_score": 1.9426,
            "total_normalized": 0.789515808888889,
            "sum_normalized": 0.9713
        },
        "params": {
            "rise_time": 1515,
            "fall_time": 2897,
            "omega": 10.462954107680483,
            "init_detuning": 4.688002514951996,
            "final_detuning": 6.494809005719941
        },
        "mis": [
            [
                0,
                2
            ],
            [
                0,
                3
            ],
            [
                1,
                3
            ]
        ],
        "mis_size": 2
    },
    "edges": [
        [
            0,
            1
        ],
        [
            1,
            2
        ],
        [
            2,
            3
        ]
    ]
}
