{
    "qubits": {
        "0": [
            -4.5,
            -4.5
        ],
        "1": [
            4.5,
            -4.5
        ],
        "2": [
            -4.5,
            4.5
        ],
        "3": [
            4.5,
            4.5
        ]
    },
    "metadata": {
        "score": {
            "total": 0.642586464,
            "gini_score": 0.69816,
            "sum_score": 0.9204,
            "total_normalized": 0.642586464,
            "sum_normalized": 0.9204
        },
        "params": {
            "rise_time": 371,
            "fall_time": 3024,
            "omega": 14.99855084913366,
            "init_detuning": 5.611592275269101,
            "final_detuning": 4.328168856689921
        },
        "mis": [
            [
                0
            ],
            [
                1
            ],
            [
                2
            ],
            [
                3
            ]
        ],
        "mis_size": 1
    },
    "edges": [
        [
            0,
            1
        ],
        [
            0,
            3
        ],
        [
            0,
            2
        ],
        [
            1,
            2
        ],
        [
            1,
            3
        ],
        [
            2,
            3
        ]
    ]
}
