{
    "qubits": {
        "0": [
            -5.0,
            -5.0
        ],
        "1": [
            5.0,
            -5.0
        ],
        "2": [
            -5.0,
            5.0
        ],
        "3": [
            5.0,
            5.0
        ]
    },
    "metadata": {
        "score": {
            "total": 1.6607184,
            "gini_score": 0.852,
            "sum_score": 1.9492,
            "total_normalized": 0.8303592,
            "sum_normalized": 0.9746
        },
        "params": {
            "rise_time": 480,
            "fall_time": 2789,
            "omega": 6.697956923253595,
            "init_detuning": 3.5344540342290083,
            "final_detuning": 6.675236005559174
        },
        "mis": [
            [
                0,
                3
            ],
            [
                1,
                2
            ]
        ],
        "mis_size": 2
    },
    "edges": [
        [
            0,
            1
        ],
        [
            0,
            2
        ],
        [
            1,
            3
        ],
        [
            2,
            3
        ]
    ]
}
