{
    "qubits": {
        "0": [
            -5.5,
            -5.5
        ],
        "1": [
            5.5,
            -5.5
        ],
        "2": [
            -5.5,
            5.5
        ],
        "3": [
            5.5,
            5.5
        ]
    },
    "metadata": {
        "score": {
            "total": 1.4554101499999998,
            "gini_score": 0.80365,
            "sum_score": 1.811,
            "total_normalized": 0.7277050749999999,
            "sum_normalized": 0.9055
        },
        "params": {
            "rise_time": 1334,
            "fall_time": 3275,
            "omega": 3.0041552147023376,
            "init_detuning": 1.462588881741913,
            "final_detuning": 2.5067099054111455
        },
        "mis": [
            [
                0,
                3
            ],
            [
                1,
                2
            ]
        ],
        "mis_size": 2
    },
    "edges": [
        [
            0,
            1
        ],
        [
            0,
            2
        ],
        [
            1,
            3
        ],
        [
            2,
            3
        ]
    ]
}
