{
    "qubits": {
        "0": [
            -3.0,
            -3.0
        ],
        "1": [
            3.0,
            -3.0
        ],
        "2": [
            -3.0,
            3.0
        ],
        "3": [
            3.0,
            3.0
        ]
    },
    "metadata": {
        "score": {
            "total": 0.4230740799999999,
            "gini_score": 0.42639999999999995,
            "sum_score": 0.9922,
            "total_normalized": 0.4230740799999999,
            "sum_normalized": 0.9922
        },
        "params": {
            "rise_time": 230,
            "fall_time": 2974,
            "omega": 6.338077604052521,
            "init_detuning": 7.82233763666631,
            "final_detuning": 5.318701136481712
        },
        "mis": [
            [
                0
            ],
            [
                1
            ],
            [
                2
            ],
            [
                3
            ]
        ],
        "mis_size": 1
    },
    "edges": [
        [
            0,
            1
        ],
        [
            0,
            3
        ],
        [
            0,
            2
        ],
        [
            1,
            2
        ],
        [
            1,
            3
        ],
        [
            2,
            3
        ]
    ]
}
