{
    "qubits": {
        "0": [
            -3.5,
            -3.5
        ],
        "1": [
            3.5,
            -3.5
        ],
        "2": [
            -3.5,
            3.5
        ],
        "3": [
            3.5,
            3.5
        ]
    },
    "metadata": {
        "score": {
            "total": 0.39051442285714283,
            "gini_score": 0.4057714285714285,
            "sum_score": 0.9624,
            "total_normalized": 0.39051442285714283,
            "sum_normalized": 0.9624
        },
        "params": {
            "rise_time": 291,
            "fall_time": 2250,
            "omega": 13.399065191041085,
            "init_detuning": 1.179199687784704,
            "final_detuning": 6.060383419894242
        },
        "mis": [
            [
                0
            ],
            [
                1
            ],
            [
                2
            ],
            [
                3
            ]
        ],
        "mis_size": 1
    },
    "edges": [
        [
            0,
            1
        ],
        [
            0,
            3
        ],
        [
            0,
            2
        ],
        [
            1,
            2
        ],
        [
            1,
            3
        ],
        [
            2,
            3
        ]
    ]
}
