{
    "qubits": {
        "0": [
            0.0,
            -12.0
        ],
        "1": [
            0.0,
            -4.0
        ],
        "2": [
            0.0,
            4.0
        ],
        "3": [
            0.0,
            12.0
        ]
    },
    "metadata": {
        "score": {
            "total": 1.6663910400000002,
            "gini_score": 0.8352,
            "sum_score": 1.9952,
            "total_normalized": 0.8331955200000001,
            "sum_normalized": 0.9976
        },
        "params": {
            "rise_time": 1607,
            "fall_time": 2884,
            "omega": 13.677488541576533,
            "init_detuning": 7.978758128461582,
            "final_detuning": 7.735737300363439
        },
        "mis": [
            [
                0,
                2
            ],
            [
                0,
                3
            ],
            [
                1,
                3
            ]
        ],
        "mis_size": 2
    },
    "edges": [
        [
            0,
            1
        ],
        [
            1,
            2
        ],
        [
            2,
            3
        ]
    ]
}
