{
    "qubits": {
        "q0": [
            -2.0,
            -2.0
        ],
        "q1": [
            2.0,
            -2.0
        ],
        "q2": [
            -2.0,
            2.0
        ],
        "q3": [
            2.0,
            2.0
        ]
    },
    "metadata": {
        "score": {
            "total": 0.42762116571428566,
            "gini_score": 0.42994285714285707,
            "sum_score": 0.9946,
            "total_normalized": 0.42762116571428566,
            "sum_normalized": 0.9946
        },
        "params": {
            "rise_time": 242,
            "fall_time": 24,
            "omega": 12.952678857138986,
            "init_detuning": 5.997160883315097,
            "final_detuning": 7.967775287862717
        },
        "mis": [
            [
                0
            ],
            [
                1
            ],
            [
                2
            ],
            [
                3
            ]
        ],
        "mis_size": 1
    },
    "edges": [
        [
            0,
            1
        ],
        [
            0,
            3
        ],
        [
            0,
            2
        ],
        [
            1,
            2
        ],
        [
            1,
            3
        ],
        [
            2,
            3
        ]
    ]
}
