{
    "qubits": {
        "0": [
            0.0,
            -18.0
        ],
        "1": [
            0.0,
            -9.0
        ],
        "2": [
            0.0,
            0.0
        ],
        "3": [
            0.0,
            9.0
        ],
        "4": [
            0.0,
            18.0
        ]
    },
    "metadata": {
        "score": {
            "total": 2.698195776842106,
            "gini_score": 0.9248631578947369,
            "sum_score": 2.9174,
            "total_normalized": 0.899398592280702,
            "sum_normalized": 0.9724666666666667
        },
        "params": {
            "rise_time": 1105,
            "fall_time": 1989,
            "omega": 14.555400093922607,
            "init_detuning": 7.804738802974729,
            "final_detuning": 7.2983961408251234
        },
        "mis": [
            [
                0,
                2,
                4
            ]
        ],
        "mis_size": 3
    },
    "edges": [
        [
            0,
            1
        ],
        [
            1,
            2
        ],
        [
            2,
            3
        ],
        [
            3,
            4
        ]
    ]
}
