{
    "qubits": {
        "0": [
            0.0,
            -12.0
        ],
        "1": [
            0.0,
            -6.0
        ],
        "2": [
            0.0,
            0.0
        ],
        "3": [
            0.0,
            6.0
        ],
        "4": [
            0.0,
            12.0
        ]
    },
    "metadata": {
        "score": {
            "total": 1.1235350215384614,
            "gini_score": 0.6648923076923077,
            "sum_score": 1.6898,
            "total_normalized": 0.5617675107692307,
            "sum_normalized": 0.8449
        },
        "params": {
            "rise_time": 356,
            "fall_time": 2804,
            "omega": 5.921129321438349,
            "init_detuning": 4.195545841084641,
            "final_detuning": 2.5987593613805418
        },
        "mis": [
            [
                0,
                3
            ],
            [
                0,
                4
            ],
            [
                1,
                4
            ]
        ],
        "mis_size": 2
    },
    "edges": [
        [
            0,
            1
        ],
        [
            0,
            2
        ],
        [
            1,
            2
        ],
        [
            1,
            3
        ],
        [
            2,
            4
        ],
        [
            2,
            3
        ],
        [
            4,
            3
        ]
    ]
}
