{
    "qubits": {
        "0": [
            0.0,
            -14.0
        ],
        "1": [
            0.0,
            -7.0
        ],
        "2": [
            0.0,
            0.0
        ],
        "3": [
            0.0,
            7.0
        ],
        "4": [
            0.0,
            14.0
        ]
    },
    "metadata": {
        "score": {
            "total": 2.462609737142857,
            "gini_score": 0.8700571428571429,
            "sum_score": 2.8304,
            "total_normalized": 0.8208699123809523,
            "sum_normalized": 0.9434666666666667
        },
        "params": {
            "rise_time": 944,
            "fall_time": 2423,
            "omega": 14.720498551478446,
            "init_detuning": 7.271662102201639,
            "final_detuning": 7.627850443283685
        },
        "mis": [
            [
                0,
                2,
                4
            ]
        ],
        "mis_size": 3
    },
    "edges": [
        [
            0,
            1
        ],
        [
            1,
            2
        ],
        [
            2,
            3
        ],
        [
            3,
            4
        ]
    ]
}
