{
    "qubits": {
        "0": [
            0.0,
            -20.0
        ],
        "1": [
            0.0,
            -10.0
        ],
        "2": [
            0.0,
            0.0
        ],
        "3": [
            0.0,
            10.0
        ],
        "4": [
            0.0,
            20.0
        ]
    },
    "metadata": {
        "score": {
            "total": 2.493314633333333,
            "gini_score": 0.9038333333333333,
            "sum_score": 2.7586,
            "total_normalized": 0.8311048777777778,
            "sum_normalized": 0.9195333333333333
        },
        "params": {
            "rise_time": 322,
            "fall_time": 2820,
            "omega": 8.520083398850966,
            "init_detuning": 6.944478212580195,
            "final_detuning": 4.5548161501462605
        },
        "mis": [
            [
                0,
                2,
                4
            ]
        ],
        "mis_size": 3
    },
    "edges": [
        [
            0,
            1
        ],
        [
            1,
            2
        ],
        [
            2,
            3
        ],
        [
            3,
            4
        ]
    ]
}
