{
    "qubits": {
        "0": [
            0.0,
            -16.0
        ],
        "1": [
            0.0,
            -8.0
        ],
        "2": [
            0.0,
            0.0
        ],
        "3": [
            0.0,
            8.0
        ],
        "4": [
            0.0,
            16.0
        ]
    },
    "metadata": {
        "score": {
            "total": 2.647243765,
            "gini_score": 0.912025,
            "sum_score": 2.9026,
            "total_normalized": 0.8824145883333333,
            "sum_normalized": 0.9675333333333334
        },
        "params": {
            "rise_time": 1490,
            "fall_time": 1950,
            "omega": 14.949950791129345,
            "init_detuning": 7.266927692444369,
            "final_detuning": 6.394396371620887
        },
        "mis": [
            [
                0,
                2,
                4
            ]
        ],
        "mis_size": 3
    },
    "edges": [
        [
            0,
            1
        ],
        [
            1,
            2
        ],
        [
            2,
            3
        ],
        [
            3,
            4
        ]
    ]
}
