{
    "qubits": {
        "0": [
            -7.5,
            -2.598076211353316
        ],
        "1": [
            -1.5,
            -2.598076211353316
        ],
        "2": [
            4.5,
            -2.598076211353316
        ],
        "3": [
            -4.5,
            2.598076211353316
        ],
        "4": [
            1.5,
            2.598076211353316
        ],
        "5": [
            7.5,
            2.598076211353316
        ]
    },
    "metadata": {
        "score": {
            "total": 1.63096296,
            "gini_score": 0.8732,
            "sum_score": 1.8678,
            "total_normalized": 0.81548148,
            "sum_normalized": 0.9339
        },
        "params": {
            "rise_time": 604,
            "fall_time": 2852,
            "omega": 4.045785898011532,
            "init_detuning": 3.2917157016277168,
            "final_detuning": 3.531280043446142
        },
        "mis": [
            [
                0,
                5
            ]
        ],
        "mis_size": 2
    },
    "edges": [
        [
            0,
            1
        ],
        [
            0,
            4
        ],
        [
            0,
            3
        ],
        [
            0,
            2
        ],
        [
            1,
            2
        ],
        [
            1,
            5
        ],
        [
            1,
            4
        ],
        [
            1,
            3
        ],
        [
            2,
            4
        ],
        [
            2,
            3
        ],
        [
            2,
            5
        ],
        [
            4,
            3
        ],
        [
            4,
            5
        ],
        [
            3,
            5
        ]
    ]
}
