{
    "qubits": {
        "0": [
            -3.0,
            -7.794228634059947
        ],
        "1": [
            6.0,
            -7.794228634059947
        ],
        "2": [
            -7.5,
            0.0
        ],
        "3": [
            1.5,
            0.0
        ],
        "4": [
            -3.0,
            7.794228634059947
        ],
        "5": [
            6.0,
            7.794228634059947
        ]
    },
    "metadata": {
        "score": {
            "total": 2.6794212,
            "gini_score": 0.9404117647058823,
            "sum_score": 2.8492,
            "total_normalized": 0.8931404000000001,
            "sum_normalized": 0.9497333333333334
        },
        "params": {
            "rise_time": 1542,
            "fall_time": 3306,
            "omega": 14.461359401338662,
            "init_detuning": 5.137681731556484,
            "final_detuning": 6.9986943961204116
        },
        "mis": [
            [
                1,
                2,
                5
            ]
        ],
        "mis_size": 3
    },
    "edges": [
        [
            0,
            1
        ],
        [
            0,
            3
        ],
        [
            0,
            2
        ],
        [
            1,
            3
        ],
        [
            2,
            4
        ],
        [
            2,
            3
        ],
        [
            4,
            3
        ],
        [
            4,
            5
        ],
        [
            3,
            5
        ]
    ]
}
