{
    "qubits": {
        "0": [
            -2.666666666666667,
            -6.928203230275509
        ],
        "1": [
            5.333333333333333,
            -6.928203230275509
        ],
        "2": [
            -6.666666666666667,
            0.0
        ],
        "3": [
            1.333333333333333,
            0.0
        ],
        "4": [
            -2.666666666666667,
            6.928203230275509
        ],
        "5": [
            5.333333333333333,
            6.928203230275509
        ]
    },
    "metadata": {
        "score": {
            "total": 2.697819872,
            "gini_score": 0.93896,
            "sum_score": 2.8732,
            "total_normalized": 0.8992732906666667,
            "sum_normalized": 0.9577333333333334
        },
        "params": {
            "rise_time": 1571,
            "fall_time": 2377,
            "omega": 13.065884066132234,
            "init_detuning": 5.882340406142963,
            "final_detuning": 6.57793569953437
        },
        "mis": [
            [
                1,
                2,
                5
            ]
        ],
        "mis_size": 3
    },
    "edges": [
        [
            0,
            1
        ],
        [
            0,
            3
        ],
        [
            0,
            2
        ],
        [
            1,
            3
        ],
        [
            2,
            4
        ],
        [
            2,
            3
        ],
        [
            4,
            3
        ],
        [
            4,
            5
        ],
        [
            3,
            5
        ]
    ]
}
