{
    "qubits": {
        "0": [
            -11.25,
            -3.8971143170299736
        ],
        "1": [
            -2.25,
            -3.8971143170299736
        ],
        "2": [
            6.75,
            -3.8971143170299736
        ],
        "3": [
            -6.75,
            3.8971143170299736
        ],
        "4": [
            2.25,
            3.8971143170299736
        ],
        "5": [
            11.25,
            3.8971143170299736
        ]
    },
    "metadata": {
        "score": {
            "total": 1.7145606705882355,
            "gini_score": 0.8899411764705882,
            "sum_score": 1.9266,
            "total_normalized": 0.8572803352941177,
            "sum_normalized": 0.9633
        },
        "params": {
            "rise_time": 922,
            "fall_time": 3225,
            "omega": 9.405080429539302,
            "init_detuning": 5.271900578054076,
            "final_detuning": 4.628424538223802
        },
        "mis": [
            [
                0,
                2
            ],
            [
                0,
                4
            ],
            [
                0,
                5
            ],
            [
                1,
                5
            ],
            [
                2,
                3
            ],
            [
                3,
                5
            ]
        ],
        "mis_size": 2
    },
    "edges": [
        [
            0,
            1
        ],
        [
            0,
            3
        ],
        [
            1,
            2
        ],
        [
            1,
            4
        ],
        [
            1,
            3
        ],
        [
            2,
            4
        ],
        [
            2,
            5
        ],
        [
            4,
            3
        ],
        [
            4,
            5
        ]
    ]
}
