{
    "qubits": {
        "0": [
            -12.5,
            -4.330127018922193
        ],
        "1": [
            -2.5,
            -4.330127018922193
        ],
        "2": [
            7.5,
            -4.330127018922193
        ],
        "3": [
            -7.5,
            4.330127018922193
        ],
        "4": [
            2.5,
            4.330127018922193
        ],
        "5": [
            12.5,
            4.330127018922193
        ]
    },
    "metadata": {
        "score": {
            "total": 1.5359444058536584,
            "gini_score": 0.844760975609756,
            "sum_score": 1.8182,
            "total_normalized": 0.7679722029268292,
            "sum_normalized": 0.9091
        },
        "params": {
            "rise_time": 1425,
            "fall_time": 1589,
            "omega": 2.4655454589224144,
            "init_detuning": 1.0460749366116027,
            "final_detuning": 2.6025496007275475
        },
        "mis": [
            [
                0,
                2
            ],
            [
                0,
                4
            ],
            [
                0,
                5
            ],
            [
                1,
                5
            ],
            [
                2,
                3
            ],
            [
                3,
                5
            ]
        ],
        "mis_size": 2
    },
    "edges": [
        [
            0,
            1
        ],
        [
            0,
            3
        ],
        [
            1,
            2
        ],
        [
            1,
            4
        ],
        [
            1,
            3
        ],
        [
            2,
            4
        ],
        [
            2,
            5
        ],
        [
            4,
            3
        ],
        [
            4,
            5
        ]
    ]
}
