{
    "qubits": {
        "0": [
            -10.0,
            -3.464101615137755
        ],
        "1": [
            -2.0,
            -3.464101615137755
        ],
        "2": [
            6.0,
            -3.464101615137755
        ],
        "3": [
            -6.0,
            3.464101615137754
        ],
        "4": [
            2.0,
            3.464101615137754
        ],
        "5": [
            10.0,
            3.464101615137754
        ]
    },
    "metadata": {
        "score": {
            "total": 1.6712873066666665,
            "gini_score": 0.8542666666666666,
            "sum_score": 1.9564,
            "total_normalized": 0.8356436533333332,
            "sum_normalized": 0.9782
        },
        "params": {
            "rise_time": 1372,
            "fall_time": 1919,
            "omega": 10.490740153105568,
            "init_detuning": 4.089157442570201,
            "final_detuning": 6.257666907323159
        },
        "mis": [
            [
                0,
                2
            ],
            [
                0,
                4
            ],
            [
                0,
                5
            ],
            [
                1,
                5
            ],
            [
                2,
                3
            ],
            [
                3,
                5
            ]
        ],
        "mis_size": 2
    },
    "edges": [
        [
            0,
            1
        ],
        [
            0,
            3
        ],
        [
            1,
            2
        ],
        [
            1,
            4
        ],
        [
            1,
            3
        ],
        [
            2,
            4
        ],
        [
            2,
            5
        ],
        [
            4,
            3
        ],
        [
            4,
            5
        ]
    ]
}
