{
    "qubits": {
        "0": [
            -8.75,
            -3.031088913245535
        ],
        "1": [
            -1.75,
            -3.031088913245535
        ],
        "2": [
            5.25,
            -3.031088913245535
        ],
        "3": [
            -5.25,
            3.031088913245535
        ],
        "4": [
            1.75,
            3.031088913245535
        ],
        "5": [
            8.75,
            3.031088913245535
        ]
    },
    "metadata": {
        "score": {
            "total": 1.4277358523076922,
            "gini_score": 0.7740923076923076,
            "sum_score": 1.8444,
            "total_normalized": 0.7138679261538461,
            "sum_normalized": 0.9222
        },
        "params": {
            "rise_time": 472,
            "fall_time": 1833,
            "omega": 4.707646066599984,
            "init_detuning": 4.5647394728620085,
            "final_detuning": 4.528268365854638
        },
        "mis": [
            [
                0,
                2
            ],
            [
                0,
                5
            ],
            [
                3,
                5
            ]
        ],
        "mis_size": 2
    },
    "edges": [
        [
            0,
            1
        ],
        [
            0,
            4
        ],
        [
            0,
            3
        ],
        [
            1,
            2
        ],
        [
            1,
            5
        ],
        [
            1,
            4
        ],
        [
            1,
            3
        ],
        [
            2,
            4
        ],
        [
            2,
            3
        ],
        [
            2,
            5
        ],
        [
            4,
            3
        ],
        [
            4,
            5
        ]
    ]
}
