{
    "qubits": {
        "0": [
            -3.333333333333334,
            -8.660254037844386
        ],
        "1": [
            6.666666666666666,
            -8.660254037844386
        ],
        "2": [
            -8.333333333333334,
            0.0
        ],
        "3": [
            1.666666666666666,
            0.0
        ],
        "4": [
            -3.333333333333334,
            8.660254037844386
        ],
        "5": [
            6.666666666666666,
            8.660254037844386
        ]
    },
    "metadata": {
        "score": {
            "total": 2.490267233684211,
            "gini_score": 0.9122526315789474,
            "sum_score": 2.7298,
            "total_normalized": 0.830089077894737,
            "sum_normalized": 0.9099333333333334
        },
        "params": {
            "rise_time": 807,
            "fall_time": 2797,
            "omega": 4.161722050414315,
            "init_detuning": 3.3091549051199904,
            "final_detuning": 2.929598184713177
        },
        "mis": [
            [
                1,
                2,
                5
            ]
        ],
        "mis_size": 3
    },
    "edges": [
        [
            0,
            1
        ],
        [
            0,
            3
        ],
        [
            0,
            2
        ],
        [
            1,
            3
        ],
        [
            2,
            4
        ],
        [
            2,
            3
        ],
        [
            4,
            3
        ],
        [
            4,
            5
        ],
        [
            3,
            5
        ]
    ]
}
