{
    "qubits": {
        "0": [
            -13.75,
            -4.763139720814412
        ],
        "1": [
            -2.75,
            -4.763139720814412
        ],
        "2": [
            8.25,
            -4.763139720814412
        ],
        "3": [
            -8.25,
            4.763139720814412
        ],
        "4": [
            2.75,
            4.763139720814412
        ],
        "5": [
            13.75,
            4.763139720814412
        ]
    },
    "metadata": {
        "score": {
            "total": 1.3682461107692308,
            "gini_score": 0.8074153846153845,
            "sum_score": 1.6946,
            "total_normalized": 0.6841230553846154,
            "sum_normalized": 0.8473
        },
        "params": {
            "rise_time": 1658,
            "fall_time": 2570,
            "omega": 2.006435276490692,
            "init_detuning": 1.2661966490180143,
            "final_detuning": 1.2988828177858407
        },
        "mis": [
            [
                0,
                2
            ],
            [
                0,
                4
            ],
            [
                0,
                5
            ],
            [
                1,
                5
            ],
            [
                2,
                3
            ],
            [
                3,
                5
            ]
        ],
        "mis_size": 2
    },
    "edges": [
        [
            0,
            1
        ],
        [
            0,
            3
        ],
        [
            1,
            2
        ],
        [
            1,
            4
        ],
        [
            1,
            3
        ],
        [
            2,
            4
        ],
        [
            2,
            5
        ],
        [
            4,
            3
        ],
        [
            4,
            5
        ]
    ]
}
