{
    "qubits": {
        "0": [
            -3.5,
            -7.0
        ],
        "1": [
            3.5,
            -7.0
        ],
        "2": [
            -3.5,
            0.0
        ],
        "3": [
            3.5,
            0.0
        ],
        "4": [
            -3.5,
            7.0
        ],
        "5": [
            3.5,
            7.0
        ]
    },
    "metadata": {
        "score": {
            "total": 1.6156187294117648,
            "gini_score": 0.8181176470588235,
            "sum_score": 1.9748,
            "total_normalized": 0.8078093647058824,
            "sum_normalized": 0.9874
        },
        "params": {
            "rise_time": 1261,
            "fall_time": 2681,
            "omega": 10.620852198519778,
            "init_detuning": 5.234440857136903,
            "final_detuning": 7.53319327709816
        },
        "mis": [
            [
                0,
                4
            ],
            [
                0,
                5
            ],
            [
                1,
                4
            ],
            [
                1,
                5
            ]
        ],
        "mis_size": 2
    },
    "edges": [
        [
            0,
            1
        ],
        [
            0,
            3
        ],
        [
            0,
            2
        ],
        [
            1,
            2
        ],
        [
            1,
            3
        ],
        [
            2,
            4
        ],
        [
            2,
            3
        ],
        [
            2,
            5
        ],
        [
            4,
            3
        ],
        [
            4,
            5
        ],
        [
            3,
            5
        ]
    ]
}
