{
    "qubits": {
        "0": [
            -3.0,
            -6.0
        ],
        "1": [
            3.0,
            -6.0
        ],
        "2": [
            -3.0,
            0.0
        ],
        "3": [
            3.0,
            0.0
        ],
        "4": [
            -3.0,
            6.0
        ],
        "5": [
            3.0,
            6.0
        ]
    },
    "metadata": {
        "score": {
            "total": 1.2175817788235295,
            "gini_score": 0.7710117647058824,
            "sum_score": 1.5792,
            "total_normalized": 0.6087908894117647,
            "sum_normalized": 0.7896
        },
        "params": {
            "rise_time": 1576,
            "fall_time": 3319,
            "omega": 14.33578851050992,
            "init_detuning": 4.485473004492947,
            "final_detuning": 7.971255676303429
        },
        "mis": [
            [
                0,
                5
            ],
            [
                1,
                4
            ]
        ],
        "mis_size": 2
    },
    "edges": [
        [
            0,
            1
        ],
        [
            0,
            4
        ],
        [
            0,
            3
        ],
        [
            0,
            2
        ],
        [
            1,
            2
        ],
        [
            1,
            5
        ],
        [
            1,
            3
        ],
        [
            2,
            4
        ],
        [
            2,
            3
        ],
        [
            2,
            5
        ],
        [
            4,
            3
        ],
        [
            4,
            5
        ],
        [
            3,
            5
        ]
    ]
}
