{
    "qubits": {
        "0": [
            -11.0,
            -5.5
        ],
        "1": [
            0.0,
            -5.5
        ],
        "2": [
            11.0,
            -5.5
        ],
        "3": [
            -11.0,
            5.5
        ],
        "4": [
            0.0,
            5.5
        ],
        "5": [
            11.0,
            5.5
        ]
    },
    "metadata": {
        "score": {
            "total": 1.962975,
            "gini_score": 0.8628461538461538,
            "sum_score": 2.275,
            "total_normalized": 0.6543249999999999,
            "sum_normalized": 0.7583333333333333
        },
        "params": {
            "rise_time": 946,
            "fall_time": 2918,
            "omega": 3.9079899441422157,
            "init_detuning": 1.1698234922119533,
            "final_detuning": 2.840353234138478
        },
        "mis": [
            [
                0,
                2,
                4
            ],
            [
                1,
                3,
                5
            ]
        ],
        "mis_size": 3
    },
    "edges": [
        [
            0,
            1
        ],
        [
            0,
            3
        ],
        [
            1,
            2
        ],
        [
            1,
            4
        ],
        [
            2,
            5
        ],
        [
            3,
            4
        ],
        [
            4,
            5
        ]
    ]
}
