{
    "qubits": {
        "0": [
            0.0,
            -20.0
        ],
        "1": [
            0.0,
            -12.0
        ],
        "2": [
            0.0,
            -4.0
        ],
        "3": [
            0.0,
            4.0
        ],
        "4": [
            0.0,
            12.0
        ],
        "5": [
            0.0,
            20.0
        ]
    },
    "metadata": {
        "score": {
            "total": 2.56309924,
            "gini_score": 0.8794,
            "sum_score": 2.9146,
            "total_normalized": 0.8543664133333334,
            "sum_normalized": 0.9715333333333334
        },
        "params": {
            "rise_time": 1243,
            "fall_time": 1927,
            "omega": 13.619276932301503,
            "init_detuning": 5.788249657829722,
            "final_detuning": 7.806441043562112
        },
        "mis": [
            [
                0,
                2,
                4
            ],
            [
                0,
                2,
                5
            ],
            [
                0,
                3,
                5
            ],
            [
                1,
                3,
                5
            ]
        ],
        "mis_size": 3
    },
    "edges": [
        [
            0,
            1
        ],
        [
            1,
            2
        ],
        [
            2,
            3
        ],
        [
            3,
            4
        ],
        [
            4,
            5
        ]
    ]
}
