{
    "qubits": {
        "0": [
            0.0,
            -22.5
        ],
        "1": [
            0.0,
            -13.5
        ],
        "2": [
            0.0,
            -4.5
        ],
        "3": [
            0.0,
            4.5
        ],
        "4": [
            0.0,
            13.5
        ],
        "5": [
            0.0,
            22.5
        ]
    },
    "metadata": {
        "score": {
            "total": 2.4398258999999998,
            "gini_score": 0.8565,
            "sum_score": 2.8486,
            "total_normalized": 0.8132752999999999,
            "sum_normalized": 0.9495333333333332
        },
        "params": {
            "rise_time": 1468,
            "fall_time": 3188,
            "omega": 11.427543121060756,
            "init_detuning": 5.845664363960392,
            "final_detuning": 6.658897045597915
        },
        "mis": [
            [
                0,
                2,
                4
            ],
            [
                0,
                2,
                5
            ],
            [
                0,
                3,
                5
            ],
            [
                1,
                3,
                5
            ]
        ],
        "mis_size": 3
    },
    "edges": [
        [
            0,
            1
        ],
        [
            1,
            2
        ],
        [
            2,
            3
        ],
        [
            3,
            4
        ],
        [
            4,
            5
        ]
    ]
}
