{
    "qubits": {
        "0": [
            -10.0,
            -5.0
        ],
        "1": [
            0.0,
            -5.0
        ],
        "2": [
            10.0,
            -5.0
        ],
        "3": [
            -10.0,
            5.0
        ],
        "4": [
            0.0,
            5.0
        ],
        "5": [
            10.0,
            5.0
        ]
    },
    "metadata": {
        "score": {
            "total": 2.4660124782608692,
            "gini_score": 0.8951043478260869,
            "sum_score": 2.755,
            "total_normalized": 0.8220041594202897,
            "sum_normalized": 0.9183333333333333
        },
        "params": {
            "rise_time": 789,
            "fall_time": 3070,
            "omega": 4.612687893334437,
            "init_detuning": 1.6013268693263676,
            "final_detuning": 3.7200964286490956
        },
        "mis": [
            [
                0,
                2,
                4
            ],
            [
                1,
                3,
                5
            ]
        ],
        "mis_size": 3
    },
    "edges": [
        [
            0,
            1
        ],
        [
            0,
            3
        ],
        [
            1,
            2
        ],
        [
            1,
            4
        ],
        [
            2,
            5
        ],
        [
            3,
            4
        ],
        [
            4,
            5
        ]
    ]
}
