{
    "qubits": {
        "0": [
            -5.0,
            -10.0
        ],
        "1": [
            5.0,
            -10.0
        ],
        "2": [
            -5.0,
            0.0
        ],
        "3": [
            5.0,
            0.0
        ],
        "4": [
            -5.0,
            10.0
        ],
        "5": [
            5.0,
            10.0
        ]
    },
    "metadata": {
        "score": {
            "total": 2.6126419536,
            "gini_score": 0.929832,
            "sum_score": 2.8098,
            "total_normalized": 0.8708806511999999,
            "sum_normalized": 0.9366
        },
        "params": {
            "rise_time": 1352,
            "fall_time": 3311,
            "omega": 8.062146974650062,
            "init_detuning": 3.3566237362593627,
            "final_detuning": 5.1927150518900715
        },
        "mis": [
            [
                0,
                3,
                4
            ],
            [
                1,
                2,
                5
            ]
        ],
        "mis_size": 3
    },
    "edges": [
        [
            0,
            1
        ],
        [
            0,
            2
        ],
        [
            1,
            3
        ],
        [
            2,
            4
        ],
        [
            2,
            3
        ],
        [
            4,
            5
        ],
        [
            3,
            5
        ]
    ]
}
