{
    "qubits": {
        "0": [
            -5.5,
            -11.0
        ],
        "1": [
            5.5,
            -11.0
        ],
        "2": [
            -5.5,
            0.0
        ],
        "3": [
            5.5,
            0.0
        ],
        "4": [
            -5.5,
            11.0
        ],
        "5": [
            5.5,
            11.0
        ]
    },
    "metadata": {
        "score": {
            "total": 2.151409959111111,
            "gini_score": 0.8601511111111111,
            "sum_score": 2.5012,
            "total_normalized": 0.717136653037037,
            "sum_normalized": 0.8337333333333333
        },
        "params": {
            "rise_time": 804,
            "fall_time": 3250,
            "omega": 3.976424838869622,
            "init_detuning": 2.1902084716333863,
            "final_detuning": 2.4053885519546827
        },
        "mis": [
            [
                0,
                3,
                4
            ],
            [
                1,
                2,
                5
            ]
        ],
        "mis_size": 3
    },
    "edges": [
        [
            0,
            1
        ],
        [
            0,
            2
        ],
        [
            1,
            3
        ],
        [
            2,
            4
        ],
        [
            2,
            3
        ],
        [
            4,
            5
        ],
        [
            3,
            5
        ]
    ]
}
