{
    "qubits": {
        "0": [
            0.0,
            -25.0
        ],
        "1": [
            0.0,
            -15.0
        ],
        "2": [
            0.0,
            -5.0
        ],
        "3": [
            0.0,
            5.0
        ],
        "4": [
            0.0,
            15.0
        ],
        "5": [
            0.0,
            25.0
        ]
    },
    "metadata": {
        "score": {
            "total": 2.5277677136842107,
            "gini_score": 0.8895578947368421,
            "sum_score": 2.8416,
            "total_normalized": 0.8425892378947369,
            "sum_normalized": 0.9472
        },
        "params": {
            "rise_time": 1002,
            "fall_time": 2935,
            "omega": 3.59898680804933,
            "init_detuning": 2.282665408947777,
            "final_detuning": 2.589327085431721
        },
        "mis": [
            [
                0,
                2,
                4
            ],
            [
                0,
                2,
                5
            ],
            [
                0,
                3,
                5
            ],
            [
                1,
                3,
                5
            ]
        ],
        "mis_size": 3
    },
    "edges": [
        [
            0,
            1
        ],
        [
            1,
            2
        ],
        [
            2,
            3
        ],
        [
            3,
            4
        ],
        [
            4,
            5
        ]
    ]
}
