{
    "qubits": {
        "0": [
            -4.5,
            -9.0
        ],
        "1": [
            4.5,
            -9.0
        ],
        "2": [
            -4.5,
            0.0
        ],
        "3": [
            4.5,
            0.0
        ],
        "4": [
            -4.5,
            9.0
        ],
        "5": [
            4.5,
            9.0
        ]
    },
    "metadata": {
        "score": {
            "total": 1.282246284,
            "gini_score": 0.80614,
            "sum_score": 1.5906,
            "total_normalized": 0.641123142,
            "sum_normalized": 0.7953
        },
        "params": {
            "rise_time": 931,
            "fall_time": 2033,
            "omega": 9.346402527283928,
            "init_detuning": 3.6373739262443325,
            "final_detuning": 2.7681378754680783
        },
        "mis": [
            [
                0,
                4
            ],
            [
                0,
                5
            ],
            [
                1,
                4
            ],
            [
                1,
                5
            ]
        ],
        "mis_size": 2
    },
    "edges": [
        [
            0,
            1
        ],
        [
            0,
            3
        ],
        [
            0,
            2
        ],
        [
            1,
            2
        ],
        [
            1,
            3
        ],
        [
            2,
            4
        ],
        [
            2,
            3
        ],
        [
            2,
            5
        ],
        [
            4,
            3
        ],
        [
            4,
            5
        ],
        [
            3,
            5
        ]
    ]
}
