{
    "qubits": {
        "0": [
            0.0,
            -17.5
        ],
        "1": [
            0.0,
            -10.5
        ],
        "2": [
            0.0,
            -3.5
        ],
        "3": [
            0.0,
            3.5
        ],
        "4": [
            0.0,
            10.5
        ],
        "5": [
            0.0,
            17.5
        ]
    },
    "metadata": {
        "score": {
            "total": 2.5407744228571425,
            "gini_score": 0.8688190476190476,
            "sum_score": 2.9244,
            "total_normalized": 0.8469248076190475,
            "sum_normalized": 0.9748
        },
        "params": {
            "rise_time": 849,
            "fall_time": 2879,
            "omega": 11.034823512490924,
            "init_detuning": 5.537060618296918,
            "final_detuning": 6.6124772095211535
        },
        "mis": [
            [
                0,
                2,
                4
            ],
            [
                0,
                2,
                5
            ],
            [
                0,
                3,
                5
            ],
            [
                1,
                3,
                5
            ]
        ],
        "mis_size": 3
    },
    "edges": [
        [
            0,
            1
        ],
        [
            1,
            2
        ],
        [
            2,
            3
        ],
        [
            3,
            4
        ],
        [
            4,
            5
        ]
    ]
}
