{
    "qubits": {
        "0": [
            -4.0,
            -8.0
        ],
        "1": [
            4.0,
            -8.0
        ],
        "2": [
            -4.0,
            0.0
        ],
        "3": [
            4.0,
            0.0
        ],
        "4": [
            -4.0,
            8.0
        ],
        "5": [
            4.0,
            8.0
        ]
    },
    "metadata": {
        "score": {
            "total": 1.4187818825,
            "gini_score": 0.8444125,
            "sum_score": 1.6802,
            "total_normalized": 0.70939094125,
            "sum_normalized": 0.8401
        },
        "params": {
            "rise_time": 217,
            "fall_time": 3280,
            "omega": 14.172721864096435,
            "init_detuning": 4.315797838792345,
            "final_detuning": 2.9928969449142038
        },
        "mis": [
            [
                0,
                4
            ],
            [
                0,
                5
            ],
            [
                1,
                4
            ],
            [
                1,
                5
            ]
        ],
        "mis_size": 2
    },
    "edges": [
        [
            0,
            1
        ],
        [
            0,
            3
        ],
        [
            0,
            2
        ],
        [
            1,
            2
        ],
        [
            1,
            3
        ],
        [
            2,
            4
        ],
        [
            2,
            3
        ],
        [
            2,
            5
        ],
        [
            4,
            3
        ],
        [
            4,
            5
        ],
        [
            3,
            5
        ]
    ]
}
