{
    "qubits": {
        "0": [
            0.0,
            0
        ],
        "1": [
            0.0,
            10
        ],
        "2": [
            8.660254037844386,
            10
        ],
        "3": [
            0.0,
            20
        ],
        "4": [
            8.660254037844386,
            20
        ],
        "5": [
            17.32050807568877,
            20
        ]
    },
    "metadata": {
        "score": {
            "total": 1.3815855586206895,
            "gini_score": 0.7935586206896551,
            "sum_score": 1.741,
            "total_normalized": 0.46052851954022983,
            "sum_normalized": 0.5803333333333334
        },
        "params": {
            "rise_time": 1453,
            "fall_time": 2882,
            "omega": 6.357239005688941,
            "init_detuning": 4.133429337529327,
            "final_detuning": 2.56973036907542
        },
        "mis": [
            [
                0,
                3,
                5
            ]
        ],
        "mis_size": 3
    },
    "edges": [
        [
            0,
            1
        ],
        [
            0,
            2
        ],
        [
            1,
            2
        ],
        [
            1,
            4
        ],
        [
            1,
            3
        ],
        [
            2,
            4
        ],
        [
            2,
            3
        ],
        [
            2,
            5
        ],
        [
            4,
            3
        ],
        [
            4,
            5
        ]
    ]
}
