{
    "qubits": {
        "0": [
            0.0,
            0
        ],
        "1": [
            0.0,
            8
        ],
        "2": [
            6.928203230275509,
            8
        ],
        "3": [
            0.0,
            16
        ],
        "4": [
            6.928203230275509,
            16
        ],
        "5": [
            13.856406460551018,
            16
        ]
    },
    "metadata": {
        "score": {
            "total": 2.5306929391304345,
            "gini_score": 0.9080347826086956,
            "sum_score": 2.787,
            "total_normalized": 0.8435643130434781,
            "sum_normalized": 0.9289999999999999
        },
        "params": {
            "rise_time": 1344,
            "fall_time": 3164,
            "omega": 11.32002820004631,
            "init_detuning": 4.692755197194485,
            "final_detuning": 5.2264279373065134
        },
        "mis": [
            [
                0,
                3,
                5
            ]
        ],
        "mis_size": 3
    },
    "edges": [
        [
            0,
            1
        ],
        [
            0,
            2
        ],
        [
            1,
            2
        ],
        [
            1,
            4
        ],
        [
            1,
            3
        ],
        [
            2,
            4
        ],
        [
            2,
            3
        ],
        [
            2,
            5
        ],
        [
            4,
            3
        ],
        [
            4,
            5
        ]
    ]
}
