{
    "qubits": {
        "q0": [
            -6.88,
            -5.94
        ],
        "q1": [
            0.07,
            -6.09
        ],
        "q2": [
            7.2,
            -6.1
        ],
        "q3": [
            -3.49,
            -0.23
        ],
        "q4": [
            3.84,
            -0.29
        ],
        "q5": [
            0.0,
            5.33
        ]
    },
    "metadata": {
        "score": {
            "total": 0.7578783428571428,
            "gini_score": 0.7201428571428571,
            "sum_score": 1.0524,
            "total_normalized": 0.3789391714285714,
            "sum_normalized": 0.5262
        },
        "params": {
            "rise_time": 1206,
            "fall_time": 76,
            "omega": 13.319641710437224,
            "init_detuning": 1.5909584299852226,
            "final_detuning": 6.44088609753887
        },
        "mis": [
            [
                0,
                2
            ],
            [
                2,
                5
            ]
        ],
        "mis_size": 2
    },
    "edges": [
        [
            0,
            1
        ],
        [
            0,
            4
        ],
        [
            0,
            3
        ],
        [
            0,
            5
        ],
        [
            1,
            2
        ],
        [
            1,
            5
        ],
        [
            1,
            4
        ],
        [
            1,
            3
        ],
        [
            2,
            4
        ],
        [
            2,
            3
        ],
        [
            4,
            3
        ],
        [
            4,
            5
        ],
        [
            3,
            5
        ]
    ]
}
