{
    "qubits": {
        "0": [
            0.0,
            0
        ],
        "1": [
            0.0,
            11
        ],
        "2": [
            9.526279441628825,
            11
        ],
        "3": [
            0.0,
            22
        ],
        "4": [
            9.526279441628825,
            22
        ],
        "5": [
            19.05255888325765,
            22
        ]
    },
    "metadata": {
        "score": {
            "total": 3.4208701599999998,
            "gini_score": 0.9381499999999999,
            "sum_score": 3.6464,
            "total_normalized": 0.8552175399999999,
            "sum_normalized": 0.9116
        },
        "params": {
            "rise_time": 267,
            "fall_time": 3311,
            "omega": 9.875287108758164,
            "init_detuning": 6.439199257005329,
            "final_detuning": 6.363217505915548
        },
        "mis": [
            [
                0,
                2,
                3,
                5
            ]
        ],
        "mis_size": 4
    },
    "edges": [
        [
            0,
            1
        ],
        [
            1,
            2
        ],
        [
            1,
            3
        ],
        [
            2,
            4
        ],
        [
            4,
            3
        ],
        [
            4,
            5
        ]
    ]
}
