{
    "qubits": {
        "0": [
            0.0,
            0
        ],
        "1": [
            0.0,
            6
        ],
        "2": [
            5.196152422706632,
            6
        ],
        "3": [
            0.0,
            12
        ],
        "4": [
            5.196152422706632,
            12
        ],
        "5": [
            10.392304845413264,
            12
        ]
    },
    "metadata": {
        "score": {
            "total": 1.489204176,
            "gini_score": 0.85224,
            "sum_score": 1.7474,
            "total_normalized": 0.744602088,
            "sum_normalized": 0.8737
        },
        "params": {
            "rise_time": 1132,
            "fall_time": 3316,
            "omega": 2.4788912010733077,
            "init_detuning": 1.7150249113775273,
            "final_detuning": 2.0367365801640154
        },
        "mis": [
            [
                0,
                5
            ]
        ],
        "mis_size": 2
    },
    "edges": [
        [
            0,
            1
        ],
        [
            0,
            4
        ],
        [
            0,
            3
        ],
        [
            0,
            2
        ],
        [
            1,
            2
        ],
        [
            1,
            5
        ],
        [
            1,
            4
        ],
        [
            1,
            3
        ],
        [
            2,
            4
        ],
        [
            2,
            3
        ],
        [
            2,
            5
        ],
        [
            4,
            3
        ],
        [
            4,
            5
        ],
        [
            3,
            5
        ]
    ]
}
