{
    "qubits": {
        "0": [
            0.0,
            0.0
        ],
        "1": [
            -3.0,
            5.196152422706632
        ],
        "2": [
            3.0,
            5.196152422706632
        ],
        "3": [
            6.0,
            0.0
        ],
        "4": [
            3.0,
            -5.196152422706632
        ],
        "5": [
            -3.0,
            -5.196152422706632
        ],
        "6": [
            -6.0,
            0.0
        ]
    },
    "metadata": {
        "score": {
            "total": 0.5534902063157896,
            "gini_score": 0.640021052631579,
            "sum_score": 0.8648,
            "total_normalized": 0.5534902063157896,
            "sum_normalized": 0.8648
        },
        "params": {
            "rise_time": 657,
            "fall_time": 1508,
            "omega": 5.587249250849192,
            "init_detuning": 7.321725564311884,
            "final_detuning": 1.3128906207634459
        },
        "mis": [
            [
                0
            ],
            [
                1
            ],
            [
                2
            ],
            [
                3
            ],
            [
                4
            ],
            [
                5
            ],
            [
                6
            ]
        ],
        "mis_size": 1
    },
    "edges": [
        [
            3,
            4
        ],
        [
            3,
            1
        ],
        [
            3,
            6
        ],
        [
            3,
            5
        ],
        [
            3,
            0
        ],
        [
            3,
            2
        ],
        [
            4,
            6
        ],
        [
            4,
            5
        ],
        [
            4,
            2
        ],
        [
            4,
            0
        ],
        [
            4,
            1
        ],
        [
            6,
            1
        ],
        [
            6,
            5
        ],
        [
            6,
            0
        ],
        [
            6,
            2
        ],
        [
            0,
            2
        ],
        [
            0,
            5
        ],
        [
            0,
            1
        ],
        [
            2,
            5
        ],
        [
            2,
            1
        ],
        [
            5,
            1
        ]
    ]
}
