{
    "qubits": {
        "0": [
            0.0,
            0.0
        ],
        "1": [
            -3.5,
            6.06217782649107
        ],
        "2": [
            3.5,
            6.06217782649107
        ],
        "3": [
            7.0,
            0.0
        ],
        "4": [
            3.5,
            -6.06217782649107
        ],
        "5": [
            -3.5,
            -6.06217782649107
        ],
        "6": [
            -7.0,
            0.0
        ]
    },
    "metadata": {
        "score": {
            "total": 0.9003787323076923,
            "gini_score": 0.7651076923076923,
            "sum_score": 1.1768,
            "total_normalized": 0.45018936615384614,
            "sum_normalized": 0.5884
        },
        "params": {
            "rise_time": 17,
            "fall_time": 1120,
            "omega": 14.94586469960256,
            "init_detuning": 6.151421370289402,
            "final_detuning": 4.392002177375239
        },
        "mis": [
            [
                1,
                4
            ],
            [
                2,
                5
            ],
            [
                3,
                6
            ]
        ],
        "mis_size": 2
    },
    "edges": [
        [
            0,
            1
        ],
        [
            0,
            4
        ],
        [
            0,
            3
        ],
        [
            0,
            6
        ],
        [
            0,
            2
        ],
        [
            0,
            5
        ],
        [
            1,
            2
        ],
        [
            1,
            5
        ],
        [
            1,
            6
        ],
        [
            1,
            3
        ],
        [
            2,
            4
        ],
        [
            2,
            3
        ],
        [
            2,
            6
        ],
        [
            4,
            3
        ],
        [
            4,
            6
        ],
        [
            4,
            5
        ],
        [
            3,
            5
        ],
        [
            5,
            6
        ]
    ]
}
