{
    "qubits": {
        "0": [
            0.0,
            -27.0
        ],
        "1": [
            0.0,
            -18.0
        ],
        "2": [
            0.0,
            -9.0
        ],
        "3": [
            0.0,
            0.0
        ],
        "4": [
            0.0,
            9.0
        ],
        "5": [
            0.0,
            18.0
        ],
        "6": [
            0.0,
            27.0
        ]
    },
    "metadata": {
        "score": {
            "total": 3.612392646808511,
            "gini_score": 0.9498297872340427,
            "sum_score": 3.8032,
            "total_normalized": 0.9030981617021278,
            "sum_normalized": 0.9508
        },
        "params": {
            "rise_time": 1073,
            "fall_time": 3320,
            "omega": 14.990246245027596,
            "init_detuning": 7.7389202421338235,
            "final_detuning": 6.991614983361176
        },
        "mis": [
            [
                0,
                2,
                4,
                6
            ]
        ],
        "mis_size": 4
    },
    "edges": [
        [
            0,
            1
        ],
        [
            1,
            2
        ],
        [
            2,
            3
        ],
        [
            3,
            4
        ],
        [
            4,
            5
        ],
        [
            5,
            6
        ]
    ]
}
