{
    "qubits": {
        "0": [
            0.0,
            -33.0
        ],
        "1": [
            0.0,
            -22.0
        ],
        "2": [
            0.0,
            -11.0
        ],
        "3": [
            0.0,
            0.0
        ],
        "4": [
            0.0,
            11.0
        ],
        "5": [
            0.0,
            22.0
        ],
        "6": [
            0.0,
            33.0
        ]
    },
    "metadata": {
        "score": {
            "total": 2.336332173913043,
            "gini_score": 0.8065217391304348,
            "sum_score": 2.8968,
            "total_normalized": 0.5840830434782608,
            "sum_normalized": 0.7242
        },
        "params": {
            "rise_time": 976,
            "fall_time": 2343,
            "omega": 1.5068086792417827,
            "init_detuning": 3.4626789180295843,
            "final_detuning": 0.47477428946626554
        },
        "mis": [
            [
                0,
                2,
                4,
                6
            ]
        ],
        "mis_size": 4
    },
    "edges": [
        [
            0,
            1
        ],
        [
            1,
            2
        ],
        [
            2,
            3
        ],
        [
            3,
            4
        ],
        [
            4,
            5
        ],
        [
            5,
            6
        ]
    ]
}
