{
    "qubits": {
        "0": [
            0.0,
            -21.0
        ],
        "1": [
            0.0,
            -14.0
        ],
        "2": [
            0.0,
            -7.0
        ],
        "3": [
            0.0,
            0.0
        ],
        "4": [
            0.0,
            7.0
        ],
        "5": [
            0.0,
            14.0
        ],
        "6": [
            0.0,
            21.0
        ]
    },
    "metadata": {
        "score": {
            "total": 3.60720248275862,
            "gini_score": 0.9299310344827585,
            "sum_score": 3.879,
            "total_normalized": 0.901800620689655,
            "sum_normalized": 0.96975
        },
        "params": {
            "rise_time": 1597,
            "fall_time": 2550,
            "omega": 14.772687137818885,
            "init_detuning": 6.612233668741892,
            "final_detuning": 5.9075141989831055
        },
        "mis": [
            [
                0,
                2,
                4,
                6
            ]
        ],
        "mis_size": 4
    },
    "edges": [
        [
            0,
            1
        ],
        [
            1,
            2
        ],
        [
            2,
            3
        ],
        [
            3,
            4
        ],
        [
            4,
            5
        ],
        [
            5,
            6
        ]
    ]
}
