{
    "qubits": {
        "0": [
            0.0,
            -30.0
        ],
        "1": [
            0.0,
            -20.0
        ],
        "2": [
            0.0,
            -10.0
        ],
        "3": [
            0.0,
            0.0
        ],
        "4": [
            0.0,
            10.0
        ],
        "5": [
            0.0,
            20.0
        ],
        "6": [
            0.0,
            30.0
        ]
    },
    "metadata": {
        "score": {
            "total": 3.4482123262745095,
            "gini_score": 0.9284862745098038,
            "sum_score": 3.7138,
            "total_normalized": 0.8620530815686274,
            "sum_normalized": 0.92845
        },
        "params": {
            "rise_time": 965,
            "fall_time": 3316,
            "omega": 3.5958133895229283,
            "init_detuning": 2.4398346781087343,
            "final_detuning": 2.4014433246125106
        },
        "mis": [
            [
                0,
                2,
                4,
                6
            ]
        ],
        "mis_size": 4
    },
    "edges": [
        [
            0,
            1
        ],
        [
            1,
            2
        ],
        [
            2,
            3
        ],
        [
            3,
            4
        ],
        [
            4,
            5
        ],
        [
            5,
            6
        ]
    ]
}
