{
    "qubits": {
        "q0": [
            -7.0,
            -7.0
        ],
        "q2": [
            6.01,
            -5.95
        ],
        "q3": [
            -7.0,
            0.0
        ],
        "q4": [
            0.0,
            0.0
        ],
        "q6": [
            -7.0,
            7.0
        ],
        "q7": [
            0.0,
            7.0
        ],
        "q8": [
            6.25,
            0.75
        ],
        "q1": [
            12.9,
            -3.12
        ]
    },
    "metadata": {
        "score": {
            "total": 2.24781276,
            "gini_score": 0.8898000000000001,
            "sum_score": 2.5262,
            "total_normalized": 0.74927092,
            "sum_normalized": 0.8420666666666666
        },
        "params": {
            "rise_time": 1205,
            "fall_time": 2546,
            "omega": 13.99259927157079,
            "init_detuning": 7.8653075558172585,
            "final_detuning": 7.9933276244357145
        },
        "mis": [
            [
                0,
                4,
                6
            ],
            [
                0,
                4,
                7
            ],
            [
                0,
                5,
                7
            ]
        ],
        "mis_size": 3
    },
    "edges": [
        [
            0,
            1
        ],
        [
            0,
            3
        ],
        [
            0,
            2
        ],
        [
            1,
            7
        ],
        [
            1,
            6
        ],
        [
            1,
            3
        ],
        [
            2,
            4
        ],
        [
            2,
            3
        ],
        [
            2,
            5
        ],
        [
            4,
            3
        ],
        [
            4,
            5
        ],
        [
            3,
            6
        ],
        [
            3,
            5
        ],
        [
            6,
            7
        ],
        [
            6,
            5
        ]
    ]
}
