{
    "qubits": {
        "0": [
            -2.25,
            -11.69134295108992
        ],
        "1": [
            6.75,
            -11.69134295108992
        ],
        "2": [
            -6.75,
            -3.8971143170299736
        ],
        "3": [
            2.25,
            -3.8971143170299736
        ],
        "4": [
            -2.25,
            3.8971143170299736
        ],
        "5": [
            6.75,
            3.8971143170299736
        ],
        "6": [
            -6.75,
            11.69134295108992
        ],
        "7": [
            2.25,
            11.69134295108992
        ]
    },
    "metadata": {
        "score": {
            "total": 3.4422167499999996,
            "gini_score": 0.9362499999999999,
            "sum_score": 3.6766,
            "total_normalized": 0.8605541874999999,
            "sum_normalized": 0.91915
        },
        "params": {
            "rise_time": 454,
            "fall_time": 1872,
            "omega": 5.689233448462453,
            "init_detuning": 5.101129640387959,
            "final_detuning": 3.4204052548068553
        },
        "mis": [
            [
                1,
                2,
                5,
                6
            ]
        ],
        "mis_size": 4
    },
    "edges": [
        [
            0,
            1
        ],
        [
            0,
            3
        ],
        [
            0,
            2
        ],
        [
            1,
            3
        ],
        [
            2,
            4
        ],
        [
            2,
            3
        ],
        [
            4,
            3
        ],
        [
            4,
            6
        ],
        [
            4,
            5
        ],
        [
            4,
            7
        ],
        [
            3,
            5
        ],
        [
            6,
            7
        ],
        [
            5,
            7
        ]
    ]
}
