{
    "qubits": {
        "0": [
            -2.75,
            -14.289419162443238
        ],
        "1": [
            8.25,
            -14.289419162443238
        ],
        "2": [
            -8.25,
            -4.763139720814412
        ],
        "3": [
            2.75,
            -4.763139720814412
        ],
        "4": [
            -2.75,
            4.763139720814412
        ],
        "5": [
            8.25,
            4.763139720814412
        ],
        "6": [
            -8.25,
            14.289419162443238
        ],
        "7": [
            2.75,
            14.289419162443238
        ]
    },
    "metadata": {
        "score": {
            "total": 3.1409072701754384,
            "gini_score": 0.9145964912280701,
            "sum_score": 3.4342,
            "total_normalized": 0.7852268175438596,
            "sum_normalized": 0.85855
        },
        "params": {
            "rise_time": 1030,
            "fall_time": 3315,
            "omega": 2.9715734182527105,
            "init_detuning": 2.073767063330603,
            "final_detuning": 2.2707645025175145
        },
        "mis": [
            [
                1,
                2,
                5,
                6
            ]
        ],
        "mis_size": 4
    },
    "edges": [
        [
            0,
            1
        ],
        [
            0,
            3
        ],
        [
            0,
            2
        ],
        [
            1,
            3
        ],
        [
            2,
            4
        ],
        [
            2,
            3
        ],
        [
            4,
            3
        ],
        [
            4,
            6
        ],
        [
            4,
            5
        ],
        [
            4,
            7
        ],
        [
            3,
            5
        ],
        [
            6,
            7
        ],
        [
            5,
            7
        ]
    ]
}
