{
    "qubits": {
        "0": [
            -3.5,
            -10.5
        ],
        "1": [
            3.5,
            -10.5
        ],
        "2": [
            -3.5,
            -3.5
        ],
        "3": [
            3.5,
            -3.5
        ],
        "4": [
            -3.5,
            3.5
        ],
        "5": [
            3.5,
            3.5
        ],
        "6": [
            -3.5,
            10.5
        ],
        "7": [
            3.5,
            10.5
        ]
    },
    "metadata": {
        "score": {
            "total": 1.3417101599999999,
            "gini_score": 0.7587999999999999,
            "sum_score": 1.7682,
            "total_normalized": 0.6708550799999999,
            "sum_normalized": 0.8841
        },
        "params": {
            "rise_time": 1069,
            "fall_time": 3090,
            "omega": 8.089122556417509,
            "init_detuning": 2.5507098085793816,
            "final_detuning": 3.412040263380402
        },
        "mis": [
            [
                0,
                4
            ],
            [
                0,
                5
            ],
            [
                0,
                6
            ],
            [
                0,
                7
            ],
            [
                1,
                4
            ],
            [
                1,
                5
            ],
            [
                1,
                6
            ],
            [
                1,
                7
            ],
            [
                2,
                6
            ],
            [
                2,
                7
            ],
            [
                3,
                6
            ],
            [
                3,
                7
            ]
        ],
        "mis_size": 2
    },
    "edges": [
        [
            0,
            1
        ],
        [
            0,
            3
        ],
        [
            0,
            2
        ],
        [
            1,
            2
        ],
        [
            1,
            3
        ],
        [
            2,
            4
        ],
        [
            2,
            3
        ],
        [
            2,
            5
        ],
        [
            4,
            3
        ],
        [
            4,
            6
        ],
        [
            4,
            5
        ],
        [
            4,
            7
        ],
        [
            3,
            5
        ],
        [
            6,
            7
        ],
        [
            6,
            5
        ],
        [
            5,
            7
        ]
    ]
}
