{
    "qubits": {
        "0": [
            0.0,
            -35.0
        ],
        "1": [
            0.0,
            -25.0
        ],
        "2": [
            0.0,
            -15.0
        ],
        "3": [
            0.0,
            -5.0
        ],
        "4": [
            0.0,
            5.0
        ],
        "5": [
            0.0,
            15.0
        ],
        "6": [
            0.0,
            25.0
        ],
        "7": [
            0.0,
            35.0
        ]
    },
    "metadata": {
        "score": {
            "total": 3.2570242192207797,
            "gini_score": 0.8829974025974027,
            "sum_score": 3.6886,
            "total_normalized": 0.8142560548051949,
            "sum_normalized": 0.92215
        },
        "params": {
            "rise_time": 1055,
            "fall_time": 3313,
            "omega": 3.1436126407807286,
            "init_detuning": 2.33330399135738,
            "final_detuning": 1.6953304835796341
        },
        "mis": [
            [
                0,
                2,
                4,
                6
            ],
            [
                0,
                2,
                4,
                7
            ],
            [
                0,
                2,
                5,
                7
            ],
            [
                0,
                3,
                5,
                7
            ],
            [
                1,
                3,
                5,
                7
            ]
        ],
        "mis_size": 4
    },
    "edges": [
        [
            0,
            1
        ],
        [
            1,
            2
        ],
        [
            2,
            3
        ],
        [
            3,
            4
        ],
        [
            4,
            5
        ],
        [
            6,
            7
        ],
        [
            6,
            5
        ]
    ]
}
