{
    "qubits": {
        "0": [
            0.0,
            -38.5
        ],
        "1": [
            0.0,
            -27.5
        ],
        "2": [
            0.0,
            -16.5
        ],
        "3": [
            0.0,
            -5.5
        ],
        "4": [
            0.0,
            5.5
        ],
        "5": [
            0.0,
            16.5
        ],
        "6": [
            0.0,
            27.5
        ],
        "7": [
            0.0,
            38.5
        ]
    },
    "metadata": {
        "score": {
            "total": 2.669992932173913,
            "gini_score": 0.7999739130434782,
            "sum_score": 3.3376,
            "total_normalized": 0.6674982330434782,
            "sum_normalized": 0.8344
        },
        "params": {
            "rise_time": 1197,
            "fall_time": 2980,
            "omega": 1.5992604939872805,
            "init_detuning": 4.714912235561168,
            "final_detuning": 0.13399519560067522
        },
        "mis": [
            [
                0,
                2,
                4,
                6
            ],
            [
                0,
                2,
                4,
                7
            ],
            [
                0,
                2,
                5,
                7
            ],
            [
                0,
                3,
                5,
                7
            ],
            [
                1,
                3,
                5,
                7
            ]
        ],
        "mis_size": 4
    },
    "edges": [
        [
            0,
            1
        ],
        [
            1,
            2
        ],
        [
            2,
            3
        ],
        [
            3,
            4
        ],
        [
            4,
            5
        ],
        [
            6,
            7
        ],
        [
            6,
            5
        ]
    ]
}
