{
    "qubits": {
        "0": [
            0.0,
            -28.0
        ],
        "1": [
            0.0,
            -20.0
        ],
        "2": [
            0.0,
            -12.0
        ],
        "3": [
            0.0,
            -4.0
        ],
        "4": [
            0.0,
            4.0
        ],
        "5": [
            0.0,
            12.0
        ],
        "6": [
            0.0,
            20.0
        ],
        "7": [
            0.0,
            28.0
        ]
    },
    "metadata": {
        "score": {
            "total": 3.6075607200000004,
            "gini_score": 0.9231692307692309,
            "sum_score": 3.9078,
            "total_normalized": 0.9018901800000001,
            "sum_normalized": 0.97695
        },
        "params": {
            "rise_time": 1596,
            "fall_time": 2843,
            "omega": 10.972768315230077,
            "init_detuning": 3.908869902621586,
            "final_detuning": 7.045234762544929
        },
        "mis": [
            [
                0,
                2,
                4,
                6
            ],
            [
                0,
                2,
                4,
                7
            ],
            [
                0,
                2,
                5,
                7
            ],
            [
                0,
                3,
                5,
                7
            ],
            [
                1,
                3,
                5,
                7
            ]
        ],
        "mis_size": 4
    },
    "edges": [
        [
            0,
            1
        ],
        [
            1,
            2
        ],
        [
            2,
            3
        ],
        [
            3,
            4
        ],
        [
            4,
            5
        ],
        [
            6,
            7
        ],
        [
            6,
            5
        ]
    ]
}
