{
    "qubits": {
        "0": [
            -4.0,
            -12.0
        ],
        "1": [
            4.0,
            -12.0
        ],
        "2": [
            -4.0,
            -4.0
        ],
        "3": [
            4.0,
            -4.0
        ],
        "4": [
            -4.0,
            4.0
        ],
        "5": [
            4.0,
            4.0
        ],
        "6": [
            -4.0,
            12.0
        ],
        "7": [
            4.0,
            12.0
        ]
    },
    "metadata": {
        "score": {
            "total": 1.293837150769231,
            "gini_score": 0.8148615384615385,
            "sum_score": 1.5878,
            "total_normalized": 0.6469185753846155,
            "sum_normalized": 0.7939
        },
        "params": {
            "rise_time": 649,
            "fall_time": 1780,
            "omega": 9.113461702716258,
            "init_detuning": 3.7459846043883562,
            "final_detuning": 2.2450587309630183
        },
        "mis": [
            [
                0,
                4
            ],
            [
                0,
                5
            ],
            [
                0,
                6
            ],
            [
                0,
                7
            ],
            [
                1,
                4
            ],
            [
                1,
                5
            ],
            [
                1,
                6
            ],
            [
                1,
                7
            ],
            [
                2,
                6
            ],
            [
                2,
                7
            ],
            [
                3,
                6
            ],
            [
                3,
                7
            ]
        ],
        "mis_size": 2
    },
    "edges": [
        [
            0,
            1
        ],
        [
            0,
            3
        ],
        [
            0,
            2
        ],
        [
            1,
            2
        ],
        [
            1,
            3
        ],
        [
            2,
            4
        ],
        [
            2,
            3
        ],
        [
            2,
            5
        ],
        [
            4,
            3
        ],
        [
            4,
            6
        ],
        [
            4,
            5
        ],
        [
            4,
            7
        ],
        [
            3,
            5
        ],
        [
            6,
            7
        ],
        [
            6,
            5
        ],
        [
            5,
            7
        ]
    ]
}
