{
    "qubits": {
        "0": [
            0.0,
            -31.5
        ],
        "1": [
            0.0,
            -22.5
        ],
        "2": [
            0.0,
            -13.5
        ],
        "3": [
            0.0,
            -4.5
        ],
        "4": [
            0.0,
            4.5
        ],
        "5": [
            0.0,
            13.5
        ],
        "6": [
            0.0,
            22.5
        ],
        "7": [
            0.0,
            31.5
        ]
    },
    "metadata": {
        "score": {
            "total": 3.5265951542857144,
            "gini_score": 0.9266857142857143,
            "sum_score": 3.8056,
            "total_normalized": 0.8816487885714286,
            "sum_normalized": 0.9514
        },
        "params": {
            "rise_time": 591,
            "fall_time": 2463,
            "omega": 5.512132040703295,
            "init_detuning": 2.999583129123142,
            "final_detuning": 4.6491421154546
        },
        "mis": [
            [
                0,
                2,
                4,
                6
            ],
            [
                0,
                2,
                4,
                7
            ],
            [
                0,
                2,
                5,
                7
            ],
            [
                0,
                3,
                5,
                7
            ],
            [
                1,
                3,
                5,
                7
            ]
        ],
        "mis_size": 4
    },
    "edges": [
        [
            0,
            1
        ],
        [
            1,
            2
        ],
        [
            2,
            3
        ],
        [
            3,
            4
        ],
        [
            4,
            5
        ],
        [
            6,
            7
        ],
        [
            6,
            5
        ]
    ]
}
