{
    "qubits": {
        "0": [
            -5.5,
            -16.5
        ],
        "1": [
            5.5,
            -16.5
        ],
        "2": [
            -5.5,
            -5.5
        ],
        "3": [
            5.5,
            -5.5
        ],
        "4": [
            -5.5,
            5.5
        ],
        "5": [
            5.5,
            5.5
        ],
        "6": [
            -5.5,
            16.5
        ],
        "7": [
            5.5,
            16.5
        ]
    },
    "metadata": {
        "score": {
            "total": 2.388332108041237,
            "gini_score": 0.8026927835051546,
            "sum_score": 2.9754,
            "total_normalized": 0.5970830270103092,
            "sum_normalized": 0.74385
        },
        "params": {
            "rise_time": 1506,
            "fall_time": 2531,
            "omega": 2.1947990122388243,
            "init_detuning": 1.5626941133465335,
            "final_detuning": 1.7406471580279925
        },
        "mis": [
            [
                0,
                3,
                4,
                7
            ],
            [
                1,
                2,
                5,
                6
            ]
        ],
        "mis_size": 4
    },
    "edges": [
        [
            0,
            1
        ],
        [
            0,
            2
        ],
        [
            1,
            3
        ],
        [
            2,
            4
        ],
        [
            2,
            3
        ],
        [
            4,
            6
        ],
        [
            4,
            5
        ],
        [
            6,
            7
        ],
        [
            5,
            7
        ],
        [
            5,
            3
        ]
    ]
}
