{
    "qubits": {
        "0": [
            0.0,
            -21.0
        ],
        "1": [
            0.0,
            -15.0
        ],
        "2": [
            0.0,
            -9.0
        ],
        "3": [
            0.0,
            -3.0
        ],
        "4": [
            0.0,
            3.0
        ],
        "5": [
            0.0,
            9.0
        ],
        "6": [
            0.0,
            15.0
        ],
        "7": [
            0.0,
            21.0
        ]
    },
    "metadata": {
        "score": {
            "total": 1.976414496,
            "gini_score": 0.8113360000000001,
            "sum_score": 2.436,
            "total_normalized": 0.6588048320000001,
            "sum_normalized": 0.8119999999999999
        },
        "params": {
            "rise_time": 1036,
            "fall_time": 2922,
            "omega": 2.592479834036732,
            "init_detuning": 2.4598303883897468,
            "final_detuning": 1.953769875615912
        },
        "mis": [
            [
                0,
                3,
                6
            ],
            [
                0,
                3,
                7
            ],
            [
                0,
                4,
                7
            ],
            [
                1,
                4,
                7
            ]
        ],
        "mis_size": 3
    },
    "edges": [
        [
            0,
            1
        ],
        [
            0,
            2
        ],
        [
            1,
            2
        ],
        [
            1,
            3
        ],
        [
            2,
            4
        ],
        [
            2,
            3
        ],
        [
            4,
            3
        ],
        [
            4,
            6
        ],
        [
            4,
            5
        ],
        [
            3,
            5
        ],
        [
            6,
            7
        ],
        [
            6,
            5
        ],
        [
            5,
            7
        ]
    ]
}
