{
    "qubits": {
        "q0": [
            -7.0,
            -7.0
        ],
        "q2": [
            7.0,
            -7.0
        ],
        "q3": [
            -7.0,
            0.0
        ],
        "q4": [
            0.0,
            0.0
        ],
        "q6": [
            -7.0,
            7.0
        ],
        "q7": [
            0.0,
            7.0
        ],
        "q8": [
            7.0,
            7.0
        ],
        "q1": [
            10.94,
            -0.12
        ]
    },
    "metadata": {
        "score": {
            "total": 3.5044312695652176,
            "gini_score": 0.9375652173913044,
            "sum_score": 3.7378,
            "total_normalized": 0.8761078173913044,
            "sum_normalized": 0.93445
        },
        "params": {
            "rise_time": 1320,
            "fall_time": 1943,
            "omega": 14.336605453129364,
            "init_detuning": 7.6366809113592735,
            "final_detuning": 7.25486183877172
        },
        "mis": [
            [
                0,
                1,
                4,
                6
            ]
        ],
        "mis_size": 4
    },
    "edges": [
        [
            2,
            4
        ],
        [
            2,
            3
        ],
        [
            2,
            0
        ],
        [
            2,
            5
        ],
        [
            4,
            3
        ],
        [
            4,
            5
        ],
        [
            3,
            7
        ],
        [
            3,
            0
        ],
        [
            3,
            6
        ],
        [
            3,
            1
        ],
        [
            3,
            5
        ],
        [
            7,
            5
        ],
        [
            7,
            6
        ],
        [
            7,
            1
        ],
        [
            5,
            6
        ]
    ]
}
