{
    "qubits": {
        "0": [
            -7.5,
            -7.794228634059947
        ],
        "1": [
            1.5,
            -7.794228634059947
        ],
        "2": [
            10.5,
            -7.794228634059947
        ],
        "3": [
            -12.0,
            -1.9737298215558337e-16
        ],
        "4": [
            -3.0,
            -1.9737298215558337e-16
        ],
        "5": [
            6.0,
            -1.9737298215558337e-16
        ],
        "6": [
            -7.5,
            7.794228634059947
        ],
        "7": [
            1.5,
            7.794228634059947
        ],
        "8": [
            10.5,
            7.794228634059947
        ]
    },
    "metadata": {
        "score": {
            "total": 3.50118912,
            "gini_score": 0.9416861538461538,
            "sum_score": 3.718,
            "total_normalized": 0.87529728,
            "sum_normalized": 0.9295
        },
        "params": {
            "rise_time": 1633,
            "fall_time": 2548,
            "omega": 12.275783212059288,
            "init_detuning": 5.825928314161953,
            "final_detuning": 7.028627167209979
        },
        "mis": [
            [
                0,
                8,
                2,
                6
            ]
        ],
        "mis_size": 4
    },
    "edges": [
        [
            0,
            1
        ],
        [
            0,
            4
        ],
        [
            0,
            3
        ],
        [
            1,
            2
        ],
        [
            1,
            5
        ],
        [
            1,
            4
        ],
        [
            2,
            5
        ],
        [
            4,
            3
        ],
        [
            4,
            6
        ],
        [
            4,
            5
        ],
        [
            4,
            7
        ],
        [
            3,
            6
        ],
        [
            5,
            8
        ],
        [
            5,
            7
        ],
        [
            8,
            7
        ],
        [
            6,
            7
        ]
    ]
}
