{
    "qubits": {
        "0": [
            -8.333333333333334,
            -8.660254037844386
        ],
        "1": [
            1.6666666666666665,
            -8.660254037844386
        ],
        "2": [
            11.666666666666666,
            -8.660254037844386
        ],
        "3": [
            -13.333333333333334,
            0.0
        ],
        "4": [
            -3.3333333333333335,
            0.0
        ],
        "5": [
            6.666666666666666,
            0.0
        ],
        "6": [
            -8.333333333333334,
            8.660254037844386
        ],
        "7": [
            1.6666666666666665,
            8.660254037844386
        ],
        "8": [
            11.666666666666666,
            8.660254037844386
        ]
    },
    "metadata": {
        "score": {
            "total": 3.0884481284033614,
            "gini_score": 0.9068201680672269,
            "sum_score": 3.4058,
            "total_normalized": 0.7721120321008403,
            "sum_normalized": 0.85145
        },
        "params": {
            "rise_time": 954,
            "fall_time": 2733,
            "omega": 3.476101551791327,
            "init_detuning": 2.0397426000843377,
            "final_detuning": 2.7740565023050667
        },
        "mis": [
            [
                0,
                8,
                2,
                6
            ]
        ],
        "mis_size": 4
    },
    "edges": [
        [
            0,
            1
        ],
        [
            0,
            4
        ],
        [
            0,
            3
        ],
        [
            1,
            2
        ],
        [
            1,
            5
        ],
        [
            1,
            4
        ],
        [
            2,
            5
        ],
        [
            4,
            3
        ],
        [
            4,
            6
        ],
        [
            4,
            5
        ],
        [
            4,
            7
        ],
        [
            3,
            6
        ],
        [
            5,
            8
        ],
        [
            5,
            7
        ],
        [
            8,
            7
        ],
        [
            6,
            7
        ]
    ]
}
