{
    "qubits": {
        "0": [
            -5.833333333333334,
            -6.06217782649107
        ],
        "1": [
            1.1666666666666665,
            -6.06217782649107
        ],
        "2": [
            8.166666666666666,
            -6.06217782649107
        ],
        "3": [
            -9.333333333333334,
            1.9737298215558337e-16
        ],
        "4": [
            -2.3333333333333335,
            1.9737298215558337e-16
        ],
        "5": [
            4.666666666666666,
            1.9737298215558337e-16
        ],
        "6": [
            -5.833333333333334,
            6.06217782649107
        ],
        "7": [
            1.1666666666666665,
            6.06217782649107
        ],
        "8": [
            8.166666666666666,
            6.06217782649107
        ]
    },
    "metadata": {
        "score": {
            "total": 0.7546101658536586,
            "gini_score": 0.6441951219512195,
            "sum_score": 1.1714,
            "total_normalized": 0.2515367219512195,
            "sum_normalized": 0.3904666666666667
        },
        "params": {
            "rise_time": 1463,
            "fall_time": 989,
            "omega": 6.750970293341314,
            "init_detuning": 3.8916338025005954,
            "final_detuning": 1.1885375824259816
        },
        "mis": [
            [
                0,
                2,
                7
            ],
            [
                8,
                1,
                6
            ]
        ],
        "mis_size": 3
    },
    "edges": [
        [
            3,
            4
        ],
        [
            3,
            7
        ],
        [
            3,
            1
        ],
        [
            3,
            6
        ],
        [
            3,
            0
        ],
        [
            4,
            6
        ],
        [
            4,
            5
        ],
        [
            4,
            8
        ],
        [
            4,
            2
        ],
        [
            4,
            0
        ],
        [
            4,
            7
        ],
        [
            4,
            1
        ],
        [
            7,
            5
        ],
        [
            7,
            6
        ],
        [
            7,
            1
        ],
        [
            7,
            8
        ],
        [
            6,
            5
        ],
        [
            6,
            0
        ],
        [
            5,
            0
        ],
        [
            5,
            2
        ],
        [
            5,
            1
        ],
        [
            5,
            8
        ],
        [
            0,
            1
        ],
        [
            2,
            8
        ],
        [
            2,
            1
        ]
    ]
}
