{
    "qubits": {
        "0": [
            -6.0,
            -6.0
        ],
        "1": [
            0.0,
            -6.0
        ],
        "2": [
            6.0,
            -6.0
        ],
        "3": [
            -6.0,
            0.0
        ],
        "4": [
            0.0,
            0.0
        ],
        "5": [
            6.0,
            0.0
        ],
        "6": [
            -6.0,
            6.0
        ],
        "7": [
            0.0,
            6.0
        ],
        "8": [
            6.0,
            6.0
        ]
    },
    "metadata": {
        "score": {
            "total": 1.0180420466666666,
            "gini_score": 0.7472416666666667,
            "sum_score": 1.3624,
            "total_normalized": 0.5090210233333333,
            "sum_normalized": 0.6812
        },
        "params": {
            "rise_time": 339,
            "fall_time": 1404,
            "omega": 13.380091402576149,
            "init_detuning": 3.858542252449819,
            "final_detuning": 2.5554782346361433
        },
        "mis": [
            [
                0,
                5
            ],
            [
                0,
                7
            ],
            [
                0,
                8
            ],
            [
                1,
                6
            ],
            [
                8,
                1
            ],
            [
                2,
                3
            ],
            [
                2,
                6
            ],
            [
                2,
                7
            ],
            [
                8,
                3
            ],
            [
                5,
                6
            ]
        ],
        "mis_size": 2
    },
    "edges": [
        [
            3,
            4
        ],
        [
            3,
            7
        ],
        [
            3,
            1
        ],
        [
            3,
            6
        ],
        [
            3,
            5
        ],
        [
            3,
            0
        ],
        [
            4,
            6
        ],
        [
            4,
            5
        ],
        [
            4,
            8
        ],
        [
            4,
            2
        ],
        [
            4,
            0
        ],
        [
            4,
            7
        ],
        [
            4,
            1
        ],
        [
            7,
            5
        ],
        [
            7,
            6
        ],
        [
            7,
            1
        ],
        [
            7,
            8
        ],
        [
            6,
            8
        ],
        [
            6,
            0
        ],
        [
            5,
            2
        ],
        [
            5,
            1
        ],
        [
            5,
            8
        ],
        [
            0,
            2
        ],
        [
            0,
            1
        ],
        [
            2,
            8
        ],
        [
            2,
            1
        ]
    ]
}
