{
    "qubits": {
        "0": [
            0.0,
            -40.0
        ],
        "1": [
            0.0,
            -30.0
        ],
        "2": [
            0.0,
            -20.0
        ],
        "3": [
            0.0,
            -10.0
        ],
        "4": [
            0.0,
            0.0
        ],
        "5": [
            0.0,
            10.0
        ],
        "6": [
            0.0,
            20.0
        ],
        "7": [
            0.0,
            30.0
        ],
        "8": [
            0.0,
            40.0
        ]
    },
    "metadata": {
        "score": {
            "total": 4.065957638095238,
            "gini_score": 0.9230323809523809,
            "sum_score": 4.405,
            "total_normalized": 0.8131915276190476,
            "sum_normalized": 0.881
        },
        "params": {
            "rise_time": 1139,
            "fall_time": 3216,
            "omega": 3.062698268846039,
            "init_detuning": 1.7403027705599494,
            "final_detuning": 2.6055986227164993
        },
        "mis": [
            [
                0,
                2,
                4,
                6,
                8
            ]
        ],
        "mis_size": 5
    },
    "edges": [
        [
            0,
            1
        ],
        [
            1,
            2
        ],
        [
            2,
            3
        ],
        [
            3,
            4
        ],
        [
            4,
            5
        ],
        [
            6,
            7
        ],
        [
            6,
            5
        ],
        [
            7,
            8
        ]
    ]
}
