{
    "qubits": {
        "0": [
            0.0,
            -36.0
        ],
        "1": [
            0.0,
            -27.0
        ],
        "2": [
            0.0,
            -18.0
        ],
        "3": [
            0.0,
            -9.0
        ],
        "4": [
            0.0,
            0.0
        ],
        "5": [
            0.0,
            9.0
        ],
        "6": [
            0.0,
            18.0
        ],
        "7": [
            0.0,
            27.0
        ],
        "8": [
            0.0,
            36.0
        ]
    },
    "metadata": {
        "score": {
            "total": 4.515614030769231,
            "gini_score": 0.9473846153846154,
            "sum_score": 4.7664,
            "total_normalized": 0.9031228061538462,
            "sum_normalized": 0.95328
        },
        "params": {
            "rise_time": 331,
            "fall_time": 2920,
            "omega": 7.947013824424823,
            "init_detuning": 6.199330850109151,
            "final_detuning": 5.831864472579875
        },
        "mis": [
            [
                0,
                2,
                4,
                6,
                8
            ]
        ],
        "mis_size": 5
    },
    "edges": [
        [
            0,
            1
        ],
        [
            1,
            2
        ],
        [
            2,
            3
        ],
        [
            3,
            4
        ],
        [
            4,
            5
        ],
        [
            6,
            7
        ],
        [
            6,
            5
        ],
        [
            7,
            8
        ]
    ]
}
