{
    "qubits": {
        "0": [
            -10.0,
            -10.0
        ],
        "1": [
            0.0,
            -10.0
        ],
        "2": [
            10.0,
            -10.0
        ],
        "3": [
            -10.0,
            0.0
        ],
        "4": [
            0.0,
            0.0
        ],
        "5": [
            10.0,
            0.0
        ],
        "6": [
            -10.0,
            10.0
        ],
        "7": [
            0.0,
            10.0
        ],
        "8": [
            10.0,
            10.0
        ]
    },
    "metadata": {
        "score": {
            "total": 4.171015268251748,
            "gini_score": 0.9336979020979019,
            "sum_score": 4.4672,
            "total_normalized": 0.8342030536503495,
            "sum_normalized": 0.89344
        },
        "params": {
            "rise_time": 530,
            "fall_time": 2247,
            "omega": 5.590602211449391,
            "init_detuning": 5.112085168211346,
            "final_detuning": 3.864661515418248
        },
        "mis": [
            [
                0,
                2,
                4,
                6,
                8
            ]
        ],
        "mis_size": 5
    },
    "edges": [
        [
            0,
            1
        ],
        [
            0,
            3
        ],
        [
            1,
            2
        ],
        [
            1,
            4
        ],
        [
            2,
            5
        ],
        [
            3,
            4
        ],
        [
            3,
            6
        ],
        [
            4,
            5
        ],
        [
            4,
            7
        ],
        [
            5,
            8
        ],
        [
            8,
            7
        ],
        [
            6,
            7
        ]
    ]
}
