{
    "qubits": {
        "0": [
            -7.7,
            -19.05255888325765
        ],
        "1": [
            3.3,
            -19.05255888325765
        ],
        "2": [
            -2.2,
            -9.526279441628825
        ],
        "3": [
            8.8,
            -9.526279441628825
        ],
        "4": [
            -7.7,
            0.0
        ],
        "5": [
            3.3,
            0.0
        ],
        "6": [
            -2.2,
            9.526279441628825
        ],
        "7": [
            8.8,
            9.526279441628825
        ],
        "8": [
            -7.7,
            19.05255888325765
        ],
        "9": [
            3.3,
            19.05255888325765
        ]
    },
    "metadata": {
        "score": {
            "total": 2.5448694776470586,
            "gini_score": 0.8445176470588235,
            "sum_score": 3.0134,
            "total_normalized": 0.5089738955294117,
            "sum_normalized": 0.60268
        },
        "params": {
            "rise_time": 357,
            "fall_time": 2898,
            "omega": 8.117022378678994,
            "init_detuning": 6.6228275849508735,
            "final_detuning": 2.762535816596212
        },
        "mis": [
            [
                0,
                3,
                4,
                7,
                8
            ]
        ],
        "mis_size": 5
    },
    "edges": [
        [
            0,
            1
        ],
        [
            0,
            2
        ],
        [
            1,
            2
        ],
        [
            1,
            3
        ],
        [
            2,
            4
        ],
        [
            2,
            3
        ],
        [
            2,
            5
        ],
        [
            4,
            6
        ],
        [
            4,
            5
        ],
        [
            6,
            9
        ],
        [
            6,
            8
        ],
        [
            6,
            7
        ],
        [
            6,
            5
        ],
        [
            9,
            7
        ],
        [
            9,
            8
        ],
        [
            5,
            7
        ],
        [
            5,
            3
        ]
    ]
}
