{
    "qubits": {
        "0": [
            -5.0,
            -20.0
        ],
        "1": [
            5.0,
            -20.0
        ],
        "2": [
            -5.0,
            -10.0
        ],
        "3": [
            5.0,
            -10.0
        ],
        "4": [
            -5.0,
            0.0
        ],
        "5": [
            5.0,
            0.0
        ],
        "6": [
            -5.0,
            10.0
        ],
        "7": [
            5.0,
            10.0
        ],
        "8": [
            -5.0,
            20.0
        ],
        "9": [
            5.0,
            20.0
        ]
    },
    "metadata": {
        "score": {
            "total": 3.3427486513242015,
            "gini_score": 0.8683817351598174,
            "sum_score": 3.8494,
            "total_normalized": 0.6685497302648403,
            "sum_normalized": 0.76988
        },
        "params": {
            "rise_time": 935,
            "fall_time": 1898,
            "omega": 3.3648035952143114,
            "init_detuning": 2.1887029069610024,
            "final_detuning": 4.613532188513494
        },
        "mis": [
            [
                0,
                3,
                4,
                7,
                8
            ],
            [
                1,
                2,
                5,
                6,
                9
            ]
        ],
        "mis_size": 5
    },
    "edges": [
        [
            0,
            1
        ],
        [
            0,
            2
        ],
        [
            1,
            3
        ],
        [
            2,
            4
        ],
        [
            2,
            3
        ],
        [
            4,
            6
        ],
        [
            4,
            5
        ],
        [
            6,
            8
        ],
        [
            6,
            7
        ],
        [
            8,
            9
        ],
        [
            5,
            7
        ],
        [
            5,
            3
        ],
        [
            7,
            9
        ]
    ]
}
