{
    "qubits": {
        "0": [
            -4.0,
            -16.0
        ],
        "1": [
            4.0,
            -16.0
        ],
        "2": [
            -4.0,
            -8.0
        ],
        "3": [
            4.0,
            -8.0
        ],
        "4": [
            -4.0,
            0.0
        ],
        "5": [
            4.0,
            0.0
        ],
        "6": [
            -4.0,
            8.0
        ],
        "7": [
            4.0,
            8.0
        ],
        "8": [
            -4.0,
            16.0
        ],
        "9": [
            4.0,
            16.0
        ]
    },
    "metadata": {
        "score": {
            "total": 1.3283342624561403,
            "gini_score": 0.794838596491228,
            "sum_score": 1.6712,
            "total_normalized": 0.4427780874853801,
            "sum_normalized": 0.5570666666666667
        },
        "params": {
            "rise_time": 628,
            "fall_time": 2525,
            "omega": 9.055413207666572,
            "init_detuning": 5.3375395708952915,
            "final_detuning": 0.9268493187843997
        },
        "mis": [
            [
                0,
                8,
                4
            ],
            [
                0,
                9,
                4
            ],
            [
                0,
                8,
                5
            ],
            [
                0,
                9,
                5
            ],
            [
                8,
                1,
                4
            ],
            [
                1,
                4,
                9
            ],
            [
                8,
                1,
                5
            ],
            [
                1,
                5,
                9
            ]
        ],
        "mis_size": 3
    },
    "edges": [
        [
            3,
            4
        ],
        [
            3,
            1
        ],
        [
            3,
            5
        ],
        [
            3,
            0
        ],
        [
            3,
            2
        ],
        [
            4,
            6
        ],
        [
            4,
            5
        ],
        [
            4,
            2
        ],
        [
            4,
            7
        ],
        [
            6,
            8
        ],
        [
            6,
            5
        ],
        [
            6,
            7
        ],
        [
            6,
            9
        ],
        [
            5,
            7
        ],
        [
            5,
            2
        ],
        [
            7,
            9
        ],
        [
            7,
            8
        ],
        [
            0,
            2
        ],
        [
            0,
            1
        ],
        [
            2,
            1
        ],
        [
            8,
            9
        ]
    ]
}
