{
    "qubits": {
        "0": [
            0.0,
            -27.0
        ],
        "1": [
            0.0,
            -21.0
        ],
        "2": [
            0.0,
            -15.0
        ],
        "3": [
            0.0,
            -9.0
        ],
        "4": [
            0.0,
            -3.0
        ],
        "5": [
            0.0,
            3.0
        ],
        "6": [
            0.0,
            9.0
        ],
        "7": [
            0.0,
            15.0
        ],
        "8": [
            0.0,
            21.0
        ],
        "9": [
            0.0,
            27.0
        ]
    },
    "metadata": {
        "score": {
            "total": 1.466014259672131,
            "gini_score": 0.7157573770491803,
            "sum_score": 2.0482,
            "total_normalized": 0.36650356491803276,
            "sum_normalized": 0.51205
        },
        "params": {
            "rise_time": 950,
            "fall_time": 1694,
            "omega": 4.465473519130122,
            "init_detuning": 7.178024037193985,
            "final_detuning": 1.9096476491428664
        },
        "mis": [
            [
                0,
                9,
                3,
                6
            ]
        ],
        "mis_size": 4
    },
    "edges": [
        [
            0,
            1
        ],
        [
            0,
            2
        ],
        [
            1,
            2
        ],
        [
            1,
            3
        ],
        [
            2,
            4
        ],
        [
            2,
            3
        ],
        [
            4,
            3
        ],
        [
            4,
            6
        ],
        [
            4,
            5
        ],
        [
            3,
            5
        ],
        [
            6,
            8
        ],
        [
            6,
            7
        ],
        [
            6,
            5
        ],
        [
            8,
            7
        ],
        [
            8,
            9
        ],
        [
            5,
            7
        ],
        [
            7,
            9
        ]
    ]
}
