{
    "qubits": {
        "0": [
            -3.5,
            -14.0
        ],
        "1": [
            3.5,
            -14.0
        ],
        "2": [
            -3.5,
            -7.0
        ],
        "3": [
            3.5,
            -7.0
        ],
        "4": [
            -3.5,
            0.0
        ],
        "5": [
            3.5,
            0.0
        ],
        "6": [
            -3.5,
            7.0
        ],
        "7": [
            3.5,
            7.0
        ],
        "8": [
            -3.5,
            14.0
        ],
        "9": [
            3.5,
            14.0
        ]
    },
    "metadata": {
        "score": {
            "total": 2.2905383302564104,
            "gini_score": 0.8403794871794872,
            "sum_score": 2.7256,
            "total_normalized": 0.7635127767521368,
            "sum_normalized": 0.9085333333333333
        },
        "params": {
            "rise_time": 273,
            "fall_time": 3013,
            "omega": 7.313747829928494,
            "init_detuning": 7.0786265239176025,
            "final_detuning": 6.430416573724138
        },
        "mis": [
            [
                0,
                8,
                4
            ],
            [
                0,
                9,
                4
            ],
            [
                0,
                8,
                5
            ],
            [
                0,
                9,
                5
            ],
            [
                8,
                1,
                4
            ],
            [
                1,
                4,
                9
            ],
            [
                8,
                1,
                5
            ],
            [
                1,
                5,
                9
            ]
        ],
        "mis_size": 3
    },
    "edges": [
        [
            3,
            4
        ],
        [
            3,
            1
        ],
        [
            3,
            5
        ],
        [
            3,
            0
        ],
        [
            3,
            2
        ],
        [
            4,
            6
        ],
        [
            4,
            5
        ],
        [
            4,
            2
        ],
        [
            4,
            7
        ],
        [
            6,
            8
        ],
        [
            6,
            5
        ],
        [
            6,
            7
        ],
        [
            6,
            9
        ],
        [
            5,
            7
        ],
        [
            5,
            2
        ],
        [
            7,
            9
        ],
        [
            7,
            8
        ],
        [
            0,
            2
        ],
        [
            0,
            1
        ],
        [
            2,
            1
        ],
        [
            8,
            9
        ]
    ]
}
