{
    "qubits": {
        "0": [
            -5.5,
            -22.0
        ],
        "1": [
            5.5,
            -22.0
        ],
        "2": [
            -5.5,
            -11.0
        ],
        "3": [
            5.5,
            -11.0
        ],
        "4": [
            -5.5,
            0.0
        ],
        "5": [
            5.5,
            0.0
        ],
        "6": [
            -5.5,
            11.0
        ],
        "7": [
            5.5,
            11.0
        ],
        "8": [
            -5.5,
            22.0
        ],
        "9": [
            5.5,
            22.0
        ]
    },
    "metadata": {
        "score": {
            "total": 2.2249711264,
            "gini_score": 0.7086346666666666,
            "sum_score": 3.1398,
            "total_normalized": 0.44499422528,
            "sum_normalized": 0.6279600000000001
        },
        "params": {
            "rise_time": 591,
            "fall_time": 2656,
            "omega": 5.2502476127667155,
            "init_detuning": 5.667062207114202,
            "final_detuning": 1.2140837909321902
        },
        "mis": [
            [
                0,
                3,
                4,
                7,
                8
            ],
            [
                1,
                2,
                5,
                6,
                9
            ]
        ],
        "mis_size": 5
    },
    "edges": [
        [
            0,
            1
        ],
        [
            0,
            2
        ],
        [
            1,
            3
        ],
        [
            2,
            4
        ],
        [
            2,
            3
        ],
        [
            4,
            6
        ],
        [
            4,
            5
        ],
        [
            6,
            8
        ],
        [
            6,
            7
        ],
        [
            8,
            9
        ],
        [
            5,
            7
        ],
        [
            5,
            3
        ],
        [
            7,
            9
        ]
    ]
}
