{
    "qubits": {
        "0": [
            0.0,
            -45.0
        ],
        "1": [
            0.0,
            -35.0
        ],
        "2": [
            0.0,
            -25.0
        ],
        "3": [
            0.0,
            -15.0
        ],
        "4": [
            0.0,
            -5.0
        ],
        "5": [
            0.0,
            5.0
        ],
        "6": [
            0.0,
            15.0
        ],
        "7": [
            0.0,
            25.0
        ],
        "8": [
            0.0,
            35.0
        ],
        "9": [
            0.0,
            45.0
        ]
    },
    "metadata": {
        "score": {
            "total": 3.900814982068965,
            "gini_score": 0.8926758620689654,
            "sum_score": 4.3698,
            "total_normalized": 0.7801629964137929,
            "sum_normalized": 0.87396
        },
        "params": {
            "rise_time": 780,
            "fall_time": 2611,
            "omega": 4.7133295359043395,
            "init_detuning": 3.0395809012061195,
            "final_detuning": 3.206948065300982
        },
        "mis": [
            [
                0,
                2,
                4,
                6,
                8
            ],
            [
                0,
                2,
                4,
                6,
                9
            ],
            [
                0,
                2,
                4,
                7,
                9
            ],
            [
                0,
                2,
                5,
                7,
                9
            ],
            [
                0,
                3,
                5,
                7,
                9
            ],
            [
                1,
                3,
                5,
                7,
                9
            ]
        ],
        "mis_size": 5
    },
    "edges": [
        [
            0,
            1
        ],
        [
            1,
            2
        ],
        [
            2,
            3
        ],
        [
            3,
            4
        ],
        [
            4,
            5
        ],
        [
            6,
            7
        ],
        [
            6,
            5
        ],
        [
            7,
            8
        ],
        [
            8,
            9
        ]
    ]
}
