{
    "qubits": {
        "0": [
            2.272727272727273,
            -43.301270189221924
        ],
        "1": [
            -2.727272727272727,
            -34.64101615137754
        ],
        "2": [
            2.272727272727273,
            -25.98076211353316
        ],
        "3": [
            -2.727272727272727,
            -17.32050807568877
        ],
        "4": [
            2.272727272727273,
            -8.660254037844384
        ],
        "5": [
            -2.727272727272727,
            1.2918958832001822e-15
        ],
        "6": [
            2.272727272727273,
            8.660254037844387
        ],
        "7": [
            -2.727272727272727,
            17.32050807568877
        ],
        "8": [
            2.272727272727273,
            25.98076211353316
        ],
        "9": [
            -2.727272727272727,
            34.64101615137754
        ],
        "10": [
            2.272727272727273,
            43.301270189221924
        ]
    },
    "metadata": {
        "score": {
            "total": 3.4880753148387096,
            "gini_score": 0.8500451612903226,
            "sum_score": 4.1034,
            "total_normalized": 0.5813458858064516,
            "sum_normalized": 0.6839
        },
        "params": {
            "rise_time": 700,
            "fall_time": 3184,
            "omega": 5.952520296614919,
            "init_detuning": 2.338572803068738,
            "final_detuning": 4.03396562626811
        },
        "mis": [
            [
                0,
                2,
                4,
                6,
                8,
                10
            ]
        ],
        "mis_size": 6
    },
    "edges": [
        [
            0,
            1
        ],
        [
            1,
            2
        ],
        [
            9,
            10
        ],
        [
            9,
            8
        ],
        [
            2,
            3
        ],
        [
            3,
            4
        ],
        [
            4,
            5
        ],
        [
            6,
            7
        ],
        [
            6,
            5
        ],
        [
            7,
            8
        ]
    ]
}
