{
    "qubits": {
        "0": [
            2.5,
            -47.63139720814412
        ],
        "1": [
            -3.0,
            -38.1051177665153
        ],
        "2": [
            2.5,
            -28.57883832488648
        ],
        "3": [
            -3.0,
            -19.052558883257653
        ],
        "4": [
            2.5,
            -9.526279441628827
        ],
        "5": [
            -3.0,
            -1.937843824800273e-15
        ],
        "6": [
            2.5,
            9.526279441628823
        ],
        "7": [
            -3.0,
            19.052558883257646
        ],
        "8": [
            2.5,
            28.578838324886473
        ],
        "9": [
            -3.0,
            38.1051177665153
        ],
        "10": [
            2.5,
            47.63139720814412
        ]
    },
    "metadata": {
        "score": {
            "total": 3.4284959937078647,
            "gini_score": 0.7676539325842696,
            "sum_score": 4.4662,
            "total_normalized": 0.5714159989513108,
            "sum_normalized": 0.7443666666666666
        },
        "params": {
            "rise_time": 1103,
            "fall_time": 2704,
            "omega": 1.6214806596771827,
            "init_detuning": 3.4583116425361338,
            "final_detuning": 0.37134047181715135
        },
        "mis": [
            [
                0,
                2,
                4,
                6,
                8,
                10
            ]
        ],
        "mis_size": 6
    },
    "edges": [
        [
            0,
            1
        ],
        [
            1,
            2
        ],
        [
            9,
            10
        ],
        [
            9,
            8
        ],
        [
            2,
            3
        ],
        [
            3,
            4
        ],
        [
            4,
            5
        ],
        [
            6,
            7
        ],
        [
            6,
            5
        ],
        [
            7,
            8
        ]
    ]
}
