{
    "qubits": {
        "0": [
            0.0,
            -6.0
        ],
        "1": [
            0.0,
            0.0
        ],
        "2": [
            0.0,
            6.0
        ]
    },
    "metadata": {
        "score": {
            "total": 0.3972912,
            "gini_score": 0.444,
            "sum_score": 0.8948,
            "total_normalized": 0.3972912,
            "sum_normalized": 0.8948
        },
        "params": {
            "rise_time": 105,
            "fall_time": 2118,
            "omega": 11.179963830872618,
            "init_detuning": 1.8048835855585437,
            "final_detuning": 1.6875549410942514
        },
        "mis": [
            [
                0
            ],
            [
                1
            ],
            [
                2
            ]
        ],
        "mis_size": 1
    },
    "edges": [
        [
            0,
            1
        ],
        [
            0,
            2
        ],
        [
            1,
            2
        ]
    ]
}
