{
    "qubits": {
        "0": [
            0.0,
            -8.0
        ],
        "1": [
            0.0,
            0.0
        ],
        "2": [
            0.0,
            8.0
        ]
    },
    "metadata": {
        "score": {
            "total": 1.6327634285714283,
            "gini_score": 0.8371428571428571,
            "sum_score": 1.9504,
            "total_normalized": 0.8163817142857142,
            "sum_normalized": 0.9752
        },
        "params": {
            "rise_time": 933,
            "fall_time": 3041,
            "omega": 13.125549446916585,
            "init_detuning": 5.320169862560805,
            "final_detuning": 2.617124956174031
        },
        "mis": [
            [
                0,
                2
            ]
        ],
        "mis_size": 2
    },
    "edges": [
        [
            0,
            1
        ],
        [
            1,
            2
        ]
    ]
}
