{
    "qubits": {
        "0": [
            0.0,
            -10.0
        ],
        "1": [
            0.0,
            0.0
        ],
        "2": [
            0.0,
            10.0
        ]
    },
    "metadata": {
        "score": {
            "total": 1.57882855,
            "gini_score": 0.84565,
            "sum_score": 1.867,
            "total_normalized": 0.789414275,
            "sum_normalized": 0.9335
        },
        "params": {
            "rise_time": 1016,
            "fall_time": 2778,
            "omega": 11.696156988608989,
            "init_detuning": 3.124467864294917,
            "final_detuning": 7.426752136682925
        },
        "mis": [
            [
                0,
                2
            ]
        ],
        "mis_size": 2
    },
    "edges": [
        [
            0,
            1
        ],
        [
            1,
            2
        ]
    ]
}
