{
    "qubits": {
        "0": [
            0.0,
            -11.0
        ],
        "1": [
            0.0,
            0.0
        ],
        "2": [
            0.0,
            11.0
        ]
    },
    "metadata": {
        "score": {
            "total": 1.36683666,
            "gini_score": 0.7767,
            "sum_score": 1.7598,
            "total_normalized": 0.68341833,
            "sum_normalized": 0.8799
        },
        "params": {
            "rise_time": 1183,
            "fall_time": 3089,
            "omega": 3.9352979330833784,
            "init_detuning": 2.3001652706477262,
            "final_detuning": 2.1372982753969545
        },
        "mis": [
            [
                0,
                2
            ]
        ],
        "mis_size": 2
    },
    "edges": [
        [
            0,
            1
        ],
        [
            1,
            2
        ]
    ]
}
