{
    "qubits": {
        "0": [
            0.0,
            -9.0
        ],
        "1": [
            0.0,
            0.0
        ],
        "2": [
            0.0,
            9.0
        ]
    },
    "metadata": {
        "score": {
            "total": 1.64732535,
            "gini_score": 0.84975,
            "sum_score": 1.9386,
            "total_normalized": 0.823662675,
            "sum_normalized": 0.9693
        },
        "params": {
            "rise_time": 770,
            "fall_time": 1496,
            "omega": 12.092329818614699,
            "init_detuning": 7.965185697726307,
            "final_detuning": 6.118948491938477
        },
        "mis": [
            [
                0,
                2
            ]
        ],
        "mis_size": 2
    },
    "edges": [
        [
            0,
            1
        ],
        [
            1,
            2
        ]
    ]
}
