{
    "qubits": {
        "0": [
            0.0,
            -7.0
        ],
        "1": [
            0.0,
            0.0
        ],
        "2": [
            0.0,
            7.0
        ]
    },
    "metadata": {
        "score": {
            "total": 1.4843215200000002,
            "gini_score": 0.7647200000000001,
            "sum_score": 1.941,
            "total_normalized": 0.7421607600000001,
            "sum_normalized": 0.9705
        },
        "params": {
            "rise_time": 762,
            "fall_time": 468,
            "omega": 12.49014444405617,
            "init_detuning": 5.129971309763691,
            "final_detuning": 6.077515875095875
        },
        "mis": [
            [
                0,
                2
            ]
        ],
        "mis_size": 2
    },
    "edges": [
        [
            0,
            1
        ],
        [
            1,
            2
        ]
    ]
}
