{
    "qubits": {
        "0": [
            0.0,
            0
        ],
        "1": [
            0.0,
            6
        ],
        "2": [
            5.196152422706632,
            6
        ]
    },
    "metadata": {
        "score": {
            "total": 0.51348624,
            "gini_score": 0.5212,
            "sum_score": 0.9852,
            "total_normalized": 0.51348624,
            "sum_normalized": 0.9852
        },
        "params": {
            "rise_time": 1361,
            "fall_time": 1763,
            "omega": 6.913400594550059,
            "init_detuning": 2.4973450212841852,
            "final_detuning": 7.754300113226383
        },
        "mis": [
            [
                0
            ],
            [
                1
            ],
            [
                2
            ]
        ],
        "mis_size": 1
    },
    "edges": [
        [
            0,
            1
        ],
        [
            0,
            2
        ],
        [
            1,
            2
        ]
    ]
}
