{
    "qubits": {
        "0": [
            0.0,
            0
        ],
        "1": [
            0.0,
            8
        ],
        "2": [
            6.928203230275509,
            8
        ]
    },
    "metadata": {
        "score": {
            "total": 0.5706764,
            "gini_score": 0.5889333333333333,
            "sum_score": 0.969,
            "total_normalized": 0.5706764,
            "sum_normalized": 0.969
        },
        "params": {
            "rise_time": 834,
            "fall_time": 2142,
            "omega": 10.721484623711287,
            "init_detuning": 2.3804650066727127,
            "final_detuning": 4.143766683190553
        },
        "mis": [
            [
                0
            ],
            [
                1
            ],
            [
                2
            ]
        ],
        "mis_size": 1
    },
    "edges": [
        [
            0,
            1
        ],
        [
            0,
            2
        ],
        [
            1,
            2
        ]
    ]
}
