{
    "qubits": {
        "0": [
            0.0,
            0
        ],
        "1": [
            0.0,
            10
        ],
        "2": [
            8.660254037844386,
            10
        ]
    },
    "metadata": {
        "score": {
            "total": 0.5346272400000001,
            "gini_score": 0.64945,
            "sum_score": 0.8232,
            "total_normalized": 0.5346272400000001,
            "sum_normalized": 0.8232
        },
        "params": {
            "rise_time": 368,
            "fall_time": 1328,
            "omega": 9.481673267163213,
            "init_detuning": 1.2670418514801243,
            "final_detuning": 3.0037735889510166
        },
        "mis": [
            [
                0
            ],
            [
                1
            ],
            [
                2
            ]
        ],
        "mis_size": 1
    },
    "edges": [
        [
            0,
            1
        ],
        [
            0,
            2
        ],
        [
            1,
            2
        ]
    ]
}
