{
    "qubits": {
        "0": [
            0.0,
            0
        ],
        "1": [
            0.0,
            7
        ],
        "2": [
            6.06217782649107,
            7
        ]
    },
    "metadata": {
        "score": {
            "total": 0.5682201600000001,
            "gini_score": 0.5784,
            "sum_score": 0.9824,
            "total_normalized": 0.5682201600000001,
            "sum_normalized": 0.9824
        },
        "params": {
            "rise_time": 469,
            "fall_time": 2319,
            "omega": 4.9950823593310485,
            "init_detuning": 5.154950883728406,
            "final_detuning": 4.685373947369888
        },
        "mis": [
            [
                0
            ],
            [
                1
            ],
            [
                2
            ]
        ],
        "mis_size": 1
    },
    "edges": [
        [
            0,
            1
        ],
        [
            0,
            2
        ],
        [
            1,
            2
        ]
    ]
}
