{
    "qubits": {
        "q0": [
            -3.91,
            -4.9
        ],
        "q1": [
            1.44,
            -1.82
        ],
        "q2": [
            -1.91,
            0.82
        ],
        "q3": [
            3.17,
            3.26
        ]
    },
    "metadata": {
        "score": {
            "total": 0.47645407999999995,
            "gini_score": 0.5409333333333333,
            "sum_score": 0.8808,
            "total_normalized": 0.47645407999999995,
            "sum_normalized": 0.8808
        },
        "params": {
            "rise_time": 704,
            "fall_time": 3186,
            "omega": 10.094135623951017,
            "init_detuning": 1.349745950568352,
            "final_detuning": 4.3589615995884206
        },
        "mis": [
            [
                0
            ],
            [
                1
            ],
            [
                2
            ],
            [
                3
            ]
        ],
        "mis_size": 1
    },
    "edges": [
        [
            0,
            1
        ],
        [
            0,
            3
        ],
        [
            0,
            2
        ],
        [
            1,
            2
        ],
        [
            1,
            3
        ],
        [
            2,
            3
        ]
    ]
}
