{
    "qubits": {
        "q0": [
            -5.89,
            -6.66
        ],
        "q1": [
            1.44,
            -1.82
        ],
        "q2": [
            -1.91,
            0.82
        ],
        "q3": [
            5.35,
            5.63
        ]
    },
    "metadata": {
        "score": {
            "total": 1.7363819200000001,
            "gini_score": 0.8976333333333334,
            "sum_score": 1.9344,
            "total_normalized": 0.8681909600000001,
            "sum_normalized": 0.9672
        },
        "params": {
            "rise_time": 1471,
            "fall_time": 1234,
            "omega": 14.962373747420571,
            "init_detuning": 5.018753429813664,
            "final_detuning": 7.385586557153385
        },
        "mis": [
            [
                0,
                3
            ]
        ],
        "mis_size": 2
    },
    "edges": [
        [
            0,
            1
        ],
        [
            0,
            2
        ],
        [
            1,
            2
        ],
        [
            1,
            3
        ],
        [
            2,
            3
        ]
    ]
}
