{
    "qubits": {
        "0": [
            -6.75,
            -3.8971143170299736
        ],
        "1": [
            2.25,
            -3.8971143170299736
        ],
        "2": [
            -2.25,
            3.8971143170299736
        ],
        "3": [
            6.75,
            3.8971143170299736
        ]
    },
    "metadata": {
        "score": {
            "total": 1.6940876799999998,
            "gini_score": 0.8863999999999999,
            "sum_score": 1.9112,
            "total_normalized": 0.8470438399999999,
            "sum_normalized": 0.9556
        },
        "params": {
            "rise_time": 1420,
            "fall_time": 2070,
            "omega": 11.806057013907136,
            "init_detuning": 5.8396604377176295,
            "final_detuning": 5.331577816533786
        },
        "mis": [
            [
                0,
                3
            ]
        ],
        "mis_size": 2
    },
    "edges": [
        [
            0,
            1
        ],
        [
            0,
            2
        ],
        [
            1,
            2
        ],
        [
            1,
            3
        ],
        [
            2,
            3
        ]
    ]
}
