{
    "qubits": {
        "0": [
            -7.5,
            -4.330127018922193
        ],
        "1": [
            2.5,
            -4.330127018922193
        ],
        "2": [
            -2.5,
            4.330127018922193
        ],
        "3": [
            7.5,
            4.330127018922193
        ]
    },
    "metadata": {
        "score": {
            "total": 1.48034493,
            "gini_score": 0.85185,
            "sum_score": 1.7378,
            "total_normalized": 0.740172465,
            "sum_normalized": 0.8689
        },
        "params": {
            "rise_time": 1396,
            "fall_time": 1029,
            "omega": 7.353685362715461,
            "init_detuning": 3.1996872535311165,
            "final_detuning": 5.791536807413354
        },
        "mis": [
            [
                0,
                3
            ]
        ],
        "mis_size": 2
    },
    "edges": [
        [
            0,
            1
        ],
        [
            0,
            2
        ],
        [
            1,
            2
        ],
        [
            1,
            3
        ],
        [
            2,
            3
        ]
    ]
}
