{
    "qubits": {
        "0": [
            -8.25,
            -4.763139720814412
        ],
        "1": [
            2.75,
            -4.763139720814412
        ],
        "2": [
            -2.75,
            4.763139720814412
        ],
        "3": [
            8.25,
            4.763139720814412
        ]
    },
    "metadata": {
        "score": {
            "total": 1.0741229600000002,
            "gini_score": 0.724975,
            "sum_score": 1.4816,
            "total_normalized": 0.5370614800000001,
            "sum_normalized": 0.7408
        },
        "params": {
            "rise_time": 324,
            "fall_time": 3064,
            "omega": 7.115409011319704,
            "init_detuning": 6.523507101905169,
            "final_detuning": 2.428482585993133
        },
        "mis": [
            [
                0,
                3
            ]
        ],
        "mis_size": 2
    },
    "edges": [
        [
            0,
            1
        ],
        [
            0,
            2
        ],
        [
            1,
            2
        ],
        [
            1,
            3
        ],
        [
            2,
            3
        ]
    ]
}
