{
    "qubits": {
        "0": [
            1.5,
            -7.794228634059948
        ],
        "1": [
            -1.5,
            -2.598076211353316
        ],
        "2": [
            1.5,
            2.598076211353316
        ],
        "3": [
            -1.5,
            7.794228634059948
        ]
    },
    "metadata": {
        "score": {
            "total": 1.6701288,
            "gini_score": 0.8535,
            "sum_score": 1.9568,
            "total_normalized": 0.8350644,
            "sum_normalized": 0.9784
        },
        "params": {
            "rise_time": 1621,
            "fall_time": 2831,
            "omega": 10.249539005988984,
            "init_detuning": 3.311448942187396,
            "final_detuning": 4.312334339005574
        },
        "mis": [
            [
                0,
                3
            ]
        ],
        "mis_size": 2
    },
    "edges": [
        [
            0,
            1
        ],
        [
            0,
            2
        ],
        [
            1,
            2
        ],
        [
            1,
            3
        ],
        [
            2,
            3
        ]
    ]
}
