{
    "qubits": {
        "0": [
            -6.0,
            -3.4641016151377544
        ],
        "1": [
            2.0,
            -3.4641016151377544
        ],
        "2": [
            -2.0,
            3.4641016151377544
        ],
        "3": [
            6.0,
            3.4641016151377544
        ]
    },
    "metadata": {
        "score": {
            "total": 1.7383268945454544,
            "gini_score": 0.8941090909090909,
            "sum_score": 1.9442,
            "total_normalized": 0.8691634472727272,
            "sum_normalized": 0.9721
        },
        "params": {
            "rise_time": 1239,
            "fall_time": 1791,
            "omega": 13.727334200600863,
            "init_detuning": 7.442724858529871,
            "final_detuning": 5.1740304113862114
        },
        "mis": [
            [
                0,
                3
            ]
        ],
        "mis_size": 2
    },
    "edges": [
        [
            0,
            1
        ],
        [
            0,
            2
        ],
        [
            1,
            2
        ],
        [
            1,
            3
        ],
        [
            2,
            3
        ]
    ]
}
