{
    "qubits": {
        "0": [
            -4.5,
            -2.598076211353316
        ],
        "1": [
            1.5,
            -2.598076211353316
        ],
        "2": [
            -1.5,
            2.598076211353316
        ],
        "3": [
            4.5,
            2.598076211353316
        ]
    },
    "metadata": {
        "score": {
            "total": 0.5043192,
            "gini_score": 0.5458,
            "sum_score": 0.924,
            "total_normalized": 0.5043192,
            "sum_normalized": 0.924
        },
        "params": {
            "rise_time": 286,
            "fall_time": 1551,
            "omega": 4.173831694277487,
            "init_detuning": 4.56481713124972,
            "final_detuning": 2.4223717239579465
        },
        "mis": [
            [
                0
            ],
            [
                1
            ],
            [
                2
            ],
            [
                3
            ]
        ],
        "mis_size": 1
    },
    "edges": [
        [
            0,
            1
        ],
        [
            0,
            3
        ],
        [
            0,
            2
        ],
        [
            1,
            2
        ],
        [
            1,
            3
        ],
        [
            2,
            3
        ]
    ]
}
