{
    "qubits": {
        "0": [
            0.0,
            -15.0
        ],
        "1": [
            0.0,
            -5.0
        ],
        "2": [
            0.0,
            5.0
        ],
        "3": [
            0.0,
            15.0
        ]
    },
    "metadata": {
        "score": {
            "total": 1.4155628628571426,
            "gini_score": 0.7616285714285713,
            "sum_score": 1.8586,
            "total_normalized": 0.7077814314285713,
            "sum_normalized": 0.9293
        },
        "params": {
            "rise_time": 657,
            "fall_time": 2512,
            "omega": 6.589585304937867,
            "init_detuning": 2.494860457969997,
            "final_detuning": 1.6446016142397615
        },
        "mis": [
            [
                0,
                2
            ],
            [
                0,
                3
            ],
            [
                1,
                3
            ]
        ],
        "mis_size": 2
    },
    "edges": [
        [
            0,
            1
        ],
        [
            1,
            2
        ],
        [
            2,
            3
        ]
    ]
}
