{
    "qubits": {
        "0": [
            0.0,
            -13.5
        ],
        "1": [
            0.0,
            -4.5
        ],
        "2": [
            0.0,
            4.5
        ],
        "3": [
            0.0,
            13.5
        ]
    },
    "metadata": {
        "score": {
            "total": 1.5953336320000002,
            "gini_score": 0.8379733333333335,
            "sum_score": 1.9038,
            "total_normalized": 0.7976668160000001,
            "sum_normalized": 0.9519
        },
        "params": {
            "rise_time": 1062,
            "fall_time": 3242,
            "omega": 10.395917560863843,
            "init_detuning": 4.668399982432597,
            "final_detuning": 4.160091444111201
        },
        "mis": [
            [
                0,
                2
            ],
            [
                0,
                3
            ],
            [
                1,
                3
            ]
        ],
        "mis_size": 2
    },
    "edges": [
        [
            0,
            1
        ],
        [
            1,
            2
        ],
        [
            2,
            3
        ]
    ]
}
