{
    "qubits": {
        "0": [
            0.0,
            -10.5
        ],
        "1": [
            0.0,
            -3.5
        ],
        "2": [
            0.0,
            3.5
        ],
        "3": [
            0.0,
            10.5
        ]
    },
    "metadata": {
        "score": {
            "total": 1.54259072,
            "gini_score": 0.7832,
            "sum_score": 1.9696,
            "total_normalized": 0.77129536,
            "sum_normalized": 0.9848
        },
        "params": {
            "rise_time": 1560,
            "fall_time": 3254,
            "omega": 14.212985287749499,
            "init_detuning": 7.340734818799313,
            "final_detuning": 7.574903396541275
        },
        "mis": [
            [
                0,
                2
            ],
            [
                0,
                3
            ],
            [
                1,
                3
            ]
        ],
        "mis_size": 2
    },
    "edges": [
        [
            0,
            1
        ],
        [
            1,
            2
        ],
        [
            2,
            3
        ]
    ]
}
