{
    "qubits": {
        "0": [
            -4.5,
            -4.5
        ],
        "1": [
            4.5,
            -4.5
        ],
        "2": [
            -4.5,
            4.5
        ],
        "3": [
            4.5,
            4.5
        ]
    },
    "metadata": {
        "score": {
            "total": 0.5807446186666667,
            "gini_score": 0.6632533333333334,
            "sum_score": 0.8756,
            "total_normalized": 0.5807446186666667,
            "sum_normalized": 0.8756
        },
        "params": {
            "rise_time": 516,
            "fall_time": 2667,
            "omega": 13.368260807636332,
            "init_detuning": 2.943356966888629,
            "final_detuning": 4.045018688918088
        },
        "mis": [
            [
                0
            ],
            [
                1
            ],
            [
                2
            ],
            [
                3
            ]
        ],
        "mis_size": 1
    },
    "edges": [
        [
            0,
            1
        ],
        [
            0,
            3
        ],
        [
            0,
            2
        ],
        [
            1,
            2
        ],
        [
            1,
            3
        ],
        [
            2,
            3
        ]
    ]
}
