{
    "qubits": {
        "0": [
            -4.0,
            -4.0
        ],
        "1": [
            4.0,
            -4.0
        ],
        "2": [
            -4.0,
            4.0
        ],
        "3": [
            4.0,
            4.0
        ]
    },
    "metadata": {
        "score": {
            "total": 0.4567609090909091,
            "gini_score": 0.5405454545454546,
            "sum_score": 0.845,
            "total_normalized": 0.4567609090909091,
            "sum_normalized": 0.845
        },
        "params": {
            "rise_time": 559,
            "fall_time": 1664,
            "omega": 10.023314387188739,
            "init_detuning": 5.580607190245242,
            "final_detuning": 2.8555563078347372
        },
        "mis": [
            [
                0
            ],
            [
                1
            ],
            [
                2
            ],
            [
                3
            ]
        ],
        "mis_size": 1
    },
    "edges": [
        [
            0,
            1
        ],
        [
            0,
            3
        ],
        [
            0,
            2
        ],
        [
            1,
            2
        ],
        [
            1,
            3
        ],
        [
            2,
            3
        ]
    ]
}
