{
    "qubits": {
        "0": [
            -3.0,
            -3.0
        ],
        "1": [
            3.0,
            -3.0
        ],
        "2": [
            -3.0,
            3.0
        ],
        "3": [
            3.0,
            3.0
        ]
    },
    "metadata": {
        "score": {
            "total": 0.4093332342857143,
            "gini_score": 0.4179428571428571,
            "sum_score": 0.9794,
            "total_normalized": 0.4093332342857143,
            "sum_normalized": 0.9794
        },
        "params": {
            "rise_time": 700,
            "fall_time": 517,
            "omega": 2.876652201868571,
            "init_detuning": 3.68160159374633,
            "final_detuning": 5.2728287955434645
        },
        "mis": [
            [
                0
            ],
            [
                1
            ],
            [
                2
            ],
            [
                3
            ]
        ],
        "mis_size": 1
    },
    "edges": [
        [
            0,
            1
        ],
        [
            0,
            3
        ],
        [
            0,
            2
        ],
        [
            1,
            2
        ],
        [
            1,
            3
        ],
        [
            2,
            3
        ]
    ]
}
