{
    "qubits": {
        "0": [
            0.0,
            -9.0
        ],
        "1": [
            0.0,
            -3.0
        ],
        "2": [
            0.0,
            3.0
        ],
        "3": [
            0.0,
            9.0
        ]
    },
    "metadata": {
        "score": {
            "total": 1.64146045,
            "gini_score": 0.84655,
            "sum_score": 1.939,
            "total_normalized": 0.820730225,
            "sum_normalized": 0.9695
        },
        "params": {
            "rise_time": 1602,
            "fall_time": 3148,
            "omega": 10.258280975417044,
            "init_detuning": 4.038106821068482,
            "final_detuning": 5.439775805050851
        },
        "mis": [
            [
                0,
                3
            ]
        ],
        "mis_size": 2
    },
    "edges": [
        [
            0,
            1
        ],
        [
            0,
            2
        ],
        [
            1,
            2
        ],
        [
            1,
            3
        ],
        [
            2,
            3
        ]
    ]
}
