{
    "qubits": {
        "0": [
            0.0,
            -16.5
        ],
        "1": [
            0.0,
            -5.5
        ],
        "2": [
            0.0,
            5.5
        ],
        "3": [
            0.0,
            16.5
        ]
    },
    "metadata": {
        "score": {
            "total": 1.43446285,
            "gini_score": 0.807875,
            "sum_score": 1.7756,
            "total_normalized": 0.717231425,
            "sum_normalized": 0.8878
        },
        "params": {
            "rise_time": 1155,
            "fall_time": 2571,
            "omega": 2.7136452605011177,
            "init_detuning": 1.4952790335680868,
            "final_detuning": 2.705113701718878
        },
        "mis": [
            [
                0,
                2
            ],
            [
                0,
                3
            ],
            [
                1,
                3
            ]
        ],
        "mis_size": 2
    },
    "edges": [
        [
            0,
            1
        ],
        [
            1,
            2
        ],
        [
            2,
            3
        ]
    ]
}
