{
    "qubits": {
        "0": [
            -5.0,
            -5.0
        ],
        "1": [
            5.0,
            -5.0
        ],
        "2": [
            -5.0,
            5.0
        ],
        "3": [
            5.0,
            5.0
        ]
    },
    "metadata": {
        "score": {
            "total": 1.5818501173333332,
            "gini_score": 0.8478133333333333,
            "sum_score": 1.8658,
            "total_normalized": 0.7909250586666666,
            "sum_normalized": 0.9329
        },
        "params": {
            "rise_time": 685,
            "fall_time": 3320,
            "omega": 3.788457103153496,
            "init_detuning": 2.137415628222497,
            "final_detuning": 2.3640274514792825
        },
        "mis": [
            [
                0,
                3
            ],
            [
                1,
                2
            ]
        ],
        "mis_size": 2
    },
    "edges": [
        [
            0,
            1
        ],
        [
            0,
            2
        ],
        [
            1,
            3
        ],
        [
            2,
            3
        ]
    ]
}
