{
    "qubits": {
        "0": [
            -5.5,
            -5.5
        ],
        "1": [
            5.5,
            -5.5
        ],
        "2": [
            -5.5,
            5.5
        ],
        "3": [
            5.5,
            5.5
        ]
    },
    "metadata": {
        "score": {
            "total": 1.2926986666666667,
            "gini_score": 0.7930666666666667,
            "sum_score": 1.63,
            "total_normalized": 0.6463493333333333,
            "sum_normalized": 0.815
        },
        "params": {
            "rise_time": 1209,
            "fall_time": 3192,
            "omega": 4.267678750682282,
            "init_detuning": 4.675636771658491,
            "final_detuning": 1.2191872747731956
        },
        "mis": [
            [
                0,
                3
            ],
            [
                1,
                2
            ]
        ],
        "mis_size": 2
    },
    "edges": [
        [
            0,
            1
        ],
        [
            0,
            2
        ],
        [
            1,
            3
        ],
        [
            2,
            3
        ]
    ]
}
