{
    "qubits": {
        "q0": [
            -2.0,
            -2.0
        ],
        "q1": [
            2.0,
            -2.0
        ],
        "q2": [
            -2.0,
            2.0
        ],
        "q3": [
            2.0,
            2.0
        ]
    },
    "metadata": {
        "score": {
            "total": 0.3462953142857143,
            "gini_score": 0.37542857142857144,
            "sum_score": 0.9224,
            "total_normalized": 0.3462953142857143,
            "sum_normalized": 0.9224
        },
        "params": {
            "rise_time": 746,
            "fall_time": 19,
            "omega": 14.076633764697508,
            "init_detuning": 5.9737745010853445,
            "final_detuning": 3.64599389697794
        },
        "mis": [
            [
                0
            ],
            [
                1
            ],
            [
                2
            ],
            [
                3
            ]
        ],
        "mis_size": 1
    },
    "edges": [
        [
            0,
            1
        ],
        [
            0,
            3
        ],
        [
            0,
            2
        ],
        [
            1,
            2
        ],
        [
            1,
            3
        ],
        [
            2,
            3
        ]
    ]
}
