{
    "qubits": {
        "0": [
            0.0,
            -18.0
        ],
        "1": [
            0.0,
            -9.0
        ],
        "2": [
            0.0,
            0.0
        ],
        "3": [
            0.0,
            9.0
        ],
        "4": [
            0.0,
            18.0
        ]
    },
    "metadata": {
        "score": {
            "total": 2.6710434021052634,
            "gini_score": 0.9215578947368421,
            "sum_score": 2.8984,
            "total_normalized": 0.8903478007017545,
            "sum_normalized": 0.9661333333333334
        },
        "params": {
            "rise_time": 1620,
            "fall_time": 3251,
            "omega": 14.879179696255864,
            "init_detuning": 7.0858600653167425,
            "final_detuning": 6.256357562378336
        },
        "mis": [
            [
                0,
                2,
                4
            ]
        ],
        "mis_size": 3
    },
    "edges": [
        [
            0,
            1
        ],
        [
            1,
            2
        ],
        [
            2,
            3
        ],
        [
            3,
            4
        ]
    ]
}
