{
    "qubits": {
        "0": [
            0.0,
            -12.0
        ],
        "1": [
            0.0,
            -6.0
        ],
        "2": [
            0.0,
            0.0
        ],
        "3": [
            0.0,
            6.0
        ],
        "4": [
            0.0,
            12.0
        ]
    },
    "metadata": {
        "score": {
            "total": 1.1648326892307692,
            "gini_score": 0.7054461538461538,
            "sum_score": 1.6512,
            "total_normalized": 0.5824163446153846,
            "sum_normalized": 0.8256
        },
        "params": {
            "rise_time": 1011,
            "fall_time": 2689,
            "omega": 6.70555934664049,
            "init_detuning": 6.160931063049287,
            "final_detuning": 3.3817292179945624
        },
        "mis": [
            [
                0,
                3
            ],
            [
                0,
                4
            ],
            [
                1,
                4
            ]
        ],
        "mis_size": 2
    },
    "edges": [
        [
            0,
            1
        ],
        [
            0,
            2
        ],
        [
            1,
            2
        ],
        [
            1,
            3
        ],
        [
            2,
            4
        ],
        [
            2,
            3
        ],
        [
            4,
            3
        ]
    ]
}
