{
    "qubits": {
        "0": [
            0.0,
            -14.0
        ],
        "1": [
            0.0,
            -7.0
        ],
        "2": [
            0.0,
            0.0
        ],
        "3": [
            0.0,
            7.0
        ],
        "4": [
            0.0,
            14.0
        ]
    },
    "metadata": {
        "score": {
            "total": 2.477644953846154,
            "gini_score": 0.8632307692307691,
            "sum_score": 2.8702,
            "total_normalized": 0.8258816512820513,
            "sum_normalized": 0.9567333333333333
        },
        "params": {
            "rise_time": 1654,
            "fall_time": 2531,
            "omega": 12.706621192301359,
            "init_detuning": 6.674777635970087,
            "final_detuning": 4.853597550261828
        },
        "mis": [
            [
                0,
                2,
                4
            ]
        ],
        "mis_size": 3
    },
    "edges": [
        [
            0,
            1
        ],
        [
            1,
            2
        ],
        [
            2,
            3
        ],
        [
            3,
            4
        ]
    ]
}
