{
    "qubits": {
        "0": [
            0.0,
            -20.0
        ],
        "1": [
            0.0,
            -10.0
        ],
        "2": [
            0.0,
            0.0
        ],
        "3": [
            0.0,
            10.0
        ],
        "4": [
            0.0,
            20.0
        ]
    },
    "metadata": {
        "score": {
            "total": 2.603823737142857,
            "gini_score": 0.9296714285714285,
            "sum_score": 2.8008,
            "total_normalized": 0.8679412457142858,
            "sum_normalized": 0.9336000000000001
        },
        "params": {
            "rise_time": 806,
            "fall_time": 2744,
            "omega": 4.367214090475341,
            "init_detuning": 2.479749947629595,
            "final_detuning": 3.0356650505680096
        },
        "mis": [
            [
                0,
                2,
                4
            ]
        ],
        "mis_size": 3
    },
    "edges": [
        [
            0,
            1
        ],
        [
            1,
            2
        ],
        [
            2,
            3
        ],
        [
            3,
            4
        ]
    ]
}
