{
    "qubits": {
        "0": [
            0.0,
            -16.0
        ],
        "1": [
            0.0,
            -8.0
        ],
        "2": [
            0.0,
            0.0
        ],
        "3": [
            0.0,
            8.0
        ],
        "4": [
            0.0,
            16.0
        ]
    },
    "metadata": {
        "score": {
            "total": 2.568220288888889,
            "gini_score": 0.9071777777777777,
            "sum_score": 2.831,
            "total_normalized": 0.8560734296296296,
            "sum_normalized": 0.9436666666666667
        },
        "params": {
            "rise_time": 1201,
            "fall_time": 3225,
            "omega": 14.907920475209359,
            "init_detuning": 6.435587070479867,
            "final_detuning": 5.263521240532615
        },
        "mis": [
            [
                0,
                2,
                4
            ]
        ],
        "mis_size": 3
    },
    "edges": [
        [
            0,
            1
        ],
        [
            1,
            2
        ],
        [
            2,
            3
        ],
        [
            3,
            4
        ]
    ]
}
