{
    "qubits": {
        "0": [
            -12.5,
            -4.330127018922193
        ],
        "1": [
            -2.5,
            -4.330127018922193
        ],
        "2": [
            7.5,
            -4.330127018922193
        ],
        "3": [
            -7.5,
            4.330127018922193
        ],
        "4": [
            2.5,
            4.330127018922193
        ],
        "5": [
            12.5,
            4.330127018922193
        ]
    },
    "metadata": {
        "score": {
            "total": 1.4674099590243903,
            "gini_score": 0.8214341463414635,
            "sum_score": 1.7864,
            "total_normalized": 0.7337049795121952,
            "sum_normalized": 0.8932
        },
        "params": {
            "rise_time": 572,
            "fall_time": 2433,
            "omega": 3.980626778560068,
            "init_detuning": 3.420420375604668,
            "final_detuning": 2.5410727507683513
        },
        "mis": [
            [
                0,
                2
            ],
            [
                0,
                4
            ],
            [
                0,
                5
            ],
            [
                1,
                5
            ],
            [
                2,
                3
            ],
            [
                3,
                5
            ]
        ],
        "mis_size": 2
    },
    "edges": [
        [
            0,
            1
        ],
        [
            0,
            3
        ],
        [
            1,
            2
        ],
        [
            1,
            4
        ],
        [
            1,
            3
        ],
        [
            2,
            4
        ],
        [
            2,
            5
        ],
        [
            4,
            3
        ],
        [
            4,
            5
        ]
    ]
}
