{
    "qubits": {
        "0": [
            -3.0,
            -7.794228634059947
        ],
        "1": [
            6.0,
            -7.794228634059947
        ],
        "2": [
            -7.5,
            0.0
        ],
        "3": [
            1.5,
            0.0
        ],
        "4": [
            -3.0,
            7.794228634059947
        ],
        "5": [
            6.0,
            7.794228634059947
        ]
    },
    "metadata": {
        "score": {
            "total": 2.515223033142857,
            "gini_score": 0.9134971428571428,
            "sum_score": 2.7534,
            "total_normalized": 0.8384076777142857,
            "sum_normalized": 0.9178000000000001
        },
        "params": {
            "rise_time": 1478,
            "fall_time": 3317,
            "omega": 13.70771450061195,
            "init_detuning": 5.878642633542491,
            "final_detuning": 4.69095511100433
        },
        "mis": [
            [
                1,
                2,
                5
            ]
        ],
        "mis_size": 3
    },
    "edges": [
        [
            0,
            1
        ],
        [
            0,
            3
        ],
        [
            0,
            2
        ],
        [
            1,
            3
        ],
        [
            2,
            4
        ],
        [
            2,
            3
        ],
        [
            4,
            3
        ],
        [
            4,
            5
        ],
        [
            3,
            5
        ]
    ]
}
