{
    "qubits": {
        "0": [
            0.0,
            -15.0
        ],
        "1": [
            0.0,
            -9.0
        ],
        "2": [
            0.0,
            -3.0
        ],
        "3": [
            0.0,
            3.0
        ],
        "4": [
            0.0,
            9.0
        ],
        "5": [
            0.0,
            15.0
        ]
    },
    "metadata": {
        "score": {
            "total": 1.0570286640000002,
            "gini_score": 0.7093200000000001,
            "sum_score": 1.4902,
            "total_normalized": 0.5285143320000001,
            "sum_normalized": 0.7451
        },
        "params": {
            "rise_time": 738,
            "fall_time": 2441,
            "omega": 3.389230271936378,
            "init_detuning": 4.010547907999073,
            "final_detuning": 1.6653271691672098
        },
        "mis": [
            [
                0,
                3
            ],
            [
                0,
                4
            ],
            [
                0,
                5
            ],
            [
                1,
                4
            ],
            [
                1,
                5
            ],
            [
                2,
                5
            ]
        ],
        "mis_size": 2
    },
    "edges": [
        [
            0,
            1
        ],
        [
            0,
            2
        ],
        [
            1,
            2
        ],
        [
            1,
            3
        ],
        [
            2,
            4
        ],
        [
            2,
            3
        ],
        [
            4,
            3
        ],
        [
            4,
            5
        ],
        [
            3,
            5
        ]
    ]
}
