{
    "qubits": {
        "0": [
            0.0,
            -25.0
        ],
        "1": [
            0.0,
            -15.0
        ],
        "2": [
            0.0,
            -5.0
        ],
        "3": [
            0.0,
            5.0
        ],
        "4": [
            0.0,
            15.0
        ],
        "5": [
            0.0,
            25.0
        ]
    },
    "metadata": {
        "score": {
            "total": 1.8453014871794873,
            "gini_score": 0.744974358974359,
            "sum_score": 2.477,
            "total_normalized": 0.6151004957264957,
            "sum_normalized": 0.8256666666666667
        },
        "params": {
            "rise_time": 556,
            "fall_time": 1929,
            "omega": 6.928856970816174,
            "init_detuning": 6.62273471223897,
            "final_detuning": 1.7357370558361556
        },
        "mis": [
            [
                0,
                2,
                4
            ],
            [
                0,
                2,
                5
            ],
            [
                0,
                3,
                5
            ],
            [
                1,
                3,
                5
            ]
        ],
        "mis_size": 3
    },
    "edges": [
        [
            0,
            1
        ],
        [
            1,
            2
        ],
        [
            2,
            3
        ],
        [
            3,
            4
        ],
        [
            4,
            5
        ]
    ]
}
