{
    "qubits": {
        "0": [
            0.0,
            -22.5
        ],
        "1": [
            0.0,
            -13.5
        ],
        "2": [
            0.0,
            -4.5
        ],
        "3": [
            0.0,
            4.5
        ],
        "4": [
            0.0,
            13.5
        ],
        "5": [
            0.0,
            22.5
        ]
    },
    "metadata": {
        "score": {
            "total": 2.409324231111111,
            "gini_score": 0.8529185185185184,
            "sum_score": 2.8248,
            "total_normalized": 0.803108077037037,
            "sum_normalized": 0.9416000000000001
        },
        "params": {
            "rise_time": 1087,
            "fall_time": 3312,
            "omega": 14.965117407236312,
            "init_detuning": 7.911563171978776,
            "final_detuning": 5.754282921507741
        },
        "mis": [
            [
                0,
                2,
                4
            ],
            [
                0,
                2,
                5
            ],
            [
                0,
                3,
                5
            ],
            [
                1,
                3,
                5
            ]
        ],
        "mis_size": 3
    },
    "edges": [
        [
            0,
            1
        ],
        [
            1,
            2
        ],
        [
            2,
            3
        ],
        [
            3,
            4
        ],
        [
            4,
            5
        ]
    ]
}
