{
    "qubits": {
        "0": [
            0.0,
            -17.5
        ],
        "1": [
            0.0,
            -10.5
        ],
        "2": [
            0.0,
            -3.5
        ],
        "3": [
            0.0,
            3.5
        ],
        "4": [
            0.0,
            10.5
        ],
        "5": [
            0.0,
            17.5
        ]
    },
    "metadata": {
        "score": {
            "total": 2.528570952,
            "gini_score": 0.8560399999999999,
            "sum_score": 2.9538,
            "total_normalized": 0.842856984,
            "sum_normalized": 0.9846
        },
        "params": {
            "rise_time": 1554,
            "fall_time": 2263,
            "omega": 12.701265973846604,
            "init_detuning": 7.603815733902749,
            "final_detuning": 7.572008233627649
        },
        "mis": [
            [
                0,
                2,
                4
            ],
            [
                0,
                2,
                5
            ],
            [
                0,
                3,
                5
            ],
            [
                1,
                3,
                5
            ]
        ],
        "mis_size": 3
    },
    "edges": [
        [
            0,
            1
        ],
        [
            1,
            2
        ],
        [
            2,
            3
        ],
        [
            3,
            4
        ],
        [
            4,
            5
        ]
    ]
}
