{
    "qubits": {
        "0": [
            0.0,
            -27.5
        ],
        "1": [
            0.0,
            -16.5
        ],
        "2": [
            0.0,
            -5.5
        ],
        "3": [
            0.0,
            5.5
        ],
        "4": [
            0.0,
            16.5
        ],
        "5": [
            0.0,
            27.5
        ]
    },
    "metadata": {
        "score": {
            "total": 2.0255840367567566,
            "gini_score": 0.7834702702702703,
            "sum_score": 2.5854,
            "total_normalized": 0.6751946789189188,
            "sum_normalized": 0.8618
        },
        "params": {
            "rise_time": 673,
            "fall_time": 3264,
            "omega": 1.1088348868633964,
            "init_detuning": 1.0338714242139955,
            "final_detuning": 0.05586054289529202
        },
        "mis": [
            [
                0,
                2,
                4
            ],
            [
                0,
                2,
                5
            ],
            [
                0,
                3,
                5
            ],
            [
                1,
                3,
                5
            ]
        ],
        "mis_size": 3
    },
    "edges": [
        [
            0,
            1
        ],
        [
            1,
            2
        ],
        [
            2,
            3
        ],
        [
            3,
            4
        ],
        [
            4,
            5
        ]
    ]
}
