{
    "qubits": {
        "0": [
            -4.5,
            -9.0
        ],
        "1": [
            4.5,
            -9.0
        ],
        "2": [
            -4.5,
            0.0
        ],
        "3": [
            4.5,
            0.0
        ],
        "4": [
            -4.5,
            9.0
        ],
        "5": [
            4.5,
            9.0
        ]
    },
    "metadata": {
        "score": {
            "total": 1.3010016423529411,
            "gini_score": 0.8047764705882353,
            "sum_score": 1.6166,
            "total_normalized": 0.6505008211764706,
            "sum_normalized": 0.8083
        },
        "params": {
            "rise_time": 748,
            "fall_time": 2003,
            "omega": 6.888483143735856,
            "init_detuning": 2.392683543176408,
            "final_detuning": 2.505114257020442
        },
        "mis": [
            [
                0,
                4
            ],
            [
                0,
                5
            ],
            [
                1,
                4
            ],
            [
                1,
                5
            ]
        ],
        "mis_size": 2
    },
    "edges": [
        [
            0,
            1
        ],
        [
            0,
            3
        ],
        [
            0,
            2
        ],
        [
            1,
            2
        ],
        [
            1,
            3
        ],
        [
            2,
            4
        ],
        [
            2,
            3
        ],
        [
            2,
            5
        ],
        [
            4,
            3
        ],
        [
            4,
            5
        ],
        [
            3,
            5
        ]
    ]
}
