{
    "qubits": {
        "0": [
            -10.0,
            -5.0
        ],
        "1": [
            0.0,
            -5.0
        ],
        "2": [
            10.0,
            -5.0
        ],
        "3": [
            -10.0,
            5.0
        ],
        "4": [
            0.0,
            5.0
        ],
        "5": [
            10.0,
            5.0
        ]
    },
    "metadata": {
        "score": {
            "total": 2.2883529890909093,
            "gini_score": 0.8817636363636364,
            "sum_score": 2.5952,
            "total_normalized": 0.7627843296969697,
            "sum_normalized": 0.8650666666666668
        },
        "params": {
            "rise_time": 915,
            "fall_time": 2713,
            "omega": 3.9442281023194,
            "init_detuning": 2.5849200160528008,
            "final_detuning": 3.49322479065227
        },
        "mis": [
            [
                0,
                2,
                4
            ],
            [
                1,
                3,
                5
            ]
        ],
        "mis_size": 3
    },
    "edges": [
        [
            0,
            1
        ],
        [
            0,
            3
        ],
        [
            1,
            2
        ],
        [
            1,
            4
        ],
        [
            2,
            5
        ],
        [
            3,
            4
        ],
        [
            4,
            5
        ]
    ]
}
