{
    "qubits": {
        "0": [
            -11.0,
            -5.5
        ],
        "1": [
            0.0,
            -5.5
        ],
        "2": [
            11.0,
            -5.5
        ],
        "3": [
            -11.0,
            5.5
        ],
        "4": [
            0.0,
            5.5
        ],
        "5": [
            11.0,
            5.5
        ]
    },
    "metadata": {
        "score": {
            "total": 2.1239788360784315,
            "gini_score": 0.8707686274509804,
            "sum_score": 2.4392,
            "total_normalized": 0.7079929453594772,
            "sum_normalized": 0.8130666666666667
        },
        "params": {
            "rise_time": 814,
            "fall_time": 3312,
            "omega": 3.897369203441179,
            "init_detuning": 2.4693494754897753,
            "final_detuning": 2.459663386656248
        },
        "mis": [
            [
                0,
                2,
                4
            ],
            [
                1,
                3,
                5
            ]
        ],
        "mis_size": 3
    },
    "edges": [
        [
            0,
            1
        ],
        [
            0,
            3
        ],
        [
            1,
            2
        ],
        [
            1,
            4
        ],
        [
            2,
            5
        ],
        [
            3,
            4
        ],
        [
            4,
            5
        ]
    ]
}
