{
    "qubits": {
        "0": [
            -9.0,
            -4.5
        ],
        "1": [
            0.0,
            -4.5
        ],
        "2": [
            9.0,
            -4.5
        ],
        "3": [
            -9.0,
            4.5
        ],
        "4": [
            0.0,
            4.5
        ],
        "5": [
            9.0,
            4.5
        ]
    },
    "metadata": {
        "score": {
            "total": 1.3248245622857142,
            "gini_score": 0.8138742857142858,
            "sum_score": 1.6278,
            "total_normalized": 0.6624122811428571,
            "sum_normalized": 0.8139
        },
        "params": {
            "rise_time": 935,
            "fall_time": 2177,
            "omega": 6.3115180105694675,
            "init_detuning": 2.156216949994815,
            "final_detuning": 3.0016111636141813
        },
        "mis": [
            [
                0,
                2
            ],
            [
                0,
                5
            ],
            [
                2,
                3
            ],
            [
                3,
                5
            ]
        ],
        "mis_size": 2
    },
    "edges": [
        [
            0,
            1
        ],
        [
            0,
            4
        ],
        [
            0,
            3
        ],
        [
            1,
            2
        ],
        [
            1,
            5
        ],
        [
            1,
            4
        ],
        [
            1,
            3
        ],
        [
            2,
            4
        ],
        [
            2,
            5
        ],
        [
            4,
            3
        ],
        [
            4,
            5
        ]
    ]
}
