{
    "qubits": {
        "0": [
            -6.0,
            -3.0
        ],
        "1": [
            0.0,
            -3.0
        ],
        "2": [
            6.0,
            -3.0
        ],
        "3": [
            -6.0,
            3.0
        ],
        "4": [
            0.0,
            3.0
        ],
        "5": [
            6.0,
            3.0
        ]
    },
    "metadata": {
        "score": {
            "total": 1.0407310153846152,
            "gini_score": 0.7257538461538461,
            "sum_score": 1.434,
            "total_normalized": 0.5203655076923076,
            "sum_normalized": 0.717
        },
        "params": {
            "rise_time": 1464,
            "fall_time": 2938,
            "omega": 12.361908425260914,
            "init_detuning": 7.169746363377034,
            "final_detuning": 7.835469933274551
        },
        "mis": [
            [
                0,
                5
            ],
            [
                2,
                3
            ]
        ],
        "mis_size": 2
    },
    "edges": [
        [
            0,
            1
        ],
        [
            0,
            4
        ],
        [
            0,
            3
        ],
        [
            0,
            2
        ],
        [
            1,
            2
        ],
        [
            1,
            5
        ],
        [
            1,
            4
        ],
        [
            1,
            3
        ],
        [
            2,
            4
        ],
        [
            2,
            5
        ],
        [
            4,
            3
        ],
        [
            4,
            5
        ],
        [
            3,
            5
        ]
    ]
}
