{
    "qubits": {
        "0": [
            -5.0,
            -10.0
        ],
        "1": [
            5.0,
            -10.0
        ],
        "2": [
            -5.0,
            0.0
        ],
        "3": [
            5.0,
            0.0
        ],
        "4": [
            -5.0,
            10.0
        ],
        "5": [
            5.0,
            10.0
        ]
    },
    "metadata": {
        "score": {
            "total": 2.4559016914285716,
            "gini_score": 0.9029714285714285,
            "sum_score": 2.7198,
            "total_normalized": 0.8186338971428572,
            "sum_normalized": 0.9066000000000001
        },
        "params": {
            "rise_time": 541,
            "fall_time": 2408,
            "omega": 5.850770968371574,
            "init_detuning": 2.956858615838112,
            "final_detuning": 4.834269664687014
        },
        "mis": [
            [
                0,
                3,
                4
            ],
            [
                1,
                2,
                5
            ]
        ],
        "mis_size": 3
    },
    "edges": [
        [
            0,
            1
        ],
        [
            0,
            2
        ],
        [
            1,
            3
        ],
        [
            2,
            4
        ],
        [
            2,
            3
        ],
        [
            4,
            5
        ],
        [
            3,
            5
        ]
    ]
}
