{
    "qubits": {
        "0": [
            -5.5,
            -11.0
        ],
        "1": [
            5.5,
            -11.0
        ],
        "2": [
            -5.5,
            0.0
        ],
        "3": [
            5.5,
            0.0
        ],
        "4": [
            -5.5,
            11.0
        ],
        "5": [
            5.5,
            11.0
        ]
    },
    "metadata": {
        "score": {
            "total": 1.7472818176,
            "gini_score": 0.800624,
            "sum_score": 2.1824,
            "total_normalized": 0.5824272725333334,
            "sum_normalized": 0.7274666666666666
        },
        "params": {
            "rise_time": 1479,
            "fall_time": 2771,
            "omega": 5.3668451195425355,
            "init_detuning": 6.003064306154993,
            "final_detuning": 1.373581388559198
        },
        "mis": [
            [
                0,
                3,
                4
            ],
            [
                1,
                2,
                5
            ]
        ],
        "mis_size": 3
    },
    "edges": [
        [
            0,
            1
        ],
        [
            0,
            2
        ],
        [
            1,
            3
        ],
        [
            2,
            4
        ],
        [
            2,
            3
        ],
        [
            4,
            5
        ],
        [
            3,
            5
        ]
    ]
}
