{
    "qubits": {
        "0": [
            0.0,
            0
        ],
        "1": [
            0.0,
            9
        ],
        "2": [
            7.794228634059947,
            9
        ],
        "3": [
            0.0,
            18
        ],
        "4": [
            7.794228634059947,
            18
        ],
        "5": [
            15.588457268119894,
            18
        ]
    },
    "metadata": {
        "score": {
            "total": 2.28854328,
            "gini_score": 0.8795999999999999,
            "sum_score": 2.6018,
            "total_normalized": 0.76284776,
            "sum_normalized": 0.8672666666666666
        },
        "params": {
            "rise_time": 1332,
            "fall_time": 2141,
            "omega": 3.0104205393777397,
            "init_detuning": 1.0195112043106436,
            "final_detuning": 2.1548911476498693
        },
        "mis": [
            [
                0,
                3,
                5
            ]
        ],
        "mis_size": 3
    },
    "edges": [
        [
            0,
            1
        ],
        [
            0,
            2
        ],
        [
            1,
            2
        ],
        [
            1,
            4
        ],
        [
            1,
            3
        ],
        [
            2,
            4
        ],
        [
            2,
            3
        ],
        [
            2,
            5
        ],
        [
            4,
            3
        ],
        [
            4,
            5
        ]
    ]
}
