{
    "qubits": {
        "0": [
            0.0,
            0
        ],
        "1": [
            0.0,
            11
        ],
        "2": [
            9.526279441628825,
            11
        ],
        "3": [
            0.0,
            22
        ],
        "4": [
            9.526279441628825,
            22
        ],
        "5": [
            19.05255888325765,
            22
        ]
    },
    "metadata": {
        "score": {
            "total": 3.4549625600000002,
            "gini_score": 0.94192,
            "sum_score": 3.668,
            "total_normalized": 0.8637406400000001,
            "sum_normalized": 0.917
        },
        "params": {
            "rise_time": 318,
            "fall_time": 2157,
            "omega": 9.477353916538542,
            "init_detuning": 6.303466927528427,
            "final_detuning": 5.919097393579152
        },
        "mis": [
            [
                0,
                2,
                3,
                5
            ]
        ],
        "mis_size": 4
    },
    "edges": [
        [
            0,
            1
        ],
        [
            1,
            2
        ],
        [
            1,
            3
        ],
        [
            2,
            4
        ],
        [
            4,
            3
        ],
        [
            4,
            5
        ]
    ]
}
