{
    "qubits": {
        "q0": [
            -6.88,
            -5.94
        ],
        "q1": [
            0.07,
            -6.09
        ],
        "q2": [
            7.2,
            -6.1
        ],
        "q3": [
            -3.49,
            -0.23
        ],
        "q4": [
            3.84,
            -0.29
        ],
        "q5": [
            0.0,
            5.33
        ]
    },
    "metadata": {
        "score": {
            "total": 0.5697361257142857,
            "gini_score": 0.5300857142857143,
            "sum_score": 1.0748,
            "total_normalized": 0.28486806285714283,
            "sum_normalized": 0.5374
        },
        "params": {
            "rise_time": 1547,
            "fall_time": 1643,
            "omega": 10.179734855889789,
            "init_detuning": 2.7114398165469717,
            "final_detuning": 2.877700201814825
        },
        "mis": [
            [
                0,
                2
            ],
            [
                2,
                5
            ]
        ],
        "mis_size": 2
    },
    "edges": [
        [
            0,
            1
        ],
        [
            0,
            4
        ],
        [
            0,
            3
        ],
        [
            0,
            5
        ],
        [
            1,
            2
        ],
        [
            1,
            5
        ],
        [
            1,
            4
        ],
        [
            1,
            3
        ],
        [
            2,
            4
        ],
        [
            2,
            3
        ],
        [
            4,
            3
        ],
        [
            4,
            5
        ],
        [
            3,
            5
        ]
    ]
}
