{
    "qubits": {
        "0": [
            0.0,
            0
        ],
        "1": [
            0.0,
            8
        ],
        "2": [
            6.928203230275509,
            8
        ],
        "3": [
            0.0,
            16
        ],
        "4": [
            6.928203230275509,
            16
        ],
        "5": [
            13.856406460551018,
            16
        ]
    },
    "metadata": {
        "score": {
            "total": 2.453556631111111,
            "gini_score": 0.9041037037037037,
            "sum_score": 2.7138,
            "total_normalized": 0.8178522103703704,
            "sum_normalized": 0.9046
        },
        "params": {
            "rise_time": 956,
            "fall_time": 2624,
            "omega": 13.756724193031829,
            "init_detuning": 6.604166192268461,
            "final_detuning": 6.37104907084024
        },
        "mis": [
            [
                0,
                3,
                5
            ]
        ],
        "mis_size": 3
    },
    "edges": [
        [
            0,
            1
        ],
        [
            0,
            2
        ],
        [
            1,
            2
        ],
        [
            1,
            4
        ],
        [
            1,
            3
        ],
        [
            2,
            4
        ],
        [
            2,
            3
        ],
        [
            2,
            5
        ],
        [
            4,
            3
        ],
        [
            4,
            5
        ]
    ]
}
