{
    "qubits": {
        "0": [
            0.0,
            0
        ],
        "1": [
            0.0,
            7
        ],
        "2": [
            6.06217782649107,
            7
        ],
        "3": [
            0.0,
            14
        ],
        "4": [
            6.06217782649107,
            14
        ],
        "5": [
            12.12435565298214,
            14
        ]
    },
    "metadata": {
        "score": {
            "total": 1.1350359200000002,
            "gini_score": 0.7392444444444445,
            "sum_score": 1.5354,
            "total_normalized": 0.5675179600000001,
            "sum_normalized": 0.7677
        },
        "params": {
            "rise_time": 305,
            "fall_time": 3023,
            "omega": 5.778776126768202,
            "init_detuning": 5.869434634953644,
            "final_detuning": 2.8291944441391923
        },
        "mis": [
            [
                0,
                3
            ],
            [
                0,
                4
            ],
            [
                0,
                5
            ],
            [
                1,
                5
            ]
        ],
        "mis_size": 2
    },
    "edges": [
        [
            0,
            1
        ],
        [
            0,
            2
        ],
        [
            1,
            2
        ],
        [
            1,
            4
        ],
        [
            1,
            3
        ],
        [
            2,
            4
        ],
        [
            2,
            3
        ],
        [
            2,
            5
        ],
        [
            4,
            3
        ],
        [
            4,
            5
        ],
        [
            3,
            5
        ]
    ]
}
