{
    "qubits": {
        "0": [
            0.0,
            0
        ],
        "1": [
            0.0,
            6
        ],
        "2": [
            5.196152422706632,
            6
        ],
        "3": [
            0.0,
            12
        ],
        "4": [
            5.196152422706632,
            12
        ],
        "5": [
            10.392304845413264,
            12
        ]
    },
    "metadata": {
        "score": {
            "total": 1.3467906092307693,
            "gini_score": 0.8042461538461538,
            "sum_score": 1.6746,
            "total_normalized": 0.6733953046153847,
            "sum_normalized": 0.8373
        },
        "params": {
            "rise_time": 855,
            "fall_time": 2683,
            "omega": 3.050087063070591,
            "init_detuning": 4.069778236716994,
            "final_detuning": 1.9616780641911884
        },
        "mis": [
            [
                0,
                5
            ]
        ],
        "mis_size": 2
    },
    "edges": [
        [
            0,
            1
        ],
        [
            0,
            4
        ],
        [
            0,
            3
        ],
        [
            0,
            2
        ],
        [
            1,
            2
        ],
        [
            1,
            5
        ],
        [
            1,
            4
        ],
        [
            1,
            3
        ],
        [
            2,
            4
        ],
        [
            2,
            3
        ],
        [
            2,
            5
        ],
        [
            4,
            3
        ],
        [
            4,
            5
        ],
        [
            3,
            5
        ]
    ]
}
