{
    "qubits": {
        "0": [
            0.0,
            0
        ],
        "1": [
            0.0,
            10
        ],
        "2": [
            8.660254037844386,
            10
        ],
        "3": [
            0.0,
            20
        ],
        "4": [
            8.660254037844386,
            20
        ],
        "5": [
            17.32050807568877,
            20
        ]
    },
    "metadata": {
        "score": {
            "total": 1.92129068,
            "gini_score": 0.8726,
            "sum_score": 2.2018,
            "total_normalized": 0.6404302266666667,
            "sum_normalized": 0.7339333333333333
        },
        "params": {
            "rise_time": 1562,
            "fall_time": 2432,
            "omega": 2.0376237704104168,
            "init_detuning": 1.4590719682370867,
            "final_detuning": 1.6394249526479316
        },
        "mis": [
            [
                0,
                3,
                5
            ]
        ],
        "mis_size": 3
    },
    "edges": [
        [
            0,
            1
        ],
        [
            0,
            2
        ],
        [
            1,
            2
        ],
        [
            1,
            4
        ],
        [
            1,
            3
        ],
        [
            2,
            4
        ],
        [
            2,
            3
        ],
        [
            2,
            5
        ],
        [
            4,
            3
        ],
        [
            4,
            5
        ]
    ]
}
