{
    "qubits": {
        "0": [
            0.0,
            0.0
        ],
        "1": [
            -5.5,
            9.526279441628825
        ],
        "2": [
            5.5,
            9.526279441628825
        ],
        "3": [
            11.0,
            0.0
        ],
        "4": [
            5.5,
            -9.526279441628825
        ],
        "5": [
            -5.5,
            -9.526279441628825
        ],
        "6": [
            -11.0,
            0.0
        ]
    },
    "metadata": {
        "score": {
            "total": 1.9642448336842107,
            "gini_score": 0.8303368421052632,
            "sum_score": 2.3656,
            "total_normalized": 0.6547482778947369,
            "sum_normalized": 0.7885333333333334
        },
        "params": {
            "rise_time": 1178,
            "fall_time": 2349,
            "omega": 2.3781196115470715,
            "init_detuning": 1.9723602143562333,
            "final_detuning": 1.739098383313736
        },
        "mis": [
            [
                1,
                3,
                5
            ],
            [
                2,
                4,
                6
            ]
        ],
        "mis_size": 3
    },
    "edges": [
        [
            0,
            1
        ],
        [
            0,
            4
        ],
        [
            0,
            3
        ],
        [
            0,
            6
        ],
        [
            0,
            2
        ],
        [
            0,
            5
        ],
        [
            1,
            2
        ],
        [
            1,
            6
        ],
        [
            2,
            3
        ],
        [
            4,
            3
        ],
        [
            4,
            5
        ],
        [
            6,
            5
        ]
    ]
}
