{
    "qubits": {
        "0": [
            0.0,
            0.0
        ],
        "1": [
            -3.0,
            5.196152422706632
        ],
        "2": [
            3.0,
            5.196152422706632
        ],
        "3": [
            6.0,
            0.0
        ],
        "4": [
            3.0,
            -5.196152422706632
        ],
        "5": [
            -3.0,
            -5.196152422706632
        ],
        "6": [
            -6.0,
            0.0
        ]
    },
    "metadata": {
        "score": {
            "total": 0.547358265263158,
            "gini_score": 0.7461263157894737,
            "sum_score": 0.7336,
            "total_normalized": 0.547358265263158,
            "sum_normalized": 0.7336
        },
        "params": {
            "rise_time": 18,
            "fall_time": 797,
            "omega": 10.080309890072906,
            "init_detuning": 3.404009080257584,
            "final_detuning": 0.6976492524172553
        },
        "mis": [
            [
                0
            ],
            [
                1
            ],
            [
                2
            ],
            [
                3
            ],
            [
                4
            ],
            [
                5
            ],
            [
                6
            ]
        ],
        "mis_size": 1
    },
    "edges": [
        [
            3,
            4
        ],
        [
            3,
            1
        ],
        [
            3,
            6
        ],
        [
            3,
            5
        ],
        [
            3,
            0
        ],
        [
            3,
            2
        ],
        [
            4,
            6
        ],
        [
            4,
            5
        ],
        [
            4,
            2
        ],
        [
            4,
            0
        ],
        [
            4,
            1
        ],
        [
            6,
            1
        ],
        [
            6,
            5
        ],
        [
            6,
            0
        ],
        [
            6,
            2
        ],
        [
            0,
            2
        ],
        [
            0,
            5
        ],
        [
            0,
            1
        ],
        [
            2,
            5
        ],
        [
            2,
            1
        ],
        [
            5,
            1
        ]
    ]
}
