{
    "qubits": {
        "0": [
            0.0,
            0.0
        ],
        "1": [
            -5.0,
            8.660254037844386
        ],
        "2": [
            5.0,
            8.660254037844386
        ],
        "3": [
            10.0,
            0.0
        ],
        "4": [
            5.0,
            -8.660254037844386
        ],
        "5": [
            -5.0,
            -8.660254037844386
        ],
        "6": [
            -10.0,
            0.0
        ]
    },
    "metadata": {
        "score": {
            "total": 2.4307783157894733,
            "gini_score": 0.9076842105263158,
            "sum_score": 2.678,
            "total_normalized": 0.8102594385964911,
            "sum_normalized": 0.8926666666666666
        },
        "params": {
            "rise_time": 504,
            "fall_time": 2972,
            "omega": 5.5270589167922255,
            "init_detuning": 4.794333932489373,
            "final_detuning": 3.180420284128024
        },
        "mis": [
            [
                1,
                3,
                5
            ],
            [
                2,
                4,
                6
            ]
        ],
        "mis_size": 3
    },
    "edges": [
        [
            0,
            1
        ],
        [
            0,
            4
        ],
        [
            0,
            3
        ],
        [
            0,
            6
        ],
        [
            0,
            2
        ],
        [
            0,
            5
        ],
        [
            1,
            2
        ],
        [
            1,
            6
        ],
        [
            2,
            3
        ],
        [
            4,
            3
        ],
        [
            4,
            5
        ],
        [
            6,
            5
        ]
    ]
}
