{
    "qubits": {
        "0": [
            0.0,
            0.0
        ],
        "1": [
            -4.0,
            6.928203230275509
        ],
        "2": [
            4.0,
            6.928203230275509
        ],
        "3": [
            8.0,
            0.0
        ],
        "4": [
            4.0,
            -6.928203230275509
        ],
        "5": [
            -4.0,
            -6.928203230275509
        ],
        "6": [
            -8.0,
            0.0
        ]
    },
    "metadata": {
        "score": {
            "total": 2.5329189644444448,
            "gini_score": 0.9093555555555556,
            "sum_score": 2.7854,
            "total_normalized": 0.8443063214814815,
            "sum_normalized": 0.9284666666666667
        },
        "params": {
            "rise_time": 1651,
            "fall_time": 2749,
            "omega": 13.817058624797966,
            "init_detuning": 5.557313553448196,
            "final_detuning": 5.136064977882066
        },
        "mis": [
            [
                1,
                3,
                5
            ],
            [
                2,
                4,
                6
            ]
        ],
        "mis_size": 3
    },
    "edges": [
        [
            0,
            1
        ],
        [
            0,
            4
        ],
        [
            0,
            3
        ],
        [
            0,
            6
        ],
        [
            0,
            2
        ],
        [
            0,
            5
        ],
        [
            1,
            2
        ],
        [
            1,
            6
        ],
        [
            2,
            3
        ],
        [
            4,
            3
        ],
        [
            4,
            5
        ],
        [
            6,
            5
        ]
    ]
}
