{
    "qubits": {
        "0": [
            0.0,
            -24.0
        ],
        "1": [
            0.0,
            -16.0
        ],
        "2": [
            0.0,
            -8.0
        ],
        "3": [
            0.0,
            0.0
        ],
        "4": [
            0.0,
            8.0
        ],
        "5": [
            0.0,
            16.0
        ],
        "6": [
            0.0,
            24.0
        ]
    },
    "metadata": {
        "score": {
            "total": 3.64009313,
            "gini_score": 0.9399125,
            "sum_score": 3.8728,
            "total_normalized": 0.9100232825,
            "sum_normalized": 0.9682
        },
        "params": {
            "rise_time": 1175,
            "fall_time": 2624,
            "omega": 14.704852930378337,
            "init_detuning": 5.863489390642809,
            "final_detuning": 5.776751348237069
        },
        "mis": [
            [
                0,
                2,
                4,
                6
            ]
        ],
        "mis_size": 4
    },
    "edges": [
        [
            0,
            1
        ],
        [
            1,
            2
        ],
        [
            2,
            3
        ],
        [
            3,
            4
        ],
        [
            4,
            5
        ],
        [
            5,
            6
        ]
    ]
}
