{
    "qubits": {
        "0": [
            0.0,
            -18.0
        ],
        "1": [
            0.0,
            -12.0
        ],
        "2": [
            0.0,
            -6.0
        ],
        "3": [
            0.0,
            0.0
        ],
        "4": [
            0.0,
            6.0
        ],
        "5": [
            0.0,
            12.0
        ],
        "6": [
            0.0,
            18.0
        ]
    },
    "metadata": {
        "score": {
            "total": 1.4724979952941177,
            "gini_score": 0.7618470588235294,
            "sum_score": 1.9328,
            "total_normalized": 0.49083266509803924,
            "sum_normalized": 0.6442666666666667
        },
        "params": {
            "rise_time": 969,
            "fall_time": 3319,
            "omega": 8.34350634121373,
            "init_detuning": 4.993492843897032,
            "final_detuning": 3.5002560262670177
        },
        "mis": [
            [
                0,
                3,
                6
            ]
        ],
        "mis_size": 3
    },
    "edges": [
        [
            0,
            1
        ],
        [
            0,
            2
        ],
        [
            1,
            2
        ],
        [
            1,
            3
        ],
        [
            2,
            4
        ],
        [
            2,
            3
        ],
        [
            4,
            3
        ],
        [
            4,
            6
        ],
        [
            4,
            5
        ],
        [
            3,
            5
        ],
        [
            6,
            5
        ]
    ]
}
