{
    "qubits": {
        "0": [
            0.0,
            -30.0
        ],
        "1": [
            0.0,
            -20.0
        ],
        "2": [
            0.0,
            -10.0
        ],
        "3": [
            0.0,
            0.0
        ],
        "4": [
            0.0,
            10.0
        ],
        "5": [
            0.0,
            20.0
        ],
        "6": [
            0.0,
            30.0
        ]
    },
    "metadata": {
        "score": {
            "total": 2.915093895757576,
            "gini_score": 0.8774060606060606,
            "sum_score": 3.3224,
            "total_normalized": 0.728773473939394,
            "sum_normalized": 0.8306
        },
        "params": {
            "rise_time": 413,
            "fall_time": 3250,
            "omega": 6.847221070388936,
            "init_detuning": 4.8239172506875825,
            "final_detuning": 3.5456824059298513
        },
        "mis": [
            [
                0,
                2,
                4,
                6
            ]
        ],
        "mis_size": 4
    },
    "edges": [
        [
            0,
            1
        ],
        [
            1,
            2
        ],
        [
            2,
            3
        ],
        [
            3,
            4
        ],
        [
            4,
            5
        ],
        [
            5,
            6
        ]
    ]
}
