{
    "qubits": {
        "0": [
            0.0,
            -27.0
        ],
        "1": [
            0.0,
            -18.0
        ],
        "2": [
            0.0,
            -9.0
        ],
        "3": [
            0.0,
            0.0
        ],
        "4": [
            0.0,
            9.0
        ],
        "5": [
            0.0,
            18.0
        ],
        "6": [
            0.0,
            27.0
        ]
    },
    "metadata": {
        "score": {
            "total": 3.595641483636364,
            "gini_score": 0.9474181818181819,
            "sum_score": 3.7952,
            "total_normalized": 0.898910370909091,
            "sum_normalized": 0.9488
        },
        "params": {
            "rise_time": 302,
            "fall_time": 1852,
            "omega": 8.674781878968405,
            "init_detuning": 5.943464237983314,
            "final_detuning": 6.809849131272374
        },
        "mis": [
            [
                0,
                2,
                4,
                6
            ]
        ],
        "mis_size": 4
    },
    "edges": [
        [
            0,
            1
        ],
        [
            1,
            2
        ],
        [
            2,
            3
        ],
        [
            3,
            4
        ],
        [
            4,
            5
        ],
        [
            5,
            6
        ]
    ]
}
