{
    "qubits": {
        "0": [
            0.0,
            -21.0
        ],
        "1": [
            0.0,
            -14.0
        ],
        "2": [
            0.0,
            -7.0
        ],
        "3": [
            0.0,
            0.0
        ],
        "4": [
            0.0,
            7.0
        ],
        "5": [
            0.0,
            14.0
        ],
        "6": [
            0.0,
            21.0
        ]
    },
    "metadata": {
        "score": {
            "total": 3.5953344,
            "gini_score": 0.9324,
            "sum_score": 3.856,
            "total_normalized": 0.8988336,
            "sum_normalized": 0.964
        },
        "params": {
            "rise_time": 1586,
            "fall_time": 1225,
            "omega": 13.595678832387364,
            "init_detuning": 7.037995932153137,
            "final_detuning": 7.954069040239982
        },
        "mis": [
            [
                0,
                2,
                4,
                6
            ]
        ],
        "mis_size": 4
    },
    "edges": [
        [
            0,
            1
        ],
        [
            1,
            2
        ],
        [
            2,
            3
        ],
        [
            3,
            4
        ],
        [
            4,
            5
        ],
        [
            5,
            6
        ]
    ]
}
