{
    "qubits": {
        "0": [
            0.0,
            -33.0
        ],
        "1": [
            0.0,
            -22.0
        ],
        "2": [
            0.0,
            -11.0
        ],
        "3": [
            0.0,
            0.0
        ],
        "4": [
            0.0,
            11.0
        ],
        "5": [
            0.0,
            22.0
        ],
        "6": [
            0.0,
            33.0
        ]
    },
    "metadata": {
        "score": {
            "total": 2.3340250857142855,
            "gini_score": 0.7736244897959182,
            "sum_score": 3.017,
            "total_normalized": 0.5835062714285714,
            "sum_normalized": 0.75425
        },
        "params": {
            "rise_time": 1232,
            "fall_time": 2934,
            "omega": 1.517228471382434,
            "init_detuning": 3.0437098460139187,
            "final_detuning": 0.3867478174102116
        },
        "mis": [
            [
                0,
                2,
                4,
                6
            ]
        ],
        "mis_size": 4
    },
    "edges": [
        [
            0,
            1
        ],
        [
            1,
            2
        ],
        [
            2,
            3
        ],
        [
            3,
            4
        ],
        [
            4,
            5
        ],
        [
            5,
            6
        ]
    ]
}
