{
    "qubits": {
        "q0": [
            -7.0,
            -7.0
        ],
        "q2": [
            6.01,
            -5.95
        ],
        "q3": [
            -7.0,
            0.0
        ],
        "q4": [
            0.0,
            0.0
        ],
        "q6": [
            -7.0,
            7.0
        ],
        "q7": [
            0.0,
            7.0
        ],
        "q8": [
            6.25,
            0.75
        ],
        "q1": [
            12.9,
            -3.12
        ]
    },
    "metadata": {
        "score": {
            "total": 2.163945209302326,
            "gini_score": 0.8993953488372094,
            "sum_score": 2.406,
            "total_normalized": 0.7213150697674421,
            "sum_normalized": 0.802
        },
        "params": {
            "rise_time": 1080,
            "fall_time": 3041,
            "omega": 11.289496831375686,
            "init_detuning": 6.528762253714446,
            "final_detuning": 7.995855028050619
        },
        "mis": [
            [
                0,
                4,
                6
            ],
            [
                0,
                4,
                7
            ],
            [
                0,
                5,
                7
            ]
        ],
        "mis_size": 3
    },
    "edges": [
        [
            0,
            1
        ],
        [
            0,
            3
        ],
        [
            0,
            2
        ],
        [
            1,
            7
        ],
        [
            1,
            6
        ],
        [
            1,
            3
        ],
        [
            2,
            4
        ],
        [
            2,
            3
        ],
        [
            2,
            5
        ],
        [
            4,
            3
        ],
        [
            4,
            5
        ],
        [
            3,
            6
        ],
        [
            3,
            5
        ],
        [
            6,
            7
        ],
        [
            6,
            5
        ]
    ]
}
