{
    "qubits": {
        "0": [
            -1.75,
            -9.093266739736606
        ],
        "1": [
            5.25,
            -9.093266739736606
        ],
        "2": [
            -5.25,
            -3.031088913245535
        ],
        "3": [
            1.75,
            -3.031088913245535
        ],
        "4": [
            -1.75,
            3.031088913245535
        ],
        "5": [
            5.25,
            3.031088913245535
        ],
        "6": [
            -5.25,
            9.093266739736606
        ],
        "7": [
            1.75,
            9.093266739736606
        ]
    },
    "metadata": {
        "score": {
            "total": 0.7381806818181819,
            "gini_score": 0.6620454545454546,
            "sum_score": 1.115,
            "total_normalized": 0.36909034090909093,
            "sum_normalized": 0.5575
        },
        "params": {
            "rise_time": 984,
            "fall_time": 109,
            "omega": 9.968549598275542,
            "init_detuning": 2.3341756927636257,
            "final_detuning": 3.4403410846499
        },
        "mis": [
            [
                0,
                5
            ],
            [
                0,
                6
            ],
            [
                0,
                7
            ],
            [
                1,
                4
            ],
            [
                1,
                6
            ],
            [
                1,
                7
            ],
            [
                2,
                7
            ],
            [
                3,
                6
            ]
        ],
        "mis_size": 2
    },
    "edges": [
        [
            3,
            4
        ],
        [
            3,
            7
        ],
        [
            3,
            1
        ],
        [
            3,
            5
        ],
        [
            3,
            0
        ],
        [
            3,
            2
        ],
        [
            4,
            6
        ],
        [
            4,
            5
        ],
        [
            4,
            2
        ],
        [
            4,
            0
        ],
        [
            4,
            7
        ],
        [
            7,
            5
        ],
        [
            7,
            6
        ],
        [
            6,
            5
        ],
        [
            6,
            2
        ],
        [
            5,
            2
        ],
        [
            5,
            1
        ],
        [
            0,
            2
        ],
        [
            0,
            1
        ],
        [
            2,
            1
        ]
    ]
}
