{
    "qubits": {
        "0": [
            -2.75,
            -14.289419162443238
        ],
        "1": [
            8.25,
            -14.289419162443238
        ],
        "2": [
            -8.25,
            -4.763139720814412
        ],
        "3": [
            2.75,
            -4.763139720814412
        ],
        "4": [
            -2.75,
            4.763139720814412
        ],
        "5": [
            8.25,
            4.763139720814412
        ],
        "6": [
            -8.25,
            14.289419162443238
        ],
        "7": [
            2.75,
            14.289419162443238
        ]
    },
    "metadata": {
        "score": {
            "total": 2.5929517308411216,
            "gini_score": 0.8631663551401869,
            "sum_score": 3.004,
            "total_normalized": 0.6482379327102804,
            "sum_normalized": 0.751
        },
        "params": {
            "rise_time": 845,
            "fall_time": 2866,
            "omega": 3.170681292632154,
            "init_detuning": 3.5099513361550834,
            "final_detuning": 2.1143252455104804
        },
        "mis": [
            [
                1,
                2,
                5,
                6
            ]
        ],
        "mis_size": 4
    },
    "edges": [
        [
            0,
            1
        ],
        [
            0,
            3
        ],
        [
            0,
            2
        ],
        [
            1,
            3
        ],
        [
            2,
            4
        ],
        [
            2,
            3
        ],
        [
            4,
            3
        ],
        [
            4,
            6
        ],
        [
            4,
            5
        ],
        [
            4,
            7
        ],
        [
            3,
            5
        ],
        [
            6,
            7
        ],
        [
            5,
            7
        ]
    ]
}
