{
    "qubits": {
        "0": [
            -1.5,
            -7.794228634059948
        ],
        "1": [
            4.5,
            -7.794228634059948
        ],
        "2": [
            -4.5,
            -2.598076211353316
        ],
        "3": [
            1.5,
            -2.598076211353316
        ],
        "4": [
            -1.5,
            2.598076211353316
        ],
        "5": [
            4.5,
            2.598076211353316
        ],
        "6": [
            -4.5,
            7.794228634059948
        ],
        "7": [
            1.5,
            7.794228634059948
        ]
    },
    "metadata": {
        "score": {
            "total": 1.3314463969230768,
            "gini_score": 0.7749076923076922,
            "sum_score": 1.7182,
            "total_normalized": 0.6657231984615384,
            "sum_normalized": 0.8591
        },
        "params": {
            "rise_time": 856,
            "fall_time": 2530,
            "omega": 2.284266816226692,
            "init_detuning": 3.158638635385935,
            "final_detuning": 2.2325807787169025
        },
        "mis": [
            [
                0,
                6
            ],
            [
                0,
                7
            ],
            [
                1,
                6
            ],
            [
                1,
                7
            ]
        ],
        "mis_size": 2
    },
    "edges": [
        [
            3,
            4
        ],
        [
            3,
            7
        ],
        [
            3,
            1
        ],
        [
            3,
            6
        ],
        [
            3,
            5
        ],
        [
            3,
            0
        ],
        [
            3,
            2
        ],
        [
            4,
            6
        ],
        [
            4,
            5
        ],
        [
            4,
            2
        ],
        [
            4,
            0
        ],
        [
            4,
            7
        ],
        [
            4,
            1
        ],
        [
            7,
            5
        ],
        [
            7,
            2
        ],
        [
            7,
            6
        ],
        [
            6,
            5
        ],
        [
            6,
            2
        ],
        [
            5,
            0
        ],
        [
            5,
            2
        ],
        [
            5,
            1
        ],
        [
            0,
            2
        ],
        [
            0,
            1
        ],
        [
            2,
            1
        ]
    ]
}
