{
    "qubits": {
        "0": [
            -2.0,
            -10.392304845413264
        ],
        "1": [
            6.0,
            -10.392304845413264
        ],
        "2": [
            -6.0,
            -3.4641016151377544
        ],
        "3": [
            2.0,
            -3.4641016151377544
        ],
        "4": [
            -2.0,
            3.4641016151377544
        ],
        "5": [
            6.0,
            3.4641016151377544
        ],
        "6": [
            -6.0,
            10.392304845413264
        ],
        "7": [
            2.0,
            10.392304845413264
        ]
    },
    "metadata": {
        "score": {
            "total": 3.554201945945946,
            "gini_score": 0.9333513513513514,
            "sum_score": 3.808,
            "total_normalized": 0.8885504864864865,
            "sum_normalized": 0.952
        },
        "params": {
            "rise_time": 1384,
            "fall_time": 2682,
            "omega": 13.816996581365832,
            "init_detuning": 7.912658002675597,
            "final_detuning": 7.071392396662267
        },
        "mis": [
            [
                1,
                2,
                5,
                6
            ]
        ],
        "mis_size": 4
    },
    "edges": [
        [
            0,
            1
        ],
        [
            0,
            3
        ],
        [
            0,
            2
        ],
        [
            1,
            3
        ],
        [
            2,
            4
        ],
        [
            2,
            3
        ],
        [
            4,
            3
        ],
        [
            4,
            6
        ],
        [
            4,
            5
        ],
        [
            4,
            7
        ],
        [
            3,
            5
        ],
        [
            6,
            7
        ],
        [
            5,
            7
        ]
    ]
}
