{
    "qubits": {
        "0": [
            -4.5,
            -13.5
        ],
        "1": [
            4.5,
            -13.5
        ],
        "2": [
            -4.5,
            -4.5
        ],
        "3": [
            4.5,
            -4.5
        ],
        "4": [
            -4.5,
            4.5
        ],
        "5": [
            4.5,
            4.5
        ],
        "6": [
            -4.5,
            13.5
        ],
        "7": [
            4.5,
            13.5
        ]
    },
    "metadata": {
        "score": {
            "total": 1.0128874201980196,
            "gini_score": 0.7871366336633663,
            "sum_score": 1.2868,
            "total_normalized": 0.5064437100990098,
            "sum_normalized": 0.6434
        },
        "params": {
            "rise_time": 588,
            "fall_time": 1373,
            "omega": 10.96587256940999,
            "init_detuning": 7.147459376334073,
            "final_detuning": 2.345205242699106
        },
        "mis": [
            [
                0,
                4
            ],
            [
                0,
                5
            ],
            [
                0,
                6
            ],
            [
                0,
                7
            ],
            [
                1,
                4
            ],
            [
                1,
                5
            ],
            [
                1,
                6
            ],
            [
                1,
                7
            ],
            [
                2,
                6
            ],
            [
                2,
                7
            ],
            [
                3,
                6
            ],
            [
                3,
                7
            ]
        ],
        "mis_size": 2
    },
    "edges": [
        [
            0,
            1
        ],
        [
            0,
            3
        ],
        [
            0,
            2
        ],
        [
            1,
            2
        ],
        [
            1,
            3
        ],
        [
            2,
            4
        ],
        [
            2,
            3
        ],
        [
            2,
            5
        ],
        [
            4,
            3
        ],
        [
            4,
            6
        ],
        [
            4,
            5
        ],
        [
            4,
            7
        ],
        [
            3,
            5
        ],
        [
            6,
            7
        ],
        [
            6,
            5
        ],
        [
            5,
            7
        ]
    ]
}
