{
    "qubits": {
        "0": [
            0.0,
            -24.5
        ],
        "1": [
            0.0,
            -17.5
        ],
        "2": [
            0.0,
            -10.5
        ],
        "3": [
            0.0,
            -3.5
        ],
        "4": [
            0.0,
            3.5
        ],
        "5": [
            0.0,
            10.5
        ],
        "6": [
            0.0,
            17.5
        ],
        "7": [
            0.0,
            24.5
        ]
    },
    "metadata": {
        "score": {
            "total": 3.5561984297142857,
            "gini_score": 0.8990742857142857,
            "sum_score": 3.9554,
            "total_normalized": 0.8890496074285714,
            "sum_normalized": 0.98885
        },
        "params": {
            "rise_time": 1627,
            "fall_time": 2593,
            "omega": 13.326863259364911,
            "init_detuning": 6.48543839947263,
            "final_detuning": 6.498231571082228
        },
        "mis": [
            [
                0,
                2,
                4,
                6
            ],
            [
                0,
                2,
                4,
                7
            ],
            [
                0,
                2,
                5,
                7
            ],
            [
                0,
                3,
                5,
                7
            ],
            [
                1,
                3,
                5,
                7
            ]
        ],
        "mis_size": 4
    },
    "edges": [
        [
            0,
            1
        ],
        [
            1,
            2
        ],
        [
            2,
            3
        ],
        [
            3,
            4
        ],
        [
            4,
            5
        ],
        [
            6,
            7
        ],
        [
            6,
            5
        ]
    ]
}
