{
    "qubits": {
        "q0": [
            -7.0,
            -7.0
        ],
        "q2": [
            7.0,
            -7.0
        ],
        "q3": [
            -7.0,
            0.0
        ],
        "q4": [
            0.0,
            0.0
        ],
        "q6": [
            -7.0,
            7.0
        ],
        "q7": [
            0.0,
            7.0
        ],
        "q8": [
            7.0,
            7.0
        ],
        "q1": [
            10.94,
            -0.12
        ]
    },
    "metadata": {
        "score": {
            "total": 3.4779483891891894,
            "gini_score": 0.9284432432432433,
            "sum_score": 3.746,
            "total_normalized": 0.8694870972972973,
            "sum_normalized": 0.9365
        },
        "params": {
            "rise_time": 1504,
            "fall_time": 2634,
            "omega": 11.89987002036794,
            "init_detuning": 7.903383685933478,
            "final_detuning": 5.778539858785541
        },
        "mis": [
            [
                0,
                1,
                4,
                6
            ]
        ],
        "mis_size": 4
    },
    "edges": [
        [
            2,
            4
        ],
        [
            2,
            3
        ],
        [
            2,
            0
        ],
        [
            2,
            5
        ],
        [
            4,
            3
        ],
        [
            4,
            5
        ],
        [
            3,
            7
        ],
        [
            3,
            0
        ],
        [
            3,
            6
        ],
        [
            3,
            1
        ],
        [
            3,
            5
        ],
        [
            7,
            5
        ],
        [
            7,
            6
        ],
        [
            7,
            1
        ],
        [
            5,
            6
        ]
    ]
}
