{
    "qubits": {
        "0": [
            -9.166666666666666,
            -9.526279441628825
        ],
        "1": [
            1.8333333333333335,
            -9.526279441628825
        ],
        "2": [
            12.833333333333334,
            -9.526279441628825
        ],
        "3": [
            -14.666666666666666,
            3.9474596431116675e-16
        ],
        "4": [
            -3.6666666666666665,
            3.9474596431116675e-16
        ],
        "5": [
            7.333333333333334,
            3.9474596431116675e-16
        ],
        "6": [
            -9.166666666666666,
            9.526279441628825
        ],
        "7": [
            1.8333333333333335,
            9.526279441628825
        ],
        "8": [
            12.833333333333334,
            9.526279441628825
        ]
    },
    "metadata": {
        "score": {
            "total": 2.51123776,
            "gini_score": 0.8672000000000001,
            "sum_score": 2.8958,
            "total_normalized": 0.62780944,
            "sum_normalized": 0.72395
        },
        "params": {
            "rise_time": 993,
            "fall_time": 2883,
            "omega": 3.149394188853457,
            "init_detuning": 2.145185440231116,
            "final_detuning": 1.9486223242209073
        },
        "mis": [
            [
                0,
                8,
                2,
                6
            ]
        ],
        "mis_size": 4
    },
    "edges": [
        [
            0,
            1
        ],
        [
            0,
            4
        ],
        [
            0,
            3
        ],
        [
            1,
            2
        ],
        [
            1,
            5
        ],
        [
            1,
            4
        ],
        [
            2,
            5
        ],
        [
            4,
            3
        ],
        [
            4,
            6
        ],
        [
            4,
            5
        ],
        [
            4,
            7
        ],
        [
            3,
            6
        ],
        [
            5,
            8
        ],
        [
            5,
            7
        ],
        [
            8,
            7
        ],
        [
            6,
            7
        ]
    ]
}
