{
    "qubits": {
        "0": [
            -6.666666666666666,
            -6.928203230275509
        ],
        "1": [
            1.3333333333333335,
            -6.928203230275509
        ],
        "2": [
            9.333333333333334,
            -6.928203230275509
        ],
        "3": [
            -10.666666666666666,
            1.9737298215558337e-16
        ],
        "4": [
            -2.6666666666666665,
            1.9737298215558337e-16
        ],
        "5": [
            5.333333333333334,
            1.9737298215558337e-16
        ],
        "6": [
            -6.666666666666666,
            6.928203230275509
        ],
        "7": [
            1.3333333333333335,
            6.928203230275509
        ],
        "8": [
            9.333333333333334,
            6.928203230275509
        ]
    },
    "metadata": {
        "score": {
            "total": 3.541890975,
            "gini_score": 0.935375,
            "sum_score": 3.7866,
            "total_normalized": 0.88547274375,
            "sum_normalized": 0.94665
        },
        "params": {
            "rise_time": 1586,
            "fall_time": 2410,
            "omega": 14.686982746701984,
            "init_detuning": 7.151012193682477,
            "final_detuning": 6.820459396168737
        },
        "mis": [
            [
                0,
                8,
                2,
                6
            ]
        ],
        "mis_size": 4
    },
    "edges": [
        [
            0,
            1
        ],
        [
            0,
            4
        ],
        [
            0,
            3
        ],
        [
            1,
            2
        ],
        [
            1,
            5
        ],
        [
            1,
            4
        ],
        [
            2,
            5
        ],
        [
            4,
            3
        ],
        [
            4,
            6
        ],
        [
            4,
            5
        ],
        [
            4,
            7
        ],
        [
            3,
            6
        ],
        [
            5,
            8
        ],
        [
            5,
            7
        ],
        [
            8,
            7
        ],
        [
            6,
            7
        ]
    ]
}
