{
    "qubits": {
        "0": [
            0.0,
            -24.0
        ],
        "1": [
            0.0,
            -18.0
        ],
        "2": [
            0.0,
            -12.0
        ],
        "3": [
            0.0,
            -6.0
        ],
        "4": [
            0.0,
            0.0
        ],
        "5": [
            0.0,
            6.0
        ],
        "6": [
            0.0,
            12.0
        ],
        "7": [
            0.0,
            18.0
        ],
        "8": [
            0.0,
            24.0
        ]
    },
    "metadata": {
        "score": {
            "total": 1.4725744799999998,
            "gini_score": 0.7270536585365853,
            "sum_score": 2.0254,
            "total_normalized": 0.49085815999999993,
            "sum_normalized": 0.6751333333333333
        },
        "params": {
            "rise_time": 666,
            "fall_time": 1882,
            "omega": 4.533898895364166,
            "init_detuning": 6.376026474404247,
            "final_detuning": 2.264597503114635
        },
        "mis": [
            [
                0,
                3,
                6
            ],
            [
                0,
                3,
                7
            ],
            [
                0,
                8,
                3
            ],
            [
                0,
                4,
                7
            ],
            [
                0,
                8,
                4
            ],
            [
                0,
                8,
                5
            ],
            [
                1,
                4,
                7
            ],
            [
                8,
                1,
                4
            ],
            [
                8,
                1,
                5
            ],
            [
                8,
                2,
                5
            ]
        ],
        "mis_size": 3
    },
    "edges": [
        [
            0,
            1
        ],
        [
            0,
            2
        ],
        [
            1,
            2
        ],
        [
            1,
            3
        ],
        [
            2,
            4
        ],
        [
            2,
            3
        ],
        [
            4,
            3
        ],
        [
            4,
            6
        ],
        [
            4,
            5
        ],
        [
            3,
            5
        ],
        [
            6,
            8
        ],
        [
            6,
            7
        ],
        [
            6,
            5
        ],
        [
            8,
            7
        ],
        [
            5,
            7
        ]
    ]
}
