{
    "qubits": {
        "0": [
            0.0,
            -44.0
        ],
        "1": [
            0.0,
            -33.0
        ],
        "2": [
            0.0,
            -22.0
        ],
        "3": [
            0.0,
            -11.0
        ],
        "4": [
            0.0,
            0.0
        ],
        "5": [
            0.0,
            11.0
        ],
        "6": [
            0.0,
            22.0
        ],
        "7": [
            0.0,
            33.0
        ],
        "8": [
            0.0,
            44.0
        ]
    },
    "metadata": {
        "score": {
            "total": 3.0408106666666668,
            "gini_score": 0.8106666666666668,
            "sum_score": 3.751,
            "total_normalized": 0.6081621333333334,
            "sum_normalized": 0.7502
        },
        "params": {
            "rise_time": 1279,
            "fall_time": 2690,
            "omega": 1.7301696272052982,
            "init_detuning": 3.0155991729792895,
            "final_detuning": 0.6099348012394483
        },
        "mis": [
            [
                0,
                2,
                4,
                6,
                8
            ]
        ],
        "mis_size": 5
    },
    "edges": [
        [
            0,
            1
        ],
        [
            1,
            2
        ],
        [
            2,
            3
        ],
        [
            3,
            4
        ],
        [
            4,
            5
        ],
        [
            6,
            7
        ],
        [
            6,
            5
        ],
        [
            7,
            8
        ]
    ]
}
