{
    "qubits": {
        "0": [
            -10.0,
            -10.0
        ],
        "1": [
            0.0,
            -10.0
        ],
        "2": [
            10.0,
            -10.0
        ],
        "3": [
            -10.0,
            0.0
        ],
        "4": [
            0.0,
            0.0
        ],
        "5": [
            10.0,
            0.0
        ],
        "6": [
            -10.0,
            10.0
        ],
        "7": [
            0.0,
            10.0
        ],
        "8": [
            10.0,
            10.0
        ]
    },
    "metadata": {
        "score": {
            "total": 4.461016182857143,
            "gini_score": 0.9534530612244897,
            "sum_score": 4.6788,
            "total_normalized": 0.8922032365714285,
            "sum_normalized": 0.9357599999999999
        },
        "params": {
            "rise_time": 217,
            "fall_time": 3288,
            "omega": 9.78026371288735,
            "init_detuning": 6.997874891799878,
            "final_detuning": 6.402737354843635
        },
        "mis": [
            [
                0,
                2,
                4,
                6,
                8
            ]
        ],
        "mis_size": 5
    },
    "edges": [
        [
            0,
            1
        ],
        [
            0,
            3
        ],
        [
            1,
            2
        ],
        [
            1,
            4
        ],
        [
            2,
            5
        ],
        [
            3,
            4
        ],
        [
            3,
            6
        ],
        [
            4,
            5
        ],
        [
            4,
            7
        ],
        [
            5,
            8
        ],
        [
            8,
            7
        ],
        [
            6,
            7
        ]
    ]
}
