{
    "qubits": {
        "0": [
            0.0,
            -32.0
        ],
        "1": [
            0.0,
            -24.0
        ],
        "2": [
            0.0,
            -16.0
        ],
        "3": [
            0.0,
            -8.0
        ],
        "4": [
            0.0,
            0.0
        ],
        "5": [
            0.0,
            8.0
        ],
        "6": [
            0.0,
            16.0
        ],
        "7": [
            0.0,
            24.0
        ],
        "8": [
            0.0,
            32.0
        ]
    },
    "metadata": {
        "score": {
            "total": 4.52778279245283,
            "gini_score": 0.9442716981132075,
            "sum_score": 4.795,
            "total_normalized": 0.9055565584905659,
            "sum_normalized": 0.959
        },
        "params": {
            "rise_time": 1492,
            "fall_time": 3160,
            "omega": 14.558723091328194,
            "init_detuning": 6.7478707443360255,
            "final_detuning": 7.400944621000701
        },
        "mis": [
            [
                0,
                2,
                4,
                6,
                8
            ]
        ],
        "mis_size": 5
    },
    "edges": [
        [
            0,
            1
        ],
        [
            1,
            2
        ],
        [
            2,
            3
        ],
        [
            3,
            4
        ],
        [
            4,
            5
        ],
        [
            6,
            7
        ],
        [
            6,
            5
        ],
        [
            7,
            8
        ]
    ]
}
