{
    "qubits": {
        "0": [
            -8.0,
            -8.0
        ],
        "1": [
            0.0,
            -8.0
        ],
        "2": [
            8.0,
            -8.0
        ],
        "3": [
            -8.0,
            0.0
        ],
        "4": [
            0.0,
            0.0
        ],
        "5": [
            8.0,
            0.0
        ],
        "6": [
            -8.0,
            8.0
        ],
        "7": [
            0.0,
            8.0
        ],
        "8": [
            8.0,
            8.0
        ]
    },
    "metadata": {
        "score": {
            "total": 3.161073378461539,
            "gini_score": 0.9280351648351649,
            "sum_score": 3.4062,
            "total_normalized": 0.7902683446153848,
            "sum_normalized": 0.85155
        },
        "params": {
            "rise_time": 1056,
            "fall_time": 2574,
            "omega": 14.750673351837849,
            "init_detuning": 4.807134344313015,
            "final_detuning": 5.553689007492883
        },
        "mis": [
            [
                0,
                8,
                2,
                6
            ]
        ],
        "mis_size": 4
    },
    "edges": [
        [
            3,
            4
        ],
        [
            3,
            7
        ],
        [
            3,
            1
        ],
        [
            3,
            6
        ],
        [
            3,
            0
        ],
        [
            4,
            6
        ],
        [
            4,
            5
        ],
        [
            4,
            8
        ],
        [
            4,
            2
        ],
        [
            4,
            0
        ],
        [
            4,
            7
        ],
        [
            4,
            1
        ],
        [
            7,
            5
        ],
        [
            7,
            6
        ],
        [
            7,
            8
        ],
        [
            5,
            2
        ],
        [
            5,
            1
        ],
        [
            5,
            8
        ],
        [
            2,
            1
        ],
        [
            1,
            0
        ]
    ]
}
