{
    "qubits": {
        "0": [
            -7.7,
            -19.05255888325765
        ],
        "1": [
            3.3,
            -19.05255888325765
        ],
        "2": [
            -2.2,
            -9.526279441628825
        ],
        "3": [
            8.8,
            -9.526279441628825
        ],
        "4": [
            -7.7,
            0.0
        ],
        "5": [
            3.3,
            0.0
        ],
        "6": [
            -2.2,
            9.526279441628825
        ],
        "7": [
            8.8,
            9.526279441628825
        ],
        "8": [
            -7.7,
            19.05255888325765
        ],
        "9": [
            3.3,
            19.05255888325765
        ]
    },
    "metadata": {
        "score": {
            "total": 3.6173728191616767,
            "gini_score": 0.8937964071856287,
            "sum_score": 4.0472
        },
        "params": {
            "rise_time": 1152,
            "fall_time": 2545,
            "omega": 3.038348073106725,
            "init_detuning": 2.20092252806907,
            "final_detuning": 1.8568500829010244
        }
    }
}
