{
    "qubits": {
        "0": [
            -4.2,
            -10.392304845413264
        ],
        "1": [
            1.7999999999999998,
            -10.392304845413264
        ],
        "2": [
            -1.2000000000000002,
            -5.196152422706632
        ],
        "3": [
            4.8,
            -5.196152422706632
        ],
        "4": [
            -4.2,
            0.0
        ],
        "5": [
            1.7999999999999998,
            0.0
        ],
        "6": [
            -1.2000000000000002,
            5.196152422706632
        ],
        "7": [
            4.8,
            5.196152422706632
        ],
        "8": [
            -4.2,
            10.392304845413264
        ],
        "9": [
            1.7999999999999998,
            10.392304845413264
        ]
    },
    "metadata": {
        "score": {
            "total": 1.2050617221818183,
            "gini_score": 0.7591418181818183,
            "sum_score": 1.5874
        },
        "params": {
            "rise_time": 713,
            "fall_time": 1868,
            "omega": 2.8092533082759554,
            "init_detuning": 3.0438590872924514,
            "final_detuning": 1.8656178728269595
        }
    }
}
