{
    "qubits": {
        "0": [
            -6.3,
            -15.588457268119894
        ],
        "1": [
            2.7,
            -15.588457268119894
        ],
        "2": [
            -1.7999999999999998,
            -7.794228634059947
        ],
        "3": [
            7.2,
            -7.794228634059947
        ],
        "4": [
            -6.3,
            -3.552713678800501e-16
        ],
        "5": [
            2.7,
            -3.552713678800501e-16
        ],
        "6": [
            -1.7999999999999998,
            7.794228634059947
        ],
        "7": [
            7.2,
            7.794228634059947
        ],
        "8": [
            -6.3,
            15.588457268119894
        ],
        "9": [
            2.7,
            15.588457268119894
        ]
    },
    "metadata": {
        "score": {
            "total": 4.447121937777778,
            "gini_score": 0.9499555555555556,
            "sum_score": 4.6814,
            "total_normalized": 0.8894243875555556,
            "sum_normalized": 0.93628
        },
        "params": {
            "rise_time": 1419,
            "fall_time": 1973,
            "omega": 14.276339758988305,
            "init_detuning": 7.86695090619629,
            "final_detuning": 7.14286442886049
        },
        "mis": [
            [
                0,
                3,
                4,
                7,
                8
            ]
        ],
        "mis_size": 5
    },
    "edges": [
        [
            0,
            1
        ],
        [
            0,
            2
        ],
        [
            1,
            2
        ],
        [
            1,
            3
        ],
        [
            2,
            4
        ],
        [
            2,
            3
        ],
        [
            2,
            5
        ],
        [
            4,
            6
        ],
        [
            4,
            5
        ],
        [
            6,
            9
        ],
        [
            6,
            8
        ],
        [
            6,
            7
        ],
        [
            6,
            5
        ],
        [
            9,
            7
        ],
        [
            9,
            8
        ],
        [
            5,
            7
        ],
        [
            5,
            3
        ]
    ]
}
