{
    "qubits": {
        "0": [
            0.0,
            -45.0
        ],
        "1": [
            0.0,
            -35.0
        ],
        "2": [
            0.0,
            -25.0
        ],
        "3": [
            0.0,
            -15.0
        ],
        "4": [
            0.0,
            -5.0
        ],
        "5": [
            0.0,
            5.0
        ],
        "6": [
            0.0,
            15.0
        ],
        "7": [
            0.0,
            25.0
        ],
        "8": [
            0.0,
            35.0
        ],
        "9": [
            0.0,
            45.0
        ]
    },
    "metadata": {
        "score": {
            "total": 3.4644777916483513,
            "gini_score": 0.832167032967033,
            "sum_score": 4.1632
        },
        "params": {
            "rise_time": 664,
            "fall_time": 2391,
            "omega": 4.795237927781967,
            "init_detuning": 4.990974806190051,
            "final_detuning": 2.058395962738368
        }
    }
}
