{
    "qubits": {
        "0": [
            -5.0,
            -20.0
        ],
        "1": [
            5.0,
            -20.0
        ],
        "2": [
            -5.0,
            -10.0
        ],
        "3": [
            5.0,
            -10.0
        ],
        "4": [
            -5.0,
            0.0
        ],
        "5": [
            5.0,
            0.0
        ],
        "6": [
            -5.0,
            10.0
        ],
        "7": [
            5.0,
            10.0
        ],
        "8": [
            -5.0,
            20.0
        ],
        "9": [
            5.0,
            20.0
        ]
    },
    "metadata": {
        "score": {
            "total": 3.479224017324841,
            "gini_score": 0.8698929936305733,
            "sum_score": 3.9996,
            "total_normalized": 0.6958448034649682,
            "sum_normalized": 0.79992
        },
        "params": {
            "rise_time": 413,
            "fall_time": 3229,
            "omega": 6.446555356749867,
            "init_detuning": 4.290964915441788,
            "final_detuning": 3.8634116821905202
        },
        "mis": [
            [
                0,
                3,
                4,
                7,
                8
            ],
            [
                1,
                2,
                5,
                6,
                9
            ]
        ],
        "mis_size": 5
    },
    "edges": [
        [
            0,
            1
        ],
        [
            0,
            2
        ],
        [
            1,
            3
        ],
        [
            2,
            4
        ],
        [
            2,
            3
        ],
        [
            4,
            6
        ],
        [
            4,
            5
        ],
        [
            6,
            8
        ],
        [
            6,
            7
        ],
        [
            8,
            9
        ],
        [
            5,
            7
        ],
        [
            5,
            3
        ],
        [
            7,
            9
        ]
    ]
}
