{
    "qubits": {
        "0": [
            -4.5,
            -18.0
        ],
        "1": [
            4.5,
            -18.0
        ],
        "2": [
            -4.5,
            -9.0
        ],
        "3": [
            4.5,
            -9.0
        ],
        "4": [
            -4.5,
            0.0
        ],
        "5": [
            4.5,
            0.0
        ],
        "6": [
            -4.5,
            9.0
        ],
        "7": [
            4.5,
            9.0
        ],
        "8": [
            -4.5,
            18.0
        ],
        "9": [
            4.5,
            18.0
        ]
    },
    "metadata": {
        "score": {
            "total": 1.0942316307692308,
            "gini_score": 0.6665641025641026,
            "sum_score": 1.6416
        },
        "params": {
            "rise_time": 388,
            "fall_time": 3190,
            "omega": 2.381304327187242,
            "init_detuning": 5.104185036525584,
            "final_detuning": 1.7531572589023727
        }
    }
}
