{
    "qubits": {
        "0": [
            -3.0,
            -12.0
        ],
        "1": [
            3.0,
            -12.0
        ],
        "2": [
            -3.0,
            -6.0
        ],
        "3": [
            3.0,
            -6.0
        ],
        "4": [
            -3.0,
            0.0
        ],
        "5": [
            3.0,
            0.0
        ],
        "6": [
            -3.0,
            6.0
        ],
        "7": [
            3.0,
            6.0
        ],
        "8": [
            -3.0,
            12.0
        ],
        "9": [
            3.0,
            12.0
        ]
    },
    "metadata": {
        "score": {
            "total": 1.5108561305263155,
            "gini_score": 0.7646807017543858,
            "sum_score": 1.9758
        },
        "params": {
            "rise_time": 764,
            "fall_time": 3120,
            "omega": 3.594351183973036,
            "init_detuning": 2.0650097489075074,
            "final_detuning": 5.162807030224123
        }
    }
}
