{
    "qubits": {
        "0": [
            -5.5,
            -22.0
        ],
        "1": [
            5.5,
            -22.0
        ],
        "2": [
            -5.5,
            -11.0
        ],
        "3": [
            5.5,
            -11.0
        ],
        "4": [
            -5.5,
            0.0
        ],
        "5": [
            5.5,
            0.0
        ],
        "6": [
            -5.5,
            11.0
        ],
        "7": [
            5.5,
            11.0
        ],
        "8": [
            -5.5,
            22.0
        ],
        "9": [
            5.5,
            22.0
        ]
    },
    "metadata": {
        "score": {
            "total": 2.480505415,
            "gini_score": 0.7754972222222223,
            "sum_score": 3.1986
        },
        "params": {
            "rise_time": 1452,
            "fall_time": 2424,
            "omega": 2.718935303652619,
            "init_detuning": 1.3256656039112105,
            "final_detuning": 2.0837008141027358
        }
    }
}
