{
    "qubits": {
        "0": [
            0.0,
            -49.5
        ],
        "1": [
            0.0,
            -38.5
        ],
        "2": [
            0.0,
            -27.5
        ],
        "3": [
            0.0,
            -16.5
        ],
        "4": [
            0.0,
            -5.5
        ],
        "5": [
            0.0,
            5.5
        ],
        "6": [
            0.0,
            16.5
        ],
        "7": [
            0.0,
            27.5
        ],
        "8": [
            0.0,
            38.5
        ],
        "9": [
            0.0,
            49.5
        ]
    },
    "metadata": {
        "score": {
            "total": 2.895004970375427,
            "gini_score": 0.7783945392491468,
            "sum_score": 3.7192,
            "total_normalized": 0.5790009940750853,
            "sum_normalized": 0.74384
        },
        "params": {
            "rise_time": 1264,
            "fall_time": 2767,
            "omega": 1.507041956114044,
            "init_detuning": 3.6322799331614535,
            "final_detuning": 0.703979164529444
        },
        "mis": [
            [
                0,
                2,
                4,
                6,
                8
            ],
            [
                0,
                2,
                4,
                6,
                9
            ],
            [
                0,
                2,
                4,
                7,
                9
            ],
            [
                0,
                2,
                5,
                7,
                9
            ],
            [
                0,
                3,
                5,
                7,
                9
            ],
            [
                1,
                3,
                5,
                7,
                9
            ]
        ],
        "mis_size": 5
    },
    "edges": [
        [
            0,
            1
        ],
        [
            1,
            2
        ],
        [
            2,
            3
        ],
        [
            3,
            4
        ],
        [
            4,
            5
        ],
        [
            6,
            7
        ],
        [
            6,
            5
        ],
        [
            7,
            8
        ],
        [
            8,
            9
        ]
    ]
}
