{
    "qubits": {
        "0": [
            0.0,
            -31.5
        ],
        "1": [
            0.0,
            -24.5
        ],
        "2": [
            0.0,
            -17.5
        ],
        "3": [
            0.0,
            -10.5
        ],
        "4": [
            0.0,
            -3.5
        ],
        "5": [
            0.0,
            3.5
        ],
        "6": [
            0.0,
            10.5
        ],
        "7": [
            0.0,
            17.5
        ],
        "8": [
            0.0,
            24.5
        ],
        "9": [
            0.0,
            31.5
        ]
    },
    "metadata": {
        "score": {
            "total": 4.404347870769231,
            "gini_score": 0.9050153846153847,
            "sum_score": 4.8666
        },
        "params": {
            "rise_time": 1335,
            "fall_time": 1663,
            "omega": 10.603648028177398,
            "init_detuning": 6.719594579146196,
            "final_detuning": 7.358717691020385
        }
    }
}
