{
    "qubits": {
        "0": [
            0.0,
            -40.5
        ],
        "1": [
            0.0,
            -31.5
        ],
        "2": [
            0.0,
            -22.5
        ],
        "3": [
            0.0,
            -13.5
        ],
        "4": [
            0.0,
            -4.5
        ],
        "5": [
            0.0,
            4.5
        ],
        "6": [
            0.0,
            13.5
        ],
        "7": [
            0.0,
            22.5
        ],
        "8": [
            0.0,
            31.5
        ],
        "9": [
            0.0,
            40.5
        ]
    },
    "metadata": {
        "score": {
            "total": 4.344262982,
            "gini_score": 0.9184100000000001,
            "sum_score": 4.7302,
            "total_normalized": 0.8688525964,
            "sum_normalized": 0.94604
        },
        "params": {
            "rise_time": 362,
            "fall_time": 2198,
            "omega": 6.616665969597305,
            "init_detuning": 5.9264389323062385,
            "final_detuning": 4.983819332488437
        },
        "mis": [
            [
                0,
                2,
                4,
                6,
                8
            ],
            [
                0,
                2,
                4,
                6,
                9
            ],
            [
                0,
                2,
                4,
                7,
                9
            ],
            [
                0,
                2,
                5,
                7,
                9
            ],
            [
                0,
                3,
                5,
                7,
                9
            ],
            [
                1,
                3,
                5,
                7,
                9
            ]
        ],
        "mis_size": 5
    },
    "edges": [
        [
            0,
            1
        ],
        [
            1,
            2
        ],
        [
            2,
            3
        ],
        [
            3,
            4
        ],
        [
            4,
            5
        ],
        [
            6,
            7
        ],
        [
            6,
            5
        ],
        [
            7,
            8
        ],
        [
            8,
            9
        ]
    ]
}
