{
    "qubits": {
        "0": [
            0.0,
            -31.5
        ],
        "1": [
            0.0,
            -24.5
        ],
        "2": [
            0.0,
            -17.5
        ],
        "3": [
            0.0,
            -10.5
        ],
        "4": [
            0.0,
            -3.5
        ],
        "5": [
            0.0,
            3.5
        ],
        "6": [
            0.0,
            10.5
        ],
        "7": [
            0.0,
            17.5
        ],
        "8": [
            0.0,
            24.5
        ],
        "9": [
            0.0,
            31.5
        ]
    },
    "metadata": {
        "score": {
            "total": 4.407940553846154,
            "gini_score": 0.8966153846153846,
            "sum_score": 4.9162,
            "total_normalized": 0.8815881107692307,
            "sum_normalized": 0.98324
        },
        "params": {
            "rise_time": 992,
            "fall_time": 1827,
            "omega": 14.11561078250448,
            "init_detuning": 7.852103246875286,
            "final_detuning": 7.544819569491204
        },
        "mis": [
            [
                0,
                2,
                4,
                6,
                8
            ],
            [
                0,
                2,
                4,
                6,
                9
            ],
            [
                0,
                2,
                4,
                7,
                9
            ],
            [
                0,
                2,
                5,
                7,
                9
            ],
            [
                0,
                3,
                5,
                7,
                9
            ],
            [
                1,
                3,
                5,
                7,
                9
            ]
        ],
        "mis_size": 5
    },
    "edges": [
        [
            0,
            1
        ],
        [
            1,
            2
        ],
        [
            2,
            3
        ],
        [
            3,
            4
        ],
        [
            4,
            5
        ],
        [
            6,
            7
        ],
        [
            6,
            5
        ],
        [
            7,
            8
        ],
        [
            8,
            9
        ]
    ]
}
