{
    "qubits": {
        "0": [
            0.0,
            -27.0
        ],
        "1": [
            0.0,
            -21.0
        ],
        "2": [
            0.0,
            -15.0
        ],
        "3": [
            0.0,
            -9.0
        ],
        "4": [
            0.0,
            -3.0
        ],
        "5": [
            0.0,
            3.0
        ],
        "6": [
            0.0,
            9.0
        ],
        "7": [
            0.0,
            15.0
        ],
        "8": [
            0.0,
            21.0
        ],
        "9": [
            0.0,
            27.0
        ]
    },
    "metadata": {
        "score": {
            "total": 1.2123414656934308,
            "gini_score": 0.5970948905109489,
            "sum_score": 2.0304,
            "total_normalized": 0.3030853664233577,
            "sum_normalized": 0.5076
        },
        "params": {
            "rise_time": 1330,
            "fall_time": 2283,
            "omega": 8.391614470344482,
            "init_detuning": 3.0824001233305394,
            "final_detuning": 1.5152925218836562
        },
        "mis": [
            [
                0,
                9,
                3,
                6
            ]
        ],
        "mis_size": 4
    },
    "edges": [
        [
            0,
            1
        ],
        [
            0,
            2
        ],
        [
            1,
            2
        ],
        [
            1,
            3
        ],
        [
            2,
            4
        ],
        [
            2,
            3
        ],
        [
            4,
            3
        ],
        [
            4,
            6
        ],
        [
            4,
            5
        ],
        [
            3,
            5
        ],
        [
            6,
            8
        ],
        [
            6,
            7
        ],
        [
            6,
            5
        ],
        [
            8,
            7
        ],
        [
            8,
            9
        ],
        [
            5,
            7
        ],
        [
            7,
            9
        ]
    ]
}
