{
    "qubits": {
        "0": [
            0.0,
            -27.0
        ],
        "1": [
            0.0,
            -21.0
        ],
        "2": [
            0.0,
            -15.0
        ],
        "3": [
            0.0,
            -9.0
        ],
        "4": [
            0.0,
            -3.0
        ],
        "5": [
            0.0,
            3.0
        ],
        "6": [
            0.0,
            9.0
        ],
        "7": [
            0.0,
            15.0
        ],
        "8": [
            0.0,
            21.0
        ],
        "9": [
            0.0,
            27.0
        ]
    },
    "metadata": {
        "score": {
            "total": 1.3972514943999998,
            "gini_score": 0.6913663999999999,
            "sum_score": 2.021
        },
        "params": {
            "rise_time": 782,
            "fall_time": 2685,
            "omega": 3.04618126216268,
            "init_detuning": 3.109833312916897,
            "final_detuning": 1.1784222668879032
        }
    }
}
