{
    "qubits": {
        "0": [
            0.0,
            -36.0
        ],
        "1": [
            0.0,
            -28.0
        ],
        "2": [
            0.0,
            -20.0
        ],
        "3": [
            0.0,
            -12.0
        ],
        "4": [
            0.0,
            -4.0
        ],
        "5": [
            0.0,
            4.0
        ],
        "6": [
            0.0,
            12.0
        ],
        "7": [
            0.0,
            20.0
        ],
        "8": [
            0.0,
            28.0
        ],
        "9": [
            0.0,
            36.0
        ]
    },
    "metadata": {
        "score": {
            "total": 4.345088566857143,
            "gini_score": 0.8934628571428571,
            "sum_score": 4.8632,
            "total_normalized": 0.8690177133714286,
            "sum_normalized": 0.97264
        },
        "params": {
            "rise_time": 811,
            "fall_time": 1778,
            "omega": 10.020726155520382,
            "init_detuning": 6.787627506458152,
            "final_detuning": 6.514512703159916
        },
        "mis": [
            [
                0,
                2,
                4,
                6,
                8
            ],
            [
                0,
                2,
                4,
                6,
                9
            ],
            [
                0,
                2,
                4,
                7,
                9
            ],
            [
                0,
                2,
                5,
                7,
                9
            ],
            [
                0,
                3,
                5,
                7,
                9
            ],
            [
                1,
                3,
                5,
                7,
                9
            ]
        ],
        "mis_size": 5
    },
    "edges": [
        [
            0,
            1
        ],
        [
            1,
            2
        ],
        [
            2,
            3
        ],
        [
            3,
            4
        ],
        [
            4,
            5
        ],
        [
            6,
            7
        ],
        [
            6,
            5
        ],
        [
            7,
            8
        ],
        [
            8,
            9
        ]
    ]
}
