{
    "qubits": {
        "0": [
            -3.5,
            -14.0
        ],
        "1": [
            3.5,
            -14.0
        ],
        "2": [
            -3.5,
            -7.0
        ],
        "3": [
            3.5,
            -7.0
        ],
        "4": [
            -3.5,
            0.0
        ],
        "5": [
            3.5,
            0.0
        ],
        "6": [
            -3.5,
            7.0
        ],
        "7": [
            3.5,
            7.0
        ],
        "8": [
            -3.5,
            14.0
        ],
        "9": [
            3.5,
            14.0
        ]
    },
    "metadata": {
        "score": {
            "total": 2.2253025883544306,
            "gini_score": 0.8252253164556962,
            "sum_score": 2.6966
        },
        "params": {
            "rise_time": 232,
            "fall_time": 2750,
            "omega": 6.784206140400418,
            "init_detuning": 6.34592954144445,
            "final_detuning": 5.746059499775976
        }
    }
}
