{
    "qubits": {
        "0": [
            0.0,
            -49.5
        ],
        "1": [
            0.0,
            -38.5
        ],
        "2": [
            0.0,
            -27.5
        ],
        "3": [
            0.0,
            -16.5
        ],
        "4": [
            0.0,
            -5.5
        ],
        "5": [
            0.0,
            5.5
        ],
        "6": [
            0.0,
            16.5
        ],
        "7": [
            0.0,
            27.5
        ],
        "8": [
            0.0,
            38.5
        ],
        "9": [
            0.0,
            49.5
        ]
    },
    "metadata": {
        "score": {
            "total": 2.6559033971428567,
            "gini_score": 0.7422871428571428,
            "sum_score": 3.578
        },
        "params": {
            "rise_time": 1629,
            "fall_time": 3060,
            "omega": 2.2624712441749635,
            "init_detuning": 1.625576861774468,
            "final_detuning": 0.9492736475903211
        }
    }
}
