{
    "qubits": {
        "0": [
            0.0,
            -36.0
        ],
        "1": [
            0.0,
            -28.0
        ],
        "2": [
            0.0,
            -20.0
        ],
        "3": [
            0.0,
            -12.0
        ],
        "4": [
            0.0,
            -4.0
        ],
        "5": [
            0.0,
            4.0
        ],
        "6": [
            0.0,
            12.0
        ],
        "7": [
            0.0,
            20.0
        ],
        "8": [
            0.0,
            28.0
        ],
        "9": [
            0.0,
            36.0
        ]
    },
    "metadata": {
        "score": {
            "total": 4.1300979456,
            "gini_score": 0.8813696,
            "sum_score": 4.686
        },
        "params": {
            "rise_time": 1539,
            "fall_time": 1414,
            "omega": 6.301697446748859,
            "init_detuning": 3.002912441771369,
            "final_detuning": 4.86387283411439
        }
    }
}
