{
    "qubits": {
        "0": [
            -4.0,
            -16.0
        ],
        "1": [
            4.0,
            -16.0
        ],
        "2": [
            -4.0,
            -8.0
        ],
        "3": [
            4.0,
            -8.0
        ],
        "4": [
            -4.0,
            0.0
        ],
        "5": [
            4.0,
            0.0
        ],
        "6": [
            -4.0,
            8.0
        ],
        "7": [
            4.0,
            8.0
        ],
        "8": [
            -4.0,
            16.0
        ],
        "9": [
            4.0,
            16.0
        ]
    },
    "metadata": {
        "score": {
            "total": 1.22687026870229,
            "gini_score": 0.7494625954198473,
            "sum_score": 1.637
        },
        "params": {
            "rise_time": 1638,
            "fall_time": 1497,
            "omega": 11.177453990112497,
            "init_detuning": 4.661827111391803,
            "final_detuning": 1.672435327813493
        }
    }
}
