{
    "qubits": {
        "0": [
            -4.0,
            -16.0
        ],
        "1": [
            4.0,
            -16.0
        ],
        "2": [
            -4.0,
            -8.0
        ],
        "3": [
            4.0,
            -8.0
        ],
        "4": [
            -4.0,
            0.0
        ],
        "5": [
            4.0,
            0.0
        ],
        "6": [
            -4.0,
            8.0
        ],
        "7": [
            4.0,
            8.0
        ],
        "8": [
            -4.0,
            16.0
        ],
        "9": [
            4.0,
            16.0
        ]
    },
    "metadata": {
        "score": {
            "total": 1.3038083975757577,
            "gini_score": 0.7364484848484849,
            "sum_score": 1.7704,
            "total_normalized": 0.43460279919191924,
            "sum_normalized": 0.5901333333333333
        },
        "params": {
            "rise_time": 533,
            "fall_time": 2746,
            "omega": 9.288331125202976,
            "init_detuning": 3.8953570979126546,
            "final_detuning": 2.392552319028646
        },
        "mis": [
            [
                0,
                8,
                4
            ],
            [
                0,
                9,
                4
            ],
            [
                0,
                8,
                5
            ],
            [
                0,
                9,
                5
            ],
            [
                8,
                1,
                4
            ],
            [
                1,
                4,
                9
            ],
            [
                8,
                1,
                5
            ],
            [
                1,
                5,
                9
            ]
        ],
        "mis_size": 3
    },
    "edges": [
        [
            3,
            4
        ],
        [
            3,
            1
        ],
        [
            3,
            5
        ],
        [
            3,
            0
        ],
        [
            3,
            2
        ],
        [
            4,
            6
        ],
        [
            4,
            5
        ],
        [
            4,
            2
        ],
        [
            4,
            7
        ],
        [
            6,
            8
        ],
        [
            6,
            5
        ],
        [
            6,
            7
        ],
        [
            6,
            9
        ],
        [
            5,
            7
        ],
        [
            5,
            2
        ],
        [
            7,
            9
        ],
        [
            7,
            8
        ],
        [
            0,
            2
        ],
        [
            0,
            1
        ],
        [
            2,
            1
        ],
        [
            8,
            9
        ]
    ]
}
