{
    "qubits": {
        "0": [
            1.5909090909090908,
            -30.31088913245535
        ],
        "1": [
            -1.9090909090909092,
            -24.24871130596428
        ],
        "2": [
            1.5909090909090908,
            -18.186533479473212
        ],
        "3": [
            -1.9090909090909092,
            -12.124355652982143
        ],
        "4": [
            1.5909090909090908,
            -6.062177826491071
        ],
        "5": [
            -1.9090909090909092,
            -9.689219124001365e-16
        ],
        "6": [
            1.5909090909090908,
            6.0621778264910695
        ],
        "7": [
            -1.9090909090909092,
            12.124355652982139
        ],
        "8": [
            1.5909090909090908,
            18.186533479473212
        ],
        "9": [
            -1.9090909090909092,
            24.24871130596428
        ],
        "10": [
            1.5909090909090908,
            30.31088913245535
        ]
    },
    "metadata": {
        "score": {
            "total": 1.2579536800000002,
            "gini_score": 0.6844888888888889,
            "sum_score": 1.8378
        },
        "params": {
            "rise_time": 1558,
            "fall_time": 2793,
            "omega": 2.9030466139993703,
            "init_detuning": 6.089911516474198,
            "final_detuning": 1.2882633239953996
        }
    }
}
