{
    "qubits": {
        "0": [
            2.5,
            -47.63139720814412
        ],
        "1": [
            -3.0,
            -38.1051177665153
        ],
        "2": [
            2.5,
            -28.57883832488648
        ],
        "3": [
            -3.0,
            -19.052558883257653
        ],
        "4": [
            2.5,
            -9.526279441628827
        ],
        "5": [
            -3.0,
            -1.937843824800273e-15
        ],
        "6": [
            2.5,
            9.526279441628823
        ],
        "7": [
            -3.0,
            19.052558883257646
        ],
        "8": [
            2.5,
            28.578838324886473
        ],
        "9": [
            -3.0,
            38.1051177665153
        ],
        "10": [
            2.5,
            47.63139720814412
        ]
    },
    "metadata": {
        "score": {
            "total": 2.659277793187773,
            "gini_score": 0.7284096069868996,
            "sum_score": 3.6508,
            "total_normalized": 0.4432129655312955,
            "sum_normalized": 0.6084666666666666
        },
        "params": {
            "rise_time": 239,
            "fall_time": 2756,
            "omega": 1.5253084289621865,
            "init_detuning": 7.312287638733682,
            "final_detuning": 0.4532395466917114
        },
        "mis": [
            [
                0,
                2,
                4,
                6,
                8,
                10
            ]
        ],
        "mis_size": 6
    },
    "edges": [
        [
            0,
            1
        ],
        [
            1,
            2
        ],
        [
            9,
            10
        ],
        [
            9,
            8
        ],
        [
            2,
            3
        ],
        [
            3,
            4
        ],
        [
            4,
            5
        ],
        [
            6,
            7
        ],
        [
            6,
            5
        ],
        [
            7,
            8
        ]
    ]
}
