{
    "qubits": {
        "0": [
            2.272727272727273,
            -43.301270189221924
        ],
        "1": [
            -2.727272727272727,
            -34.64101615137754
        ],
        "2": [
            2.272727272727273,
            -25.98076211353316
        ],
        "3": [
            -2.727272727272727,
            -17.32050807568877
        ],
        "4": [
            2.272727272727273,
            -8.660254037844384
        ],
        "5": [
            -2.727272727272727,
            1.2918958832001822e-15
        ],
        "6": [
            2.272727272727273,
            8.660254037844387
        ],
        "7": [
            -2.727272727272727,
            17.32050807568877
        ],
        "8": [
            2.272727272727273,
            25.98076211353316
        ],
        "9": [
            -2.727272727272727,
            34.64101615137754
        ],
        "10": [
            2.272727272727273,
            43.301270189221924
        ]
    },
    "metadata": {
        "score": {
            "total": 4.0769191192356695,
            "gini_score": 0.8759656050955416,
            "sum_score": 4.6542
        },
        "params": {
            "rise_time": 741,
            "fall_time": 2793,
            "omega": 4.5222735889315056,
            "init_detuning": 1.8104476558466327,
            "final_detuning": 4.073767662700105
        }
    }
}
