{
    "qubits": {
        "0": [
            0.0,
            -10.0
        ],
        "1": [
            0.0,
            0.0
        ],
        "2": [
            0.0,
            10.0
        ]
    },
    "metadata": {
        "score": {
            "total": 1.60503195,
            "gini_score": 0.83465,
            "sum_score": 1.923,
            "total_normalized": 0.802515975,
            "sum_normalized": 0.9615
        },
        "params": {
            "rise_time": 528,
            "fall_time": 2744,
            "omega": 7.008481149468188,
            "init_detuning": 4.7708517886281285,
            "final_detuning": 3.1808334323642558
        },
        "mis": [
            [
                0,
                2
            ]
        ],
        "mis_size": 2
    },
    "edges": [
        [
            0,
            1
        ],
        [
            1,
            2
        ]
    ]
}
