{
    "qubits": {
        "0": [
            0.0,
            -7.0
        ],
        "1": [
            0.0,
            0.0
        ],
        "2": [
            0.0,
            7.0
        ]
    },
    "metadata": {
        "score": {
            "total": 1.3053545919999998,
            "gini_score": 0.7115199999999999,
            "sum_score": 1.8346,
            "total_normalized": 0.6526772959999999,
            "sum_normalized": 0.9173
        },
        "params": {
            "rise_time": 1275,
            "fall_time": 1452,
            "omega": 12.414151407962391,
            "init_detuning": 4.299924965125868,
            "final_detuning": 4.971207485384267
        },
        "mis": [
            [
                0,
                2
            ]
        ],
        "mis_size": 2
    },
    "edges": [
        [
            0,
            1
        ],
        [
            1,
            2
        ]
    ]
}
