{
    "qubits": {
        "0": [
            0.0,
            -9.0
        ],
        "1": [
            0.0,
            0.0
        ],
        "2": [
            0.0,
            9.0
        ]
    },
    "metadata": {
        "score": {
            "total": 1.46770592,
            "gini_score": 0.81035,
            "sum_score": 1.8112,
            "total_normalized": 0.73385296,
            "sum_normalized": 0.9056
        },
        "params": {
            "rise_time": 1205,
            "fall_time": 2078,
            "omega": 9.91842505900133,
            "init_detuning": 7.43424818799514,
            "final_detuning": 3.140296432217707
        },
        "mis": [
            [
                0,
                2
            ]
        ],
        "mis_size": 2
    },
    "edges": [
        [
            0,
            1
        ],
        [
            1,
            2
        ]
    ]
}
