{
    "qubits": {
        "0": [
            0.0,
            -11.0
        ],
        "1": [
            0.0,
            0.0
        ],
        "2": [
            0.0,
            11.0
        ]
    },
    "metadata": {
        "score": {
            "total": 1.17413996,
            "gini_score": 0.73055,
            "sum_score": 1.6072,
            "total_normalized": 0.58706998,
            "sum_normalized": 0.8036
        },
        "params": {
            "rise_time": 295,
            "fall_time": 2565,
            "omega": 7.663027714290546,
            "init_detuning": 7.561121628135451,
            "final_detuning": 4.1662945445230495
        },
        "mis": [
            [
                0,
                2
            ]
        ],
        "mis_size": 2
    },
    "edges": [
        [
            0,
            1
        ],
        [
            1,
            2
        ]
    ]
}
