{
    "qubits": {
        "0": [
            0.0,
            -8.0
        ],
        "1": [
            0.0,
            0.0
        ],
        "2": [
            0.0,
            8.0
        ]
    },
    "metadata": {
        "score": {
            "total": 1.4981400399999998,
            "gini_score": 0.7801999999999999,
            "sum_score": 1.9202
        },
        "params": {
            "rise_time": 1327,
            "fall_time": 535,
            "omega": 12.461024638858444,
            "init_detuning": 6.154531164913328,
            "final_detuning": 7.107696750317912
        }
    }
}
