{
    "qubits": {
        "0": [
            0.0,
            -6.0
        ],
        "1": [
            0.0,
            0.0
        ],
        "2": [
            0.0,
            6.0
        ]
    },
    "metadata": {
        "score": {
            "total": 0.382758816,
            "gini_score": 0.43824,
            "sum_score": 0.8734,
            "total_normalized": 0.382758816,
            "sum_normalized": 0.8734
        },
        "params": {
            "rise_time": 514,
            "fall_time": 20,
            "omega": 14.321337667234472,
            "init_detuning": 1.1883311092252868,
            "final_detuning": 1.6926065275921416
        },
        "mis": [
            [
                0
            ],
            [
                1
            ],
            [
                2
            ]
        ],
        "mis_size": 1
    },
    "edges": [
        [
            0,
            1
        ],
        [
            0,
            2
        ],
        [
            1,
            2
        ]
    ]
}
