{
    "qubits": {
        "0": [
            0.0,
            -9.0
        ],
        "1": [
            0.0,
            0.0
        ],
        "2": [
            0.0,
            9.0
        ]
    },
    "metadata": {
        "score": {
            "total": 1.4775505199999999,
            "gini_score": 0.7998,
            "sum_score": 1.8474
        },
        "params": {
            "rise_time": 626,
            "fall_time": 2523,
            "omega": 7.280651867359316,
            "init_detuning": 3.590511107656727,
            "final_detuning": 4.800706313802921
        }
    }
}
