{
    "qubits": {
        "0": [
            0.0,
            -6.0
        ],
        "1": [
            0.0,
            0.0
        ],
        "2": [
            0.0,
            6.0
        ]
    },
    "metadata": {
        "score": {
            "total": 0.34219712,
            "gini_score": 0.43360000000000004,
            "sum_score": 0.7892
        },
        "params": {
            "rise_time": 863,
            "fall_time": 625,
            "omega": 5.329413266290088,
            "init_detuning": 1.7835398549612278,
            "final_detuning": 2.2861327177127686
        }
    }
}
