{
    "qubits": {
        "0": [
            0.0,
            -11.0
        ],
        "1": [
            0.0,
            0.0
        ],
        "2": [
            0.0,
            11.0
        ]
    },
    "metadata": {
        "score": {
            "total": 1.4241558,
            "gini_score": 0.8101,
            "sum_score": 1.758
        },
        "params": {
            "rise_time": 849,
            "fall_time": 3140,
            "omega": 5.511071737533614,
            "init_detuning": 1.0113894818516624,
            "final_detuning": 3.555612032308649
        }
    }
}
