{
    "qubits": {
        "0": [
            0.0,
            -7.0
        ],
        "1": [
            0.0,
            0.0
        ],
        "2": [
            0.0,
            7.0
        ]
    },
    "metadata": {
        "score": {
            "total": 1.48489516,
            "gini_score": 0.7798,
            "sum_score": 1.9042
        },
        "params": {
            "rise_time": 989,
            "fall_time": 598,
            "omega": 14.033961340693098,
            "init_detuning": 6.628468857203266,
            "final_detuning": 7.526133580018837
        }
    }
}
