{
    "qubits": {
        "0": [
            0.0,
            -10.0
        ],
        "1": [
            0.0,
            0.0
        ],
        "2": [
            0.0,
            10.0
        ]
    },
    "metadata": {
        "score": {
            "total": 1.65934548,
            "gini_score": 0.8541,
            "sum_score": 1.9428
        },
        "params": {
            "rise_time": 493,
            "fall_time": 2601,
            "omega": 7.8165501044848655,
            "init_detuning": 4.481370689542299,
            "final_detuning": 4.35578285408164
        }
    }
}
