{
    "qubits": {
        "0": [
            0.0,
            0
        ],
        "1": [
            0.0,
            8
        ],
        "2": [
            6.928203230275509,
            8
        ]
    },
    "metadata": {
        "score": {
            "total": 0.5886047999999999,
            "gini_score": 0.6146666666666666,
            "sum_score": 0.9576,
            "total_normalized": 0.5886047999999999,
            "sum_normalized": 0.9576
        },
        "params": {
            "rise_time": 875,
            "fall_time": 1725,
            "omega": 4.984234337814377,
            "init_detuning": 4.093979252310025,
            "final_detuning": 3.0615693974056963
        },
        "mis": [
            [
                0
            ],
            [
                1
            ],
            [
                2
            ]
        ],
        "mis_size": 1
    },
    "edges": [
        [
            0,
            1
        ],
        [
            0,
            2
        ],
        [
            1,
            2
        ]
    ]
}
