{
    "qubits": {
        "0": [
            0.0,
            0
        ],
        "1": [
            0.0,
            11
        ],
        "2": [
            9.526279441628825,
            11
        ]
    },
    "metadata": {
        "score": {
            "total": 1.3951308799999997,
            "gini_score": 0.7695999999999998,
            "sum_score": 1.8128
        },
        "params": {
            "rise_time": 337,
            "fall_time": 2617,
            "omega": 8.389782108025928,
            "init_detuning": 6.731187027624297,
            "final_detuning": 3.9512348824599535
        }
    }
}
