{
    "qubits": {
        "0": [
            0.0,
            0
        ],
        "1": [
            0.0,
            6
        ],
        "2": [
            5.196152422706632,
            6
        ]
    },
    "metadata": {
        "score": {
            "total": 0.472721568,
            "gini_score": 0.47856,
            "sum_score": 0.9878,
            "total_normalized": 0.472721568,
            "sum_normalized": 0.9878
        },
        "params": {
            "rise_time": 845,
            "fall_time": 2538,
            "omega": 10.409079016768194,
            "init_detuning": 4.232074147250073,
            "final_detuning": 4.087821758736153
        },
        "mis": [
            [
                0
            ],
            [
                1
            ],
            [
                2
            ]
        ],
        "mis_size": 1
    },
    "edges": [
        [
            0,
            1
        ],
        [
            0,
            2
        ],
        [
            1,
            2
        ]
    ]
}
