{
    "qubits": {
        "0": [
            0.0,
            0
        ],
        "1": [
            0.0,
            8
        ],
        "2": [
            6.928203230275509,
            8
        ]
    },
    "metadata": {
        "score": {
            "total": 0.51539072,
            "gini_score": 0.5711333333333333,
            "sum_score": 0.9024
        },
        "params": {
            "rise_time": 902,
            "fall_time": 1828,
            "omega": 4.03986533922236,
            "init_detuning": 6.846915998713014,
            "final_detuning": 2.195311109250442
        }
    }
}
