{
    "qubits": {
        "0": [
            0.0,
            0
        ],
        "1": [
            0.0,
            10
        ],
        "2": [
            8.660254037844386,
            10
        ]
    },
    "metadata": {
        "score": {
            "total": 0.46117708,
            "gini_score": 0.6097,
            "sum_score": 0.7564
        },
        "params": {
            "rise_time": 671,
            "fall_time": 3315,
            "omega": 10.660856979131427,
            "init_detuning": 1.473756940836251,
            "final_detuning": 2.5276132545927235
        }
    }
}
