{
    "qubits": {
        "0": [
            0.0,
            0
        ],
        "1": [
            0.0,
            7
        ],
        "2": [
            6.06217782649107,
            7
        ]
    },
    "metadata": {
        "score": {
            "total": 0.4968896320000001,
            "gini_score": 0.5067200000000001,
            "sum_score": 0.9806
        },
        "params": {
            "rise_time": 802,
            "fall_time": 1443,
            "omega": 6.652422726506835,
            "init_detuning": 7.8628550750406605,
            "final_detuning": 1.9431632633368312
        }
    }
}
