{
    "qubits": {
        "0": [
            0.0,
            0
        ],
        "1": [
            0.0,
            9
        ],
        "2": [
            7.794228634059947,
            9
        ]
    },
    "metadata": {
        "score": {
            "total": 0.33302016,
            "gini_score": 0.42048,
            "sum_score": 0.792
        },
        "params": {
            "rise_time": 1035,
            "fall_time": 2717,
            "omega": 3.4612100067765974,
            "init_detuning": 3.2492198082183803,
            "final_detuning": 0.8752521047827786
        }
    }
}
