{
    "qubits": {
        "0": [
            0.0,
            0
        ],
        "1": [
            0.0,
            7
        ],
        "2": [
            6.06217782649107,
            7
        ]
    },
    "metadata": {
        "score": {
            "total": 0.445878816,
            "gini_score": 0.44848000000000005,
            "sum_score": 0.9942,
            "total_normalized": 0.445878816,
            "sum_normalized": 0.9942
        },
        "params": {
            "rise_time": 443,
            "fall_time": 2259,
            "omega": 14.797093641573774,
            "init_detuning": 5.962529676450958,
            "final_detuning": 1.9360703260897285
        },
        "mis": [
            [
                0
            ],
            [
                1
            ],
            [
                2
            ]
        ],
        "mis_size": 1
    },
    "edges": [
        [
            0,
            1
        ],
        [
            0,
            2
        ],
        [
            1,
            2
        ]
    ]
}
