{
    "qubits": {
        "0": [
            0.0,
            0
        ],
        "1": [
            0.0,
            6
        ],
        "2": [
            5.196152422706632,
            6
        ]
    },
    "metadata": {
        "score": {
            "total": 0.450924992,
            "gini_score": 0.46088,
            "sum_score": 0.9784
        },
        "params": {
            "rise_time": 635,
            "fall_time": 2055,
            "omega": 5.081010113199943,
            "init_detuning": 3.3144921998209576,
            "final_detuning": 4.021046769146914
        }
    }
}
