{
    "qubits": {
        "q0": [
            -3.91,
            -4.9
        ],
        "q1": [
            1.44,
            -1.82
        ],
        "q2": [
            -1.91,
            0.82
        ],
        "q3": [
            3.17,
            3.26
        ]
    },
    "metadata": {
        "score": {
            "total": 0.43942624,
            "gini_score": 0.5369333333333334,
            "sum_score": 0.8184,
            "total_normalized": 0.43942624,
            "sum_normalized": 0.8184
        },
        "params": {
            "rise_time": 1514,
            "fall_time": 507,
            "omega": 12.420738920486365,
            "init_detuning": 4.289875165125721,
            "final_detuning": 3.5883539636663246
        },
        "mis": [
            [
                0
            ],
            [
                1
            ],
            [
                2
            ],
            [
                3
            ]
        ],
        "mis_size": 1
    },
    "edges": [
        [
            0,
            1
        ],
        [
            0,
            3
        ],
        [
            0,
            2
        ],
        [
            1,
            2
        ],
        [
            1,
            3
        ],
        [
            2,
            3
        ]
    ]
}
