{
    "qubits": {
        "q0": [
            -3.91,
            -4.9
        ],
        "q1": [
            1.44,
            -1.82
        ],
        "q2": [
            -1.91,
            0.82
        ],
        "q3": [
            3.17,
            3.26
        ]
    },
    "metadata": {
        "score": {
            "total": 0.5781333599999999,
            "gini_score": 0.6174,
            "sum_score": 0.9364
        },
        "params": {
            "rise_time": 715,
            "fall_time": 1944,
            "omega": 8.633679758866663,
            "init_detuning": 1.8999492157298932,
            "final_detuning": 4.0349885780819
        }
    }
}
