{
    "qubits": {
        "q0": [
            -5.89,
            -6.66
        ],
        "q1": [
            1.44,
            -1.82
        ],
        "q2": [
            -1.91,
            0.82
        ],
        "q3": [
            5.35,
            5.63
        ]
    },
    "metadata": {
        "score": {
            "total": 1.5826855599999998,
            "gini_score": 0.8641,
            "sum_score": 1.8316
        },
        "params": {
            "rise_time": 1016,
            "fall_time": 1630,
            "omega": 14.059808437632011,
            "init_detuning": 6.621420380564434,
            "final_detuning": 5.978866011001412
        }
    }
}
