{
    "qubits": {
        "0": [
            -7.5,
            -4.330127018922193
        ],
        "1": [
            2.5,
            -4.330127018922193
        ],
        "2": [
            -2.5,
            4.330127018922193
        ],
        "3": [
            7.5,
            4.330127018922193
        ]
    },
    "metadata": {
        "score": {
            "total": 1.5068021973333336,
            "gini_score": 0.8573066666666668,
            "sum_score": 1.7576,
            "total_normalized": 0.7534010986666668,
            "sum_normalized": 0.8788
        },
        "params": {
            "rise_time": 463,
            "fall_time": 1811,
            "omega": 4.974082478643081,
            "init_detuning": 5.756080410037253,
            "final_detuning": 2.8030425845616223
        },
        "mis": [
            [
                0,
                3
            ]
        ],
        "mis_size": 2
    },
    "edges": [
        [
            0,
            1
        ],
        [
            0,
            2
        ],
        [
            1,
            2
        ],
        [
            1,
            3
        ],
        [
            2,
            3
        ]
    ]
}
