{
    "qubits": {
        "0": [
            -8.25,
            -4.763139720814412
        ],
        "1": [
            2.75,
            -4.763139720814412
        ],
        "2": [
            -2.75,
            4.763139720814412
        ],
        "3": [
            8.25,
            4.763139720814412
        ]
    },
    "metadata": {
        "score": {
            "total": 0.97028295,
            "gini_score": 0.70525,
            "sum_score": 1.3758
        },
        "params": {
            "rise_time": 665,
            "fall_time": 1795,
            "omega": 4.171311384999713,
            "init_detuning": 5.27573786815283,
            "final_detuning": 3.222098263509194
        }
    }
}
