{
    "qubits": {
        "0": [
            -6.75,
            -3.8971143170299736
        ],
        "1": [
            2.25,
            -3.8971143170299736
        ],
        "2": [
            -2.25,
            3.8971143170299736
        ],
        "3": [
            6.75,
            3.8971143170299736
        ]
    },
    "metadata": {
        "score": {
            "total": 1.7666662933333332,
            "gini_score": 0.9005333333333333,
            "sum_score": 1.9618,
            "total_normalized": 0.8833331466666666,
            "sum_normalized": 0.9809
        },
        "params": {
            "rise_time": 1118,
            "fall_time": 3321,
            "omega": 12.342502971827567,
            "init_detuning": 7.995091537410718,
            "final_detuning": 4.492049329815447
        },
        "mis": [
            [
                0,
                3
            ]
        ],
        "mis_size": 2
    },
    "edges": [
        [
            0,
            1
        ],
        [
            0,
            2
        ],
        [
            1,
            2
        ],
        [
            1,
            3
        ],
        [
            2,
            3
        ]
    ]
}
