{
    "qubits": {
        "0": [
            -4.5,
            -2.598076211353316
        ],
        "1": [
            1.5,
            -2.598076211353316
        ],
        "2": [
            -1.5,
            2.598076211353316
        ],
        "3": [
            4.5,
            2.598076211353316
        ]
    },
    "metadata": {
        "score": {
            "total": 0.5144406666666667,
            "gini_score": 0.5703333333333332,
            "sum_score": 0.902
        },
        "params": {
            "rise_time": 958,
            "fall_time": 649,
            "omega": 12.487735644778532,
            "init_detuning": 2.223088748946875,
            "final_detuning": 4.201085654665497
        }
    }
}
