{
    "qubits": {
        "0": [
            -6.0,
            -3.4641016151377544
        ],
        "1": [
            2.0,
            -3.4641016151377544
        ],
        "2": [
            -2.0,
            3.4641016151377544
        ],
        "3": [
            6.0,
            3.4641016151377544
        ]
    },
    "metadata": {
        "score": {
            "total": 1.6628693733333333,
            "gini_score": 0.8771333333333333,
            "sum_score": 1.8958,
            "total_normalized": 0.8314346866666666,
            "sum_normalized": 0.9479
        },
        "params": {
            "rise_time": 1444,
            "fall_time": 753,
            "omega": 11.768593924163326,
            "init_detuning": 6.9515945056941835,
            "final_detuning": 7.867698084555049
        },
        "mis": [
            [
                0,
                3
            ]
        ],
        "mis_size": 2
    },
    "edges": [
        [
            0,
            1
        ],
        [
            0,
            2
        ],
        [
            1,
            2
        ],
        [
            1,
            3
        ],
        [
            2,
            3
        ]
    ]
}
