{
    "qubits": {
        "0": [
            -5.25,
            -3.031088913245535
        ],
        "1": [
            1.75,
            -3.031088913245535
        ],
        "2": [
            -1.75,
            3.031088913245535
        ],
        "3": [
            5.25,
            3.031088913245535
        ]
    },
    "metadata": {
        "score": {
            "total": 0.6494201018181819,
            "gini_score": 0.7474909090909091,
            "sum_score": 0.8688,
            "total_normalized": 0.6494201018181819,
            "sum_normalized": 0.8688
        },
        "params": {
            "rise_time": 23,
            "fall_time": 162,
            "omega": 14.401824404507181,
            "init_detuning": 5.771206334908941,
            "final_detuning": 5.927523590019252
        },
        "mis": [
            [
                0
            ],
            [
                1
            ],
            [
                2
            ],
            [
                3
            ]
        ],
        "mis_size": 1
    },
    "edges": [
        [
            0,
            1
        ],
        [
            0,
            3
        ],
        [
            0,
            2
        ],
        [
            1,
            2
        ],
        [
            1,
            3
        ],
        [
            2,
            3
        ]
    ]
}
