{
    "qubits": {
        "0": [
            1.5,
            -7.794228634059948
        ],
        "1": [
            -1.5,
            -2.598076211353316
        ],
        "2": [
            1.5,
            2.598076211353316
        ],
        "3": [
            -1.5,
            7.794228634059948
        ]
    },
    "metadata": {
        "score": {
            "total": 1.48952926,
            "gini_score": 0.80065,
            "sum_score": 1.8604
        },
        "params": {
            "rise_time": 479,
            "fall_time": 1387,
            "omega": 6.202509626133049,
            "init_detuning": 3.552366898223644,
            "final_detuning": 5.569936855342341
        }
    }
}
