{
    "qubits": {
        "0": [
            -4.5,
            -2.598076211353316
        ],
        "1": [
            1.5,
            -2.598076211353316
        ],
        "2": [
            -1.5,
            2.598076211353316
        ],
        "3": [
            4.5,
            2.598076211353316
        ]
    },
    "metadata": {
        "score": {
            "total": 0.47022053333333325,
            "gini_score": 0.5571333333333333,
            "sum_score": 0.844,
            "total_normalized": 0.47022053333333325,
            "sum_normalized": 0.844
        },
        "params": {
            "rise_time": 20,
            "fall_time": 472,
            "omega": 13.118392374943143,
            "init_detuning": 2.659743083583061,
            "final_detuning": 1.0993728070391935
        },
        "mis": [
            [
                0
            ],
            [
                1
            ],
            [
                2
            ],
            [
                3
            ]
        ],
        "mis_size": 1
    },
    "edges": [
        [
            0,
            1
        ],
        [
            0,
            3
        ],
        [
            0,
            2
        ],
        [
            1,
            2
        ],
        [
            1,
            3
        ],
        [
            2,
            3
        ]
    ]
}
