{
    "qubits": {
        "0": [
            -7.5,
            -4.330127018922193
        ],
        "1": [
            2.5,
            -4.330127018922193
        ],
        "2": [
            -2.5,
            4.330127018922193
        ],
        "3": [
            7.5,
            4.330127018922193
        ]
    },
    "metadata": {
        "score": {
            "total": 1.626381824,
            "gini_score": 0.88448,
            "sum_score": 1.8388
        },
        "params": {
            "rise_time": 300,
            "fall_time": 2984,
            "omega": 8.131501479015437,
            "init_detuning": 4.469377748866003,
            "final_detuning": 4.362851468449705
        }
    }
}
