{
    "qubits": {
        "0": [
            1.5,
            -7.794228634059948
        ],
        "1": [
            -1.5,
            -2.598076211353316
        ],
        "2": [
            1.5,
            2.598076211353316
        ],
        "3": [
            -1.5,
            7.794228634059948
        ]
    },
    "metadata": {
        "score": {
            "total": 1.6354977800000001,
            "gini_score": 0.8407,
            "sum_score": 1.9454,
            "total_normalized": 0.8177488900000001,
            "sum_normalized": 0.9727
        },
        "params": {
            "rise_time": 1566,
            "fall_time": 2896,
            "omega": 9.735815612344673,
            "init_detuning": 4.316725943696979,
            "final_detuning": 4.30879133756873
        },
        "mis": [
            [
                0,
                3
            ]
        ],
        "mis_size": 2
    },
    "edges": [
        [
            0,
            1
        ],
        [
            0,
            2
        ],
        [
            1,
            2
        ],
        [
            1,
            3
        ],
        [
            2,
            3
        ]
    ]
}
