{
    "qubits": {
        "0": [
            -6.75,
            -3.8971143170299736
        ],
        "1": [
            2.25,
            -3.8971143170299736
        ],
        "2": [
            -2.25,
            3.8971143170299736
        ],
        "3": [
            6.75,
            3.8971143170299736
        ]
    },
    "metadata": {
        "score": {
            "total": 1.7347772,
            "gini_score": 0.8956,
            "sum_score": 1.937
        },
        "params": {
            "rise_time": 1285,
            "fall_time": 2004,
            "omega": 12.389621060040813,
            "init_detuning": 6.686823601366829,
            "final_detuning": 7.255029780749725
        }
    }
}
