{
    "qubits": {
        "0": [
            -6.0,
            -3.4641016151377544
        ],
        "1": [
            2.0,
            -3.4641016151377544
        ],
        "2": [
            -2.0,
            3.4641016151377544
        ],
        "3": [
            6.0,
            3.4641016151377544
        ]
    },
    "metadata": {
        "score": {
            "total": 1.6230700363636363,
            "gini_score": 0.8642545454545455,
            "sum_score": 1.878
        },
        "params": {
            "rise_time": 1021,
            "fall_time": 1587,
            "omega": 12.167355700588011,
            "init_detuning": 7.758130555592947,
            "final_detuning": 7.991559439375373
        }
    }
}
