{
    "qubits": {
        "0": [
            -3.0,
            -3.0
        ],
        "1": [
            3.0,
            -3.0
        ],
        "2": [
            -3.0,
            3.0
        ],
        "3": [
            3.0,
            3.0
        ]
    },
    "metadata": {
        "score": {
            "total": 0.4037679428571428,
            "gini_score": 0.4151428571428571,
            "sum_score": 0.9726
        },
        "params": {
            "rise_time": 1452,
            "fall_time": 1721,
            "omega": 6.750331324468847,
            "init_detuning": 1.0282070169965785,
            "final_detuning": 1.272176051281275
        }
    }
}
