{
    "qubits": {
        "0": [
            0.0,
            -12.0
        ],
        "1": [
            0.0,
            -4.0
        ],
        "2": [
            0.0,
            4.0
        ],
        "3": [
            0.0,
            12.0
        ]
    },
    "metadata": {
        "score": {
            "total": 1.6951766857142858,
            "gini_score": 0.8705714285714286,
            "sum_score": 1.9472
        },
        "params": {
            "rise_time": 806,
            "fall_time": 2126,
            "omega": 11.620744794418837,
            "init_detuning": 5.384871771704293,
            "final_detuning": 6.159045179173381
        }
    }
}
