{
    "qubits": {
        "0": [
            -5.5,
            -5.5
        ],
        "1": [
            5.5,
            -5.5
        ],
        "2": [
            -5.5,
            5.5
        ],
        "3": [
            5.5,
            5.5
        ]
    },
    "metadata": {
        "score": {
            "total": 1.1998630000000001,
            "gini_score": 0.7294,
            "sum_score": 1.645,
            "total_normalized": 0.5999315000000001,
            "sum_normalized": 0.8225
        },
        "params": {
            "rise_time": 1022,
            "fall_time": 3309,
            "omega": 6.943117211062371,
            "init_detuning": 4.474233595373537,
            "final_detuning": 0.9521750512149132
        },
        "mis": [
            [
                0,
                3
            ],
            [
                1,
                2
            ]
        ],
        "mis_size": 2
    },
    "edges": [
        [
            0,
            1
        ],
        [
            0,
            2
        ],
        [
            1,
            3
        ],
        [
            2,
            3
        ]
    ]
}
