{
    "qubits": {
        "0": [
            0.0,
            -12.0
        ],
        "1": [
            0.0,
            -4.0
        ],
        "2": [
            0.0,
            4.0
        ],
        "3": [
            0.0,
            12.0
        ]
    },
    "metadata": {
        "score": {
            "total": 1.5656504581818182,
            "gini_score": 0.8220363636363637,
            "sum_score": 1.9046,
            "total_normalized": 0.7828252290909091,
            "sum_normalized": 0.9523
        },
        "params": {
            "rise_time": 852,
            "fall_time": 3298,
            "omega": 4.513807597163105,
            "init_detuning": 1.6571865098072578,
            "final_detuning": 7.959431556013983
        },
        "mis": [
            [
                0,
                2
            ],
            [
                0,
                3
            ],
            [
                1,
                3
            ]
        ],
        "mis_size": 2
    },
    "edges": [
        [
            0,
            1
        ],
        [
            1,
            2
        ],
        [
            2,
            3
        ]
    ]
}
