{
    "qubits": {
        "0": [
            -5.0,
            -5.0
        ],
        "1": [
            5.0,
            -5.0
        ],
        "2": [
            -5.0,
            5.0
        ],
        "3": [
            5.0,
            5.0
        ]
    },
    "metadata": {
        "score": {
            "total": 1.5540073846153846,
            "gini_score": 0.8209230769230769,
            "sum_score": 1.893,
            "total_normalized": 0.7770036923076923,
            "sum_normalized": 0.9465
        },
        "params": {
            "rise_time": 637,
            "fall_time": 2643,
            "omega": 4.5969992377121685,
            "init_detuning": 2.0639666771569547,
            "final_detuning": 3.3640215148905357
        },
        "mis": [
            [
                0,
                3
            ],
            [
                1,
                2
            ]
        ],
        "mis_size": 2
    },
    "edges": [
        [
            0,
            1
        ],
        [
            0,
            2
        ],
        [
            1,
            3
        ],
        [
            2,
            3
        ]
    ]
}
