{
    "qubits": {
        "0": [
            0.0,
            -9.0
        ],
        "1": [
            0.0,
            -3.0
        ],
        "2": [
            0.0,
            3.0
        ],
        "3": [
            0.0,
            9.0
        ]
    },
    "metadata": {
        "score": {
            "total": 1.38117606,
            "gini_score": 0.7957,
            "sum_score": 1.7358,
            "total_normalized": 0.69058803,
            "sum_normalized": 0.8679
        },
        "params": {
            "rise_time": 354,
            "fall_time": 1858,
            "omega": 7.72187379619935,
            "init_detuning": 3.998464054592529,
            "final_detuning": 7.628533321586716
        },
        "mis": [
            [
                0,
                3
            ]
        ],
        "mis_size": 2
    },
    "edges": [
        [
            0,
            1
        ],
        [
            0,
            2
        ],
        [
            1,
            2
        ],
        [
            1,
            3
        ],
        [
            2,
            3
        ]
    ]
}
