{
    "qubits": {
        "0": [
            -3.5,
            -3.5
        ],
        "1": [
            3.5,
            -3.5
        ],
        "2": [
            -3.5,
            3.5
        ],
        "3": [
            3.5,
            3.5
        ]
    },
    "metadata": {
        "score": {
            "total": 0.5650911418181818,
            "gini_score": 0.6047636363636363,
            "sum_score": 0.9344
        },
        "params": {
            "rise_time": 102,
            "fall_time": 2701,
            "omega": 14.540150314798323,
            "init_detuning": 5.761586702635718,
            "final_detuning": 5.676410656488407
        }
    }
}
