{
    "qubits": {
        "0": [
            0.0,
            -9.0
        ],
        "1": [
            0.0,
            -3.0
        ],
        "2": [
            0.0,
            3.0
        ],
        "3": [
            0.0,
            9.0
        ]
    },
    "metadata": {
        "score": {
            "total": 1.51585226,
            "gini_score": 0.8177,
            "sum_score": 1.8538
        },
        "params": {
            "rise_time": 1083,
            "fall_time": 2533,
            "omega": 3.665955585431612,
            "init_detuning": 1.979081208624919,
            "final_detuning": 2.676775253563494
        }
    }
}
