{
    "qubits": {
        "0": [
            0.0,
            -13.5
        ],
        "1": [
            0.0,
            -4.5
        ],
        "2": [
            0.0,
            4.5
        ],
        "3": [
            0.0,
            13.5
        ]
    },
    "metadata": {
        "score": {
            "total": 1.5449525226666667,
            "gini_score": 0.8098933333333334,
            "sum_score": 1.9076
        },
        "params": {
            "rise_time": 1578,
            "fall_time": 2674,
            "omega": 11.156602983843833,
            "init_detuning": 5.901645653208718,
            "final_detuning": 7.246547970998233
        }
    }
}
