{
    "qubits": {
        "0": [
            0.0,
            -15.0
        ],
        "1": [
            0.0,
            -5.0
        ],
        "2": [
            0.0,
            5.0
        ],
        "3": [
            0.0,
            15.0
        ]
    },
    "metadata": {
        "score": {
            "total": 1.184112246153846,
            "gini_score": 0.6820923076923077,
            "sum_score": 1.736
        },
        "params": {
            "rise_time": 474,
            "fall_time": 2970,
            "omega": 4.142057415147733,
            "init_detuning": 5.055480474003904,
            "final_detuning": 0.767393812205309
        }
    }
}
