{
    "qubits": {
        "0": [
            0.0,
            -16.5
        ],
        "1": [
            0.0,
            -5.5
        ],
        "2": [
            0.0,
            5.5
        ],
        "3": [
            0.0,
            16.5
        ]
    },
    "metadata": {
        "score": {
            "total": 0.85559949,
            "gini_score": 0.60245,
            "sum_score": 1.4202
        },
        "params": {
            "rise_time": 1493,
            "fall_time": 3307,
            "omega": 8.805398237466939,
            "init_detuning": 5.614900117966391,
            "final_detuning": 2.7732079673293635
        }
    }
}
