{
    "qubits": {
        "0": [
            -4.0,
            -4.0
        ],
        "1": [
            4.0,
            -4.0
        ],
        "2": [
            -4.0,
            4.0
        ],
        "3": [
            4.0,
            4.0
        ]
    },
    "metadata": {
        "score": {
            "total": 0.4506895999999999,
            "gini_score": 0.5536727272727272,
            "sum_score": 0.814,
            "total_normalized": 0.4506895999999999,
            "sum_normalized": 0.814
        },
        "params": {
            "rise_time": 1067,
            "fall_time": 1933,
            "omega": 10.699672561408297,
            "init_detuning": 2.909674628348902,
            "final_detuning": 2.015196486335172
        },
        "mis": [
            [
                0
            ],
            [
                1
            ],
            [
                2
            ],
            [
                3
            ]
        ],
        "mis_size": 1
    },
    "edges": [
        [
            0,
            1
        ],
        [
            0,
            3
        ],
        [
            0,
            2
        ],
        [
            1,
            2
        ],
        [
            1,
            3
        ],
        [
            2,
            3
        ]
    ]
}
