{
    "qubits": {
        "0": [
            0.0,
            -15.0
        ],
        "1": [
            0.0,
            -5.0
        ],
        "2": [
            0.0,
            5.0
        ],
        "3": [
            0.0,
            15.0
        ]
    },
    "metadata": {
        "score": {
            "total": 1.2700586666666667,
            "gini_score": 0.7253333333333334,
            "sum_score": 1.751,
            "total_normalized": 0.6350293333333333,
            "sum_normalized": 0.8755
        },
        "params": {
            "rise_time": 1229,
            "fall_time": 3054,
            "omega": 10.410351085440531,
            "init_detuning": 6.678012099908348,
            "final_detuning": 1.8079804782248656
        },
        "mis": [
            [
                0,
                2
            ],
            [
                0,
                3
            ],
            [
                1,
                3
            ]
        ],
        "mis_size": 2
    },
    "edges": [
        [
            0,
            1
        ],
        [
            1,
            2
        ],
        [
            2,
            3
        ]
    ]
}
