{
    "qubits": {
        "0": [
            -4.5,
            -4.5
        ],
        "1": [
            4.5,
            -4.5
        ],
        "2": [
            -4.5,
            4.5
        ],
        "3": [
            4.5,
            4.5
        ]
    },
    "metadata": {
        "score": {
            "total": 0.40272,
            "gini_score": 0.5593333333333333,
            "sum_score": 0.72,
            "total_normalized": 0.40272,
            "sum_normalized": 0.72
        },
        "params": {
            "rise_time": 100,
            "fall_time": 1784,
            "omega": 9.074647861323847,
            "init_detuning": 7.449324974766087,
            "final_detuning": 3.345816102368946
        },
        "mis": [
            [
                0
            ],
            [
                1
            ],
            [
                2
            ],
            [
                3
            ]
        ],
        "mis_size": 1
    },
    "edges": [
        [
            0,
            1
        ],
        [
            0,
            3
        ],
        [
            0,
            2
        ],
        [
            1,
            2
        ],
        [
            1,
            3
        ],
        [
            2,
            3
        ]
    ]
}
