{
    "qubits": {
        "0": [
            -5.5,
            -5.5
        ],
        "1": [
            5.5,
            -5.5
        ],
        "2": [
            -5.5,
            5.5
        ],
        "3": [
            5.5,
            5.5
        ]
    },
    "metadata": {
        "score": {
            "total": 1.218870576,
            "gini_score": 0.71304,
            "sum_score": 1.7094
        },
        "params": {
            "rise_time": 1191,
            "fall_time": 1531,
            "omega": 4.9937142713732605,
            "init_detuning": 1.022327099171249,
            "final_detuning": 1.0958747985036434
        }
    }
}
