{
    "qubits": {
        "0": [
            0.0,
            -10.5
        ],
        "1": [
            0.0,
            -3.5
        ],
        "2": [
            0.0,
            3.5
        ],
        "3": [
            0.0,
            10.5
        ]
    },
    "metadata": {
        "score": {
            "total": 1.51814596,
            "gini_score": 0.7811,
            "sum_score": 1.9436
        },
        "params": {
            "rise_time": 1156,
            "fall_time": 3053,
            "omega": 14.521049477333712,
            "init_detuning": 5.923102091432866,
            "final_detuning": 6.3149358035826175
        }
    }
}
