{
    "qubits": {
        "0": [
            -4.0,
            -4.0
        ],
        "1": [
            4.0,
            -4.0
        ],
        "2": [
            -4.0,
            4.0
        ],
        "3": [
            4.0,
            4.0
        ]
    },
    "metadata": {
        "score": {
            "total": 0.5376466909090908,
            "gini_score": 0.5883636363636363,
            "sum_score": 0.9138
        },
        "params": {
            "rise_time": 299,
            "fall_time": 1209,
            "omega": 11.378086339319756,
            "init_detuning": 2.2278867374186095,
            "final_detuning": 3.5836519321037734
        }
    }
}
