{
    "qubits": {
        "q0": [
            -2.0,
            -2.0
        ],
        "q1": [
            2.0,
            -2.0
        ],
        "q2": [
            -2.0,
            2.0
        ],
        "q3": [
            2.0,
            2.0
        ]
    },
    "metadata": {
        "score": {
            "total": 0.16239820800000002,
            "gini_score": 0.39648,
            "sum_score": 0.4096
        },
        "params": {
            "rise_time": 487,
            "fall_time": 2704,
            "omega": 9.363905805519709,
            "init_detuning": 1.6878565593619193,
            "final_detuning": 3.0075792254091067
        }
    }
}
