{
    "qubits": {
        "q0": [
            -2.0,
            -2.0
        ],
        "q1": [
            2.0,
            -2.0
        ],
        "q2": [
            -2.0,
            2.0
        ],
        "q3": [
            2.0,
            2.0
        ]
    },
    "metadata": {
        "score": {
            "total": 0,
            "gini_score": 0.12440000000000001,
            "sum_score": 0,
            "total_normalized": 0.0,
            "sum_normalized": 0.0
        },
        "params": {
            "rise_time": 264,
            "fall_time": 23,
            "omega": 8.38358557413618,
            "init_detuning": 1.4631993431789558,
            "final_detuning": 3.6249382296199495
        },
        "mis": [
            [
                0
            ],
            [
                1
            ],
            [
                2
            ],
            [
                3
            ]
        ],
        "mis_size": 1
    },
    "edges": [
        [
            0,
            1
        ],
        [
            0,
            3
        ],
        [
            0,
            2
        ],
        [
            1,
            2
        ],
        [
            1,
            3
        ],
        [
            2,
            3
        ]
    ]
}
