{
    "qubits": {
        "0": [
            0.0,
            -12.0
        ],
        "1": [
            0.0,
            -6.0
        ],
        "2": [
            0.0,
            0.0
        ],
        "3": [
            0.0,
            6.0
        ],
        "4": [
            0.0,
            12.0
        ]
    },
    "metadata": {
        "score": {
            "total": 0.9584597538461537,
            "gini_score": 0.6215692307692307,
            "sum_score": 1.542,
            "total_normalized": 0.47922987692307684,
            "sum_normalized": 0.771
        },
        "params": {
            "rise_time": 213,
            "fall_time": 2047,
            "omega": 8.492165182136286,
            "init_detuning": 6.073254162439821,
            "final_detuning": 2.7093344144411216
        },
        "mis": [
            [
                0,
                3
            ],
            [
                0,
                4
            ],
            [
                1,
                4
            ]
        ],
        "mis_size": 2
    },
    "edges": [
        [
            0,
            1
        ],
        [
            0,
            2
        ],
        [
            1,
            2
        ],
        [
            1,
            3
        ],
        [
            2,
            4
        ],
        [
            2,
            3
        ],
        [
            4,
            3
        ]
    ]
}
