{
    "qubits": {
        "0": [
            0.0,
            -14.0
        ],
        "1": [
            0.0,
            -7.0
        ],
        "2": [
            0.0,
            0.0
        ],
        "3": [
            0.0,
            7.0
        ],
        "4": [
            0.0,
            14.0
        ]
    },
    "metadata": {
        "score": {
            "total": 2.4588748799999998,
            "gini_score": 0.8623999999999999,
            "sum_score": 2.8512,
            "total_normalized": 0.81962496,
            "sum_normalized": 0.9504
        },
        "params": {
            "rise_time": 1226,
            "fall_time": 824,
            "omega": 12.026869512914285,
            "init_detuning": 6.498385059934284,
            "final_detuning": 7.012622596022955
        },
        "mis": [
            [
                0,
                2,
                4
            ]
        ],
        "mis_size": 3
    },
    "edges": [
        [
            0,
            1
        ],
        [
            1,
            2
        ],
        [
            2,
            3
        ],
        [
            3,
            4
        ]
    ]
}
