{
    "qubits": {
        "0": [
            0.0,
            -22.0
        ],
        "1": [
            0.0,
            -11.0
        ],
        "2": [
            0.0,
            0.0
        ],
        "3": [
            0.0,
            11.0
        ],
        "4": [
            0.0,
            22.0
        ]
    },
    "metadata": {
        "score": {
            "total": 1.8021006,
            "gini_score": 0.7866,
            "sum_score": 2.291,
            "total_normalized": 0.6007002,
            "sum_normalized": 0.7636666666666666
        },
        "params": {
            "rise_time": 936,
            "fall_time": 1901,
            "omega": 4.250614544633067,
            "init_detuning": 2.1105950061082748,
            "final_detuning": 2.99328746253017
        },
        "mis": [
            [
                0,
                2,
                4
            ]
        ],
        "mis_size": 3
    },
    "edges": [
        [
            0,
            1
        ],
        [
            1,
            2
        ],
        [
            2,
            3
        ],
        [
            3,
            4
        ]
    ]
}
