{
    "qubits": {
        "0": [
            0.0,
            -12.0
        ],
        "1": [
            0.0,
            -6.0
        ],
        "2": [
            0.0,
            0.0
        ],
        "3": [
            0.0,
            6.0
        ],
        "4": [
            0.0,
            12.0
        ]
    },
    "metadata": {
        "score": {
            "total": 1.0412583138461537,
            "gini_score": 0.6265846153846154,
            "sum_score": 1.6618
        },
        "params": {
            "rise_time": 291,
            "fall_time": 2469,
            "omega": 6.904173055845108,
            "init_detuning": 4.325699527237723,
            "final_detuning": 2.518418763753363
        }
    }
}
