{
    "qubits": {
        "0": [
            0.0,
            -20.0
        ],
        "1": [
            0.0,
            -10.0
        ],
        "2": [
            0.0,
            0.0
        ],
        "3": [
            0.0,
            10.0
        ],
        "4": [
            0.0,
            20.0
        ]
    },
    "metadata": {
        "score": {
            "total": 2.24141036,
            "gini_score": 0.8486333333333334,
            "sum_score": 2.6412,
            "total_normalized": 0.7471367866666667,
            "sum_normalized": 0.8804
        },
        "params": {
            "rise_time": 622,
            "fall_time": 2953,
            "omega": 3.832118413651078,
            "init_detuning": 4.0578899075539505,
            "final_detuning": 1.5031340637485582
        },
        "mis": [
            [
                0,
                2,
                4
            ]
        ],
        "mis_size": 3
    },
    "edges": [
        [
            0,
            1
        ],
        [
            1,
            2
        ],
        [
            2,
            3
        ],
        [
            3,
            4
        ]
    ]
}
