{
    "qubits": {
        "0": [
            0.0,
            -18.0
        ],
        "1": [
            0.0,
            -9.0
        ],
        "2": [
            0.0,
            0.0
        ],
        "3": [
            0.0,
            9.0
        ],
        "4": [
            0.0,
            18.0
        ]
    },
    "metadata": {
        "score": {
            "total": 2.6391301632,
            "gini_score": 0.9296639999999999,
            "sum_score": 2.8388
        },
        "params": {
            "rise_time": 1468,
            "fall_time": 3041,
            "omega": 12.119561789732685,
            "init_detuning": 5.358153445868277,
            "final_detuning": 7.146229365437813
        }
    }
}
