{
    "qubits": {
        "0": [
            0.0,
            -16.0
        ],
        "1": [
            0.0,
            -8.0
        ],
        "2": [
            0.0,
            0.0
        ],
        "3": [
            0.0,
            8.0
        ],
        "4": [
            0.0,
            16.0
        ]
    },
    "metadata": {
        "score": {
            "total": 2.6473698971428568,
            "gini_score": 0.9165523809523809,
            "sum_score": 2.8884
        },
        "params": {
            "rise_time": 1659,
            "fall_time": 3111,
            "omega": 14.564155809458258,
            "init_detuning": 5.84795374311911,
            "final_detuning": 7.796110134344105
        }
    }
}
