{
    "qubits": {
        "0": [
            0.0,
            -22.0
        ],
        "1": [
            0.0,
            -11.0
        ],
        "2": [
            0.0,
            0.0
        ],
        "3": [
            0.0,
            11.0
        ],
        "4": [
            0.0,
            22.0
        ]
    },
    "metadata": {
        "score": {
            "total": 1.6934230699999997,
            "gini_score": 0.76855,
            "sum_score": 2.2034
        },
        "params": {
            "rise_time": 709,
            "fall_time": 3246,
            "omega": 1.3947871352635604,
            "init_detuning": 7.524472087178221,
            "final_detuning": 0.0023775942017936202
        }
    }
}
