{
    "qubits": {
        "0": [
            0.0,
            -14.0
        ],
        "1": [
            0.0,
            -7.0
        ],
        "2": [
            0.0,
            0.0
        ],
        "3": [
            0.0,
            7.0
        ],
        "4": [
            0.0,
            14.0
        ]
    },
    "metadata": {
        "score": {
            "total": 2.3123399876923076,
            "gini_score": 0.8395076923076923,
            "sum_score": 2.7544
        },
        "params": {
            "rise_time": 996,
            "fall_time": 1471,
            "omega": 7.472163602159974,
            "init_detuning": 5.777321852272027,
            "final_detuning": 3.631445740878604
        }
    }
}
