{
    "qubits": {
        "0": [
            0.0,
            -18.0
        ],
        "1": [
            0.0,
            -9.0
        ],
        "2": [
            0.0,
            0.0
        ],
        "3": [
            0.0,
            9.0
        ],
        "4": [
            0.0,
            18.0
        ]
    },
    "metadata": {
        "score": {
            "total": 2.6379179008,
            "gini_score": 0.928256,
            "sum_score": 2.8418,
            "total_normalized": 0.8793059669333334,
            "sum_normalized": 0.9472666666666667
        },
        "params": {
            "rise_time": 1481,
            "fall_time": 2784,
            "omega": 11.179357293931949,
            "init_detuning": 6.890983122808824,
            "final_detuning": 5.626659228162309
        },
        "mis": [
            [
                0,
                2,
                4
            ]
        ],
        "mis_size": 3
    },
    "edges": [
        [
            0,
            1
        ],
        [
            1,
            2
        ],
        [
            2,
            3
        ],
        [
            3,
            4
        ]
    ]
}
