{
    "qubits": {
        "0": [
            0.0,
            -20.0
        ],
        "1": [
            0.0,
            -10.0
        ],
        "2": [
            0.0,
            0.0
        ],
        "3": [
            0.0,
            10.0
        ],
        "4": [
            0.0,
            20.0
        ]
    },
    "metadata": {
        "score": {
            "total": 2.132504535384615,
            "gini_score": 0.843353846153846,
            "sum_score": 2.5286
        },
        "params": {
            "rise_time": 574,
            "fall_time": 2632,
            "omega": 7.166576747353677,
            "init_detuning": 3.1713275845747506,
            "final_detuning": 3.210596098550174
        }
    }
}
