{
    "qubits": {
        "0": [
            -3.0,
            -7.794228634059947
        ],
        "1": [
            6.0,
            -7.794228634059947
        ],
        "2": [
            -7.5,
            0.0
        ],
        "3": [
            1.5,
            0.0
        ],
        "4": [
            -3.0,
            7.794228634059947
        ],
        "5": [
            6.0,
            7.794228634059947
        ]
    },
    "metadata": {
        "score": {
            "total": 2.3361770989473687,
            "gini_score": 0.8921473684210528,
            "sum_score": 2.6186
        },
        "params": {
            "rise_time": 348,
            "fall_time": 2136,
            "omega": 7.874803936388857,
            "init_detuning": 4.377151358398965,
            "final_detuning": 5.469985252961927
        }
    }
}
