{
    "qubits": {
        "0": [
            -2.666666666666667,
            -6.928203230275509
        ],
        "1": [
            5.333333333333333,
            -6.928203230275509
        ],
        "2": [
            -6.666666666666667,
            0.0
        ],
        "3": [
            1.333333333333333,
            0.0
        ],
        "4": [
            -2.666666666666667,
            6.928203230275509
        ],
        "5": [
            5.333333333333333,
            6.928203230275509
        ]
    },
    "metadata": {
        "score": {
            "total": 2.456732545882353,
            "gini_score": 0.8753411764705882,
            "sum_score": 2.8066,
            "total_normalized": 0.8189108486274509,
            "sum_normalized": 0.9355333333333333
        },
        "params": {
            "rise_time": 1150,
            "fall_time": 2639,
            "omega": 12.159709306955685,
            "init_detuning": 6.341511643379516,
            "final_detuning": 4.818506436832511
        },
        "mis": [
            [
                1,
                2,
                5
            ]
        ],
        "mis_size": 3
    },
    "edges": [
        [
            0,
            1
        ],
        [
            0,
            3
        ],
        [
            0,
            2
        ],
        [
            1,
            3
        ],
        [
            2,
            4
        ],
        [
            2,
            3
        ],
        [
            4,
            3
        ],
        [
            4,
            5
        ],
        [
            3,
            5
        ]
    ]
}
