{
    "qubits": {
        "0": [
            -3.666666666666666,
            -9.526279441628825
        ],
        "1": [
            7.333333333333334,
            -9.526279441628825
        ],
        "2": [
            -9.166666666666666,
            0.0
        ],
        "3": [
            1.833333333333334,
            0.0
        ],
        "4": [
            -3.666666666666666,
            9.526279441628825
        ],
        "5": [
            7.333333333333334,
            9.526279441628825
        ]
    },
    "metadata": {
        "score": {
            "total": 1.4203646414814814,
            "gini_score": 0.7730296296296296,
            "sum_score": 1.8374
        },
        "params": {
            "rise_time": 1058,
            "fall_time": 2835,
            "omega": 3.4787670581734993,
            "init_detuning": 2.673470765429869,
            "final_detuning": 3.8060959376156482
        }
    }
}
