{
    "qubits": {
        "0": [
            -8.75,
            -3.031088913245535
        ],
        "1": [
            -1.75,
            -3.031088913245535
        ],
        "2": [
            5.25,
            -3.031088913245535
        ],
        "3": [
            -5.25,
            3.031088913245535
        ],
        "4": [
            1.75,
            3.031088913245535
        ],
        "5": [
            8.75,
            3.031088913245535
        ]
    },
    "metadata": {
        "score": {
            "total": 1.3359407040000002,
            "gini_score": 0.7739200000000002,
            "sum_score": 1.7262,
            "total_normalized": 0.6679703520000001,
            "sum_normalized": 0.8631
        },
        "params": {
            "rise_time": 1615,
            "fall_time": 2280,
            "omega": 9.781761491816255,
            "init_detuning": 7.244187508725949,
            "final_detuning": 6.173451691951079
        },
        "mis": [
            [
                0,
                2
            ],
            [
                0,
                5
            ],
            [
                3,
                5
            ]
        ],
        "mis_size": 2
    },
    "edges": [
        [
            0,
            1
        ],
        [
            0,
            4
        ],
        [
            0,
            3
        ],
        [
            1,
            2
        ],
        [
            1,
            5
        ],
        [
            1,
            4
        ],
        [
            1,
            3
        ],
        [
            2,
            4
        ],
        [
            2,
            3
        ],
        [
            2,
            5
        ],
        [
            4,
            3
        ],
        [
            4,
            5
        ]
    ]
}
