{
    "qubits": {
        "0": [
            -7.5,
            -2.598076211353316
        ],
        "1": [
            -1.5,
            -2.598076211353316
        ],
        "2": [
            4.5,
            -2.598076211353316
        ],
        "3": [
            -4.5,
            2.598076211353316
        ],
        "4": [
            1.5,
            2.598076211353316
        ],
        "5": [
            7.5,
            2.598076211353316
        ]
    },
    "metadata": {
        "score": {
            "total": 1.3813031076923075,
            "gini_score": 0.8201538461538461,
            "sum_score": 1.6842,
            "total_normalized": 0.6906515538461537,
            "sum_normalized": 0.8421
        },
        "params": {
            "rise_time": 568,
            "fall_time": 2258,
            "omega": 4.666889657152105,
            "init_detuning": 2.3624535010258647,
            "final_detuning": 3.961723774414253
        },
        "mis": [
            [
                0,
                5
            ]
        ],
        "mis_size": 2
    },
    "edges": [
        [
            0,
            1
        ],
        [
            0,
            4
        ],
        [
            0,
            3
        ],
        [
            0,
            2
        ],
        [
            1,
            2
        ],
        [
            1,
            5
        ],
        [
            1,
            4
        ],
        [
            1,
            3
        ],
        [
            2,
            4
        ],
        [
            2,
            3
        ],
        [
            2,
            5
        ],
        [
            4,
            3
        ],
        [
            4,
            5
        ],
        [
            3,
            5
        ]
    ]
}
