{
    "qubits": {
        "0": [
            -7.5,
            -2.598076211353316
        ],
        "1": [
            -1.5,
            -2.598076211353316
        ],
        "2": [
            4.5,
            -2.598076211353316
        ],
        "3": [
            -4.5,
            2.598076211353316
        ],
        "4": [
            1.5,
            2.598076211353316
        ],
        "5": [
            7.5,
            2.598076211353316
        ]
    },
    "metadata": {
        "score": {
            "total": 1.5527292923076923,
            "gini_score": 0.7834153846153846,
            "sum_score": 1.982
        },
        "params": {
            "rise_time": 1675,
            "fall_time": 2127,
            "omega": 9.923029964322835,
            "init_detuning": 6.20988223575476,
            "final_detuning": 7.4353954522731325
        }
    }
}
