{
    "qubits": {
        "0": [
            -3.0,
            -7.794228634059947
        ],
        "1": [
            6.0,
            -7.794228634059947
        ],
        "2": [
            -7.5,
            0.0
        ],
        "3": [
            1.5,
            0.0
        ],
        "4": [
            -3.0,
            7.794228634059947
        ],
        "5": [
            6.0,
            7.794228634059947
        ]
    },
    "metadata": {
        "score": {
            "total": 2.307635212903226,
            "gini_score": 0.8836774193548388,
            "sum_score": 2.6114,
            "total_normalized": 0.7692117376344086,
            "sum_normalized": 0.8704666666666667
        },
        "params": {
            "rise_time": 1406,
            "fall_time": 2755,
            "omega": 10.924160159090661,
            "init_detuning": 4.601026118492166,
            "final_detuning": 4.833504340624182
        },
        "mis": [
            [
                1,
                2,
                5
            ]
        ],
        "mis_size": 3
    },
    "edges": [
        [
            0,
            1
        ],
        [
            0,
            3
        ],
        [
            0,
            2
        ],
        [
            1,
            3
        ],
        [
            2,
            4
        ],
        [
            2,
            3
        ],
        [
            4,
            3
        ],
        [
            4,
            5
        ],
        [
            3,
            5
        ]
    ]
}
