{
    "qubits": {
        "0": [
            -2.333333333333333,
            -6.06217782649107
        ],
        "1": [
            4.666666666666667,
            -6.06217782649107
        ],
        "2": [
            -5.833333333333333,
            0.0
        ],
        "3": [
            1.166666666666667,
            0.0
        ],
        "4": [
            -2.333333333333333,
            6.06217782649107
        ],
        "5": [
            4.666666666666667,
            6.06217782649107
        ]
    },
    "metadata": {
        "score": {
            "total": 0.6406676571428572,
            "gini_score": 0.5921142857142857,
            "sum_score": 1.082
        },
        "params": {
            "rise_time": 479,
            "fall_time": 2056,
            "omega": 4.565500871827345,
            "init_detuning": 5.488651629859529,
            "final_detuning": 7.723673216698669
        }
    }
}
