{
    "qubits": {
        "0": [
            -3.333333333333334,
            -8.660254037844386
        ],
        "1": [
            6.666666666666666,
            -8.660254037844386
        ],
        "2": [
            -8.333333333333334,
            0.0
        ],
        "3": [
            1.666666666666666,
            0.0
        ],
        "4": [
            -3.333333333333334,
            8.660254037844386
        ],
        "5": [
            6.666666666666666,
            8.660254037844386
        ]
    },
    "metadata": {
        "score": {
            "total": 2.1552100457142855,
            "gini_score": 0.8862612244897958,
            "sum_score": 2.4318,
            "total_normalized": 0.7184033485714285,
            "sum_normalized": 0.8106
        },
        "params": {
            "rise_time": 703,
            "fall_time": 2975,
            "omega": 4.2893547143837765,
            "init_detuning": 1.7741700598676644,
            "final_detuning": 3.5350705755436924
        },
        "mis": [
            [
                1,
                2,
                5
            ]
        ],
        "mis_size": 3
    },
    "edges": [
        [
            0,
            1
        ],
        [
            0,
            3
        ],
        [
            0,
            2
        ],
        [
            1,
            3
        ],
        [
            2,
            4
        ],
        [
            2,
            3
        ],
        [
            4,
            3
        ],
        [
            4,
            5
        ],
        [
            3,
            5
        ]
    ]
}
