{
    "qubits": {
        "0": [
            -11.25,
            -3.8971143170299736
        ],
        "1": [
            -2.25,
            -3.8971143170299736
        ],
        "2": [
            6.75,
            -3.8971143170299736
        ],
        "3": [
            -6.75,
            3.8971143170299736
        ],
        "4": [
            2.25,
            3.8971143170299736
        ],
        "5": [
            11.25,
            3.8971143170299736
        ]
    },
    "metadata": {
        "score": {
            "total": 1.5928582823529414,
            "gini_score": 0.8328235294117647,
            "sum_score": 1.9126,
            "total_normalized": 0.7964291411764707,
            "sum_normalized": 0.9563
        },
        "params": {
            "rise_time": 478,
            "fall_time": 2675,
            "omega": 5.784090223306723,
            "init_detuning": 4.164876947521498,
            "final_detuning": 4.395857822379102
        },
        "mis": [
            [
                0,
                2
            ],
            [
                0,
                4
            ],
            [
                0,
                5
            ],
            [
                1,
                5
            ],
            [
                2,
                3
            ],
            [
                3,
                5
            ]
        ],
        "mis_size": 2
    },
    "edges": [
        [
            0,
            1
        ],
        [
            0,
            3
        ],
        [
            1,
            2
        ],
        [
            1,
            4
        ],
        [
            1,
            3
        ],
        [
            2,
            4
        ],
        [
            2,
            5
        ],
        [
            4,
            3
        ],
        [
            4,
            5
        ]
    ]
}
