{
    "qubits": {
        "0": [
            -2.0,
            -5.196152422706632
        ],
        "1": [
            4.0,
            -5.196152422706632
        ],
        "2": [
            -5.0,
            0.0
        ],
        "3": [
            1.0,
            0.0
        ],
        "4": [
            -2.0,
            5.196152422706632
        ],
        "5": [
            4.0,
            5.196152422706632
        ]
    },
    "metadata": {
        "score": {
            "total": 0.4019002,
            "gini_score": 0.6147142857142857,
            "sum_score": 0.6538
        },
        "params": {
            "rise_time": 874,
            "fall_time": 1440,
            "omega": 6.336988086402663,
            "init_detuning": 6.8595183660351395,
            "final_detuning": 0.8396673876115943
        }
    }
}
