{
    "qubits": {
        "0": [
            -3.333333333333334,
            -8.660254037844386
        ],
        "1": [
            6.666666666666666,
            -8.660254037844386
        ],
        "2": [
            -8.333333333333334,
            0.0
        ],
        "3": [
            1.666666666666666,
            0.0
        ],
        "4": [
            -3.333333333333334,
            8.660254037844386
        ],
        "5": [
            6.666666666666666,
            8.660254037844386
        ]
    },
    "metadata": {
        "score": {
            "total": 1.99567286,
            "gini_score": 0.86693,
            "sum_score": 2.302
        },
        "params": {
            "rise_time": 978,
            "fall_time": 3198,
            "omega": 9.598875764251664,
            "init_detuning": 4.96650443406584,
            "final_detuning": 5.120394225952976
        }
    }
}
