{
    "qubits": {
        "0": [
            0.0,
            -27.5
        ],
        "1": [
            0.0,
            -16.5
        ],
        "2": [
            0.0,
            -5.5
        ],
        "3": [
            0.0,
            5.5
        ],
        "4": [
            0.0,
            16.5
        ],
        "5": [
            0.0,
            27.5
        ]
    },
    "metadata": {
        "score": {
            "total": 2.064596222702703,
            "gini_score": 0.7964648648648649,
            "sum_score": 2.5922,
            "total_normalized": 0.6881987409009009,
            "sum_normalized": 0.8640666666666666
        },
        "params": {
            "rise_time": 1127,
            "fall_time": 3321,
            "omega": 1.3792188466501303,
            "init_detuning": 3.0476968841396435,
            "final_detuning": 0.37524980546215403
        },
        "mis": [
            [
                0,
                2,
                4
            ],
            [
                0,
                2,
                5
            ],
            [
                0,
                3,
                5
            ],
            [
                1,
                3,
                5
            ]
        ],
        "mis_size": 3
    },
    "edges": [
        [
            0,
            1
        ],
        [
            1,
            2
        ],
        [
            2,
            3
        ],
        [
            3,
            4
        ],
        [
            4,
            5
        ]
    ]
}
