{
    "qubits": {
        "0": [
            -7.0,
            -3.5
        ],
        "1": [
            0.0,
            -3.5
        ],
        "2": [
            7.0,
            -3.5
        ],
        "3": [
            -7.0,
            3.5
        ],
        "4": [
            0.0,
            3.5
        ],
        "5": [
            7.0,
            3.5
        ]
    },
    "metadata": {
        "score": {
            "total": 1.3793485929411764,
            "gini_score": 0.629035294117647,
            "sum_score": 2.1928
        },
        "params": {
            "rise_time": 1380,
            "fall_time": 747,
            "omega": 5.159897593493721,
            "init_detuning": 4.027771622369931,
            "final_detuning": 7.270541422790184
        }
    }
}
