{
    "qubits": {
        "0": [
            0.0,
            -20.0
        ],
        "1": [
            0.0,
            -12.0
        ],
        "2": [
            0.0,
            -4.0
        ],
        "3": [
            0.0,
            4.0
        ],
        "4": [
            0.0,
            12.0
        ],
        "5": [
            0.0,
            20.0
        ]
    },
    "metadata": {
        "score": {
            "total": 2.2884190036363634,
            "gini_score": 0.7903090909090909,
            "sum_score": 2.8956,
            "total_normalized": 0.7628063345454544,
            "sum_normalized": 0.9652
        },
        "params": {
            "rise_time": 831,
            "fall_time": 1756,
            "omega": 9.63882200383512,
            "init_detuning": 7.3980779481970025,
            "final_detuning": 6.9670944275522055
        },
        "mis": [
            [
                0,
                2,
                4
            ],
            [
                0,
                2,
                5
            ],
            [
                0,
                3,
                5
            ],
            [
                1,
                3,
                5
            ]
        ],
        "mis_size": 3
    },
    "edges": [
        [
            0,
            1
        ],
        [
            1,
            2
        ],
        [
            2,
            3
        ],
        [
            3,
            4
        ],
        [
            4,
            5
        ]
    ]
}
