{
    "qubits": {
        "0": [
            -5.0,
            -10.0
        ],
        "1": [
            5.0,
            -10.0
        ],
        "2": [
            -5.0,
            0.0
        ],
        "3": [
            5.0,
            0.0
        ],
        "4": [
            -5.0,
            10.0
        ],
        "5": [
            5.0,
            10.0
        ]
    },
    "metadata": {
        "score": {
            "total": 2.0877945365853656,
            "gini_score": 0.8282926829268292,
            "sum_score": 2.5206
        },
        "params": {
            "rise_time": 1314,
            "fall_time": 2515,
            "omega": 2.6575736895269837,
            "init_detuning": 1.8229602675510521,
            "final_detuning": 3.430372325940613
        }
    }
}
