{
    "qubits": {
        "0": [
            -4.5,
            -9.0
        ],
        "1": [
            4.5,
            -9.0
        ],
        "2": [
            -4.5,
            0.0
        ],
        "3": [
            4.5,
            0.0
        ],
        "4": [
            -4.5,
            9.0
        ],
        "5": [
            4.5,
            9.0
        ]
    },
    "metadata": {
        "score": {
            "total": 1.02836224,
            "gini_score": 0.7189333333333334,
            "sum_score": 1.4304
        },
        "params": {
            "rise_time": 1301,
            "fall_time": 1452,
            "omega": 11.56275734240979,
            "init_detuning": 6.530481431697751,
            "final_detuning": 2.7128577421639477
        }
    }
}
