{
    "qubits": {
        "0": [
            -5.0,
            -10.0
        ],
        "1": [
            5.0,
            -10.0
        ],
        "2": [
            -5.0,
            0.0
        ],
        "3": [
            5.0,
            0.0
        ],
        "4": [
            -5.0,
            10.0
        ],
        "5": [
            5.0,
            10.0
        ]
    },
    "metadata": {
        "score": {
            "total": 2.2249892352,
            "gini_score": 0.869952,
            "sum_score": 2.5576,
            "total_normalized": 0.7416630783999999,
            "sum_normalized": 0.8525333333333333
        },
        "params": {
            "rise_time": 1168,
            "fall_time": 3218,
            "omega": 3.2037978612604254,
            "init_detuning": 2.221474611197878,
            "final_detuning": 3.8219426679937816
        },
        "mis": [
            [
                0,
                3,
                4
            ],
            [
                1,
                2,
                5
            ]
        ],
        "mis_size": 3
    },
    "edges": [
        [
            0,
            1
        ],
        [
            0,
            2
        ],
        [
            1,
            3
        ],
        [
            2,
            4
        ],
        [
            2,
            3
        ],
        [
            4,
            5
        ],
        [
            3,
            5
        ]
    ]
}
