{
    "qubits": {
        "0": [
            0.0,
            -15.0
        ],
        "1": [
            0.0,
            -9.0
        ],
        "2": [
            0.0,
            -3.0
        ],
        "3": [
            0.0,
            3.0
        ],
        "4": [
            0.0,
            9.0
        ],
        "5": [
            0.0,
            15.0
        ]
    },
    "metadata": {
        "score": {
            "total": 0.8663165676190476,
            "gini_score": 0.5911809523809524,
            "sum_score": 1.4654,
            "total_normalized": 0.4331582838095238,
            "sum_normalized": 0.7327
        },
        "params": {
            "rise_time": 863,
            "fall_time": 2668,
            "omega": 8.97340421031364,
            "init_detuning": 4.026192908689499,
            "final_detuning": 1.5276199814713782
        },
        "mis": [
            [
                0,
                3
            ],
            [
                0,
                4
            ],
            [
                0,
                5
            ],
            [
                1,
                4
            ],
            [
                1,
                5
            ],
            [
                2,
                5
            ]
        ],
        "mis_size": 2
    },
    "edges": [
        [
            0,
            1
        ],
        [
            0,
            2
        ],
        [
            1,
            2
        ],
        [
            1,
            3
        ],
        [
            2,
            4
        ],
        [
            2,
            3
        ],
        [
            4,
            3
        ],
        [
            4,
            5
        ],
        [
            3,
            5
        ]
    ]
}
