{
    "qubits": {
        "0": [
            -8.0,
            -4.0
        ],
        "1": [
            0.0,
            -4.0
        ],
        "2": [
            8.0,
            -4.0
        ],
        "3": [
            -8.0,
            4.0
        ],
        "4": [
            0.0,
            4.0
        ],
        "5": [
            8.0,
            4.0
        ]
    },
    "metadata": {
        "score": {
            "total": 1.350238476190476,
            "gini_score": 0.7671809523809523,
            "sum_score": 1.76,
            "total_normalized": 0.675119238095238,
            "sum_normalized": 0.88
        },
        "params": {
            "rise_time": 1446,
            "fall_time": 3118,
            "omega": 5.210949460770053,
            "init_detuning": 4.425575090776055,
            "final_detuning": 2.4610690004043727
        },
        "mis": [
            [
                0,
                2
            ],
            [
                0,
                5
            ],
            [
                2,
                3
            ],
            [
                3,
                5
            ]
        ],
        "mis_size": 2
    },
    "edges": [
        [
            0,
            1
        ],
        [
            0,
            4
        ],
        [
            0,
            3
        ],
        [
            1,
            2
        ],
        [
            1,
            5
        ],
        [
            1,
            4
        ],
        [
            1,
            3
        ],
        [
            2,
            4
        ],
        [
            2,
            5
        ],
        [
            4,
            3
        ],
        [
            4,
            5
        ]
    ]
}
