{
    "qubits": {
        "0": [
            -3.0,
            -6.0
        ],
        "1": [
            3.0,
            -6.0
        ],
        "2": [
            -3.0,
            0.0
        ],
        "3": [
            3.0,
            0.0
        ],
        "4": [
            -3.0,
            6.0
        ],
        "5": [
            3.0,
            6.0
        ]
    },
    "metadata": {
        "score": {
            "total": 1.1800456094117646,
            "gini_score": 0.7949647058823529,
            "sum_score": 1.4844
        },
        "params": {
            "rise_time": 1450,
            "fall_time": 2746,
            "omega": 12.052762488979097,
            "init_detuning": 5.516988241804326,
            "final_detuning": 7.31452482683822
        }
    }
}
