{
    "qubits": {
        "0": [
            -5.5,
            -11.0
        ],
        "1": [
            5.5,
            -11.0
        ],
        "2": [
            -5.5,
            0.0
        ],
        "3": [
            5.5,
            0.0
        ],
        "4": [
            -5.5,
            11.0
        ],
        "5": [
            5.5,
            11.0
        ]
    },
    "metadata": {
        "score": {
            "total": 1.550899530526316,
            "gini_score": 0.7211473684210528,
            "sum_score": 2.1506
        },
        "params": {
            "rise_time": 1157,
            "fall_time": 2153,
            "omega": 1.8677441838991973,
            "init_detuning": 3.504597451857471,
            "final_detuning": 0.882676808189724
        }
    }
}
