{
    "qubits": {
        "0": [
            0.0,
            -25.0
        ],
        "1": [
            0.0,
            -15.0
        ],
        "2": [
            0.0,
            -5.0
        ],
        "3": [
            0.0,
            5.0
        ],
        "4": [
            0.0,
            15.0
        ],
        "5": [
            0.0,
            25.0
        ]
    },
    "metadata": {
        "score": {
            "total": 2.0107192696296297,
            "gini_score": 0.8343925925925926,
            "sum_score": 2.4098
        },
        "params": {
            "rise_time": 1057,
            "fall_time": 3222,
            "omega": 11.880331961126682,
            "init_detuning": 4.6625444527507725,
            "final_detuning": 4.325809579824137
        }
    }
}
