{
    "qubits": {
        "0": [
            -3.5,
            -7.0
        ],
        "1": [
            3.5,
            -7.0
        ],
        "2": [
            -3.5,
            0.0
        ],
        "3": [
            3.5,
            0.0
        ],
        "4": [
            -3.5,
            7.0
        ],
        "5": [
            3.5,
            7.0
        ]
    },
    "metadata": {
        "score": {
            "total": 1.216992,
            "gini_score": 0.672,
            "sum_score": 1.811
        },
        "params": {
            "rise_time": 1616,
            "fall_time": 2873,
            "omega": 5.879938535507147,
            "init_detuning": 3.942092406502285,
            "final_detuning": 2.110294086760447
        }
    }
}
