{
    "qubits": {
        "0": [
            0.0,
            -27.5
        ],
        "1": [
            0.0,
            -16.5
        ],
        "2": [
            0.0,
            -5.5
        ],
        "3": [
            0.0,
            5.5
        ],
        "4": [
            0.0,
            16.5
        ],
        "5": [
            0.0,
            27.5
        ]
    },
    "metadata": {
        "score": {
            "total": 1.8897301549999999,
            "gini_score": 0.7821083333333333,
            "sum_score": 2.4162
        },
        "params": {
            "rise_time": 1448,
            "fall_time": 2237,
            "omega": 2.454242770645824,
            "init_detuning": 3.689648921006488,
            "final_detuning": 0.4293072502071224
        }
    }
}
