{
    "qubits": {
        "0": [
            -11.0,
            -5.5
        ],
        "1": [
            0.0,
            -5.5
        ],
        "2": [
            11.0,
            -5.5
        ],
        "3": [
            -11.0,
            5.5
        ],
        "4": [
            0.0,
            5.5
        ],
        "5": [
            11.0,
            5.5
        ]
    },
    "metadata": {
        "score": {
            "total": 1.8093711638709682,
            "gini_score": 0.825367741935484,
            "sum_score": 2.1922,
            "total_normalized": 0.6031237212903228,
            "sum_normalized": 0.7307333333333333
        },
        "params": {
            "rise_time": 552,
            "fall_time": 3047,
            "omega": 4.638578463085913,
            "init_detuning": 3.04961244652527,
            "final_detuning": 2.6761300892166426
        },
        "mis": [
            [
                0,
                2,
                4
            ],
            [
                1,
                3,
                5
            ]
        ],
        "mis_size": 3
    },
    "edges": [
        [
            0,
            1
        ],
        [
            0,
            3
        ],
        [
            1,
            2
        ],
        [
            1,
            4
        ],
        [
            2,
            5
        ],
        [
            3,
            4
        ],
        [
            4,
            5
        ]
    ]
}
