{
    "qubits": {
        "0": [
            0.0,
            -17.5
        ],
        "1": [
            0.0,
            -10.5
        ],
        "2": [
            0.0,
            -3.5
        ],
        "3": [
            0.0,
            3.5
        ],
        "4": [
            0.0,
            10.5
        ],
        "5": [
            0.0,
            17.5
        ]
    },
    "metadata": {
        "score": {
            "total": 2.418964832,
            "gini_score": 0.8320599999999999,
            "sum_score": 2.9072
        },
        "params": {
            "rise_time": 235,
            "fall_time": 3184,
            "omega": 9.360329251152683,
            "init_detuning": 6.143926827663854,
            "final_detuning": 4.958664948634799
        }
    }
}
