{
    "qubits": {
        "0": [
            -5.5,
            -11.0
        ],
        "1": [
            5.5,
            -11.0
        ],
        "2": [
            -5.5,
            0.0
        ],
        "3": [
            5.5,
            0.0
        ],
        "4": [
            -5.5,
            11.0
        ],
        "5": [
            5.5,
            11.0
        ]
    },
    "metadata": {
        "score": {
            "total": 1.6826886399999998,
            "gini_score": 0.7796,
            "sum_score": 2.1584,
            "total_normalized": 0.5608962133333333,
            "sum_normalized": 0.7194666666666666
        },
        "params": {
            "rise_time": 640,
            "fall_time": 2988,
            "omega": 4.276823613431461,
            "init_detuning": 2.9377656391197116,
            "final_detuning": 1.1113385768563546
        },
        "mis": [
            [
                0,
                3,
                4
            ],
            [
                1,
                2,
                5
            ]
        ],
        "mis_size": 3
    },
    "edges": [
        [
            0,
            1
        ],
        [
            0,
            2
        ],
        [
            1,
            3
        ],
        [
            2,
            4
        ],
        [
            2,
            3
        ],
        [
            4,
            5
        ],
        [
            3,
            5
        ]
    ]
}
