{
    "qubits": {
        "0": [
            -10.0,
            -5.0
        ],
        "1": [
            0.0,
            -5.0
        ],
        "2": [
            10.0,
            -5.0
        ],
        "3": [
            -10.0,
            5.0
        ],
        "4": [
            0.0,
            5.0
        ],
        "5": [
            10.0,
            5.0
        ]
    },
    "metadata": {
        "score": {
            "total": 2.176704384,
            "gini_score": 0.86542,
            "sum_score": 2.5152,
            "total_normalized": 0.725568128,
            "sum_normalized": 0.8384
        },
        "params": {
            "rise_time": 417,
            "fall_time": 2199,
            "omega": 6.038173509563422,
            "init_detuning": 6.379791520122137,
            "final_detuning": 3.8720885388859605
        },
        "mis": [
            [
                0,
                2,
                4
            ],
            [
                1,
                3,
                5
            ]
        ],
        "mis_size": 3
    },
    "edges": [
        [
            0,
            1
        ],
        [
            0,
            3
        ],
        [
            1,
            2
        ],
        [
            1,
            4
        ],
        [
            2,
            5
        ],
        [
            3,
            4
        ],
        [
            4,
            5
        ]
    ]
}
