{
    "qubits": {
        "0": [
            -4.0,
            -8.0
        ],
        "1": [
            4.0,
            -8.0
        ],
        "2": [
            -4.0,
            0.0
        ],
        "3": [
            4.0,
            0.0
        ],
        "4": [
            -4.0,
            8.0
        ],
        "5": [
            4.0,
            8.0
        ]
    },
    "metadata": {
        "score": {
            "total": 1.2428135599999999,
            "gini_score": 0.7860933333333333,
            "sum_score": 1.581
        },
        "params": {
            "rise_time": 656,
            "fall_time": 1764,
            "omega": 9.87234833775264,
            "init_detuning": 5.710786076479383,
            "final_detuning": 2.777582541622502
        }
    }
}
