{
    "qubits": {
        "0": [
            -3.0,
            -6.0
        ],
        "1": [
            3.0,
            -6.0
        ],
        "2": [
            -3.0,
            0.0
        ],
        "3": [
            3.0,
            0.0
        ],
        "4": [
            -3.0,
            6.0
        ],
        "5": [
            3.0,
            6.0
        ]
    },
    "metadata": {
        "score": {
            "total": 0.9809344235294116,
            "gini_score": 0.7530588235294117,
            "sum_score": 1.3026,
            "total_normalized": 0.4904672117647058,
            "sum_normalized": 0.6513
        },
        "params": {
            "rise_time": 1324,
            "fall_time": 1720,
            "omega": 12.200688281926196,
            "init_detuning": 6.858495452984437,
            "final_detuning": 7.840898887825788
        },
        "mis": [
            [
                0,
                5
            ],
            [
                1,
                4
            ]
        ],
        "mis_size": 2
    },
    "edges": [
        [
            0,
            1
        ],
        [
            0,
            4
        ],
        [
            0,
            3
        ],
        [
            0,
            2
        ],
        [
            1,
            2
        ],
        [
            1,
            5
        ],
        [
            1,
            3
        ],
        [
            2,
            4
        ],
        [
            2,
            3
        ],
        [
            2,
            5
        ],
        [
            4,
            3
        ],
        [
            4,
            5
        ],
        [
            3,
            5
        ]
    ]
}
