{
    "qubits": {
        "0": [
            -9.0,
            -4.5
        ],
        "1": [
            0.0,
            -4.5
        ],
        "2": [
            9.0,
            -4.5
        ],
        "3": [
            -9.0,
            4.5
        ],
        "4": [
            0.0,
            4.5
        ],
        "5": [
            9.0,
            4.5
        ]
    },
    "metadata": {
        "score": {
            "total": 1.083596853333333,
            "gini_score": 0.7380444444444444,
            "sum_score": 1.4682,
            "total_normalized": 0.5417984266666666,
            "sum_normalized": 0.7341
        },
        "params": {
            "rise_time": 692,
            "fall_time": 2850,
            "omega": 5.309920037162097,
            "init_detuning": 1.5854922619580718,
            "final_detuning": 0.615227398181049
        },
        "mis": [
            [
                0,
                2
            ],
            [
                0,
                5
            ],
            [
                2,
                3
            ],
            [
                3,
                5
            ]
        ],
        "mis_size": 2
    },
    "edges": [
        [
            0,
            1
        ],
        [
            0,
            4
        ],
        [
            0,
            3
        ],
        [
            1,
            2
        ],
        [
            1,
            5
        ],
        [
            1,
            4
        ],
        [
            1,
            3
        ],
        [
            2,
            4
        ],
        [
            2,
            5
        ],
        [
            4,
            3
        ],
        [
            4,
            5
        ]
    ]
}
