{
    "qubits": {
        "0": [
            0.0,
            -17.5
        ],
        "1": [
            0.0,
            -10.5
        ],
        "2": [
            0.0,
            -3.5
        ],
        "3": [
            0.0,
            3.5
        ],
        "4": [
            0.0,
            10.5
        ],
        "5": [
            0.0,
            17.5
        ]
    },
    "metadata": {
        "score": {
            "total": 2.399578096,
            "gini_score": 0.83714,
            "sum_score": 2.8664,
            "total_normalized": 0.7998593653333333,
            "sum_normalized": 0.9554666666666667
        },
        "params": {
            "rise_time": 273,
            "fall_time": 1980,
            "omega": 7.318733811959314,
            "init_detuning": 5.91008704745789,
            "final_detuning": 7.4505071825419815
        },
        "mis": [
            [
                0,
                2,
                4
            ],
            [
                0,
                2,
                5
            ],
            [
                0,
                3,
                5
            ],
            [
                1,
                3,
                5
            ]
        ],
        "mis_size": 3
    },
    "edges": [
        [
            0,
            1
        ],
        [
            1,
            2
        ],
        [
            2,
            3
        ],
        [
            3,
            4
        ],
        [
            4,
            5
        ]
    ]
}
