{
    "qubits": {
        "0": [
            -7.0,
            -3.5
        ],
        "1": [
            0.0,
            -3.5
        ],
        "2": [
            7.0,
            -3.5
        ],
        "3": [
            -7.0,
            3.5
        ],
        "4": [
            0.0,
            3.5
        ],
        "5": [
            7.0,
            3.5
        ]
    },
    "metadata": {
        "score": {
            "total": 1.5299043576470588,
            "gini_score": 0.8004941176470588,
            "sum_score": 1.9112,
            "total_normalized": 0.7649521788235294,
            "sum_normalized": 0.9556
        },
        "params": {
            "rise_time": 968,
            "fall_time": 2578,
            "omega": 14.9251144414254,
            "init_detuning": 5.403006988088418,
            "final_detuning": 7.915210794120004
        },
        "mis": [
            [
                0,
                2
            ],
            [
                0,
                5
            ],
            [
                2,
                3
            ],
            [
                3,
                5
            ]
        ],
        "mis_size": 2
    },
    "edges": [
        [
            0,
            1
        ],
        [
            0,
            4
        ],
        [
            0,
            3
        ],
        [
            1,
            2
        ],
        [
            1,
            5
        ],
        [
            1,
            4
        ],
        [
            1,
            3
        ],
        [
            2,
            4
        ],
        [
            2,
            5
        ],
        [
            4,
            3
        ],
        [
            4,
            5
        ]
    ]
}
