{
    "qubits": {
        "0": [
            -6.0,
            -3.0
        ],
        "1": [
            0.0,
            -3.0
        ],
        "2": [
            6.0,
            -3.0
        ],
        "3": [
            -6.0,
            3.0
        ],
        "4": [
            0.0,
            3.0
        ],
        "5": [
            6.0,
            3.0
        ]
    },
    "metadata": {
        "score": {
            "total": 1.5094961694117646,
            "gini_score": 0.7771294117647058,
            "sum_score": 1.9424
        },
        "params": {
            "rise_time": 1593,
            "fall_time": 2078,
            "omega": 10.578672245289843,
            "init_detuning": 6.371844850074684,
            "final_detuning": 6.931054543862319
        }
    }
}
