{
    "qubits": {
        "0": [
            0.0,
            -22.5
        ],
        "1": [
            0.0,
            -13.5
        ],
        "2": [
            0.0,
            -4.5
        ],
        "3": [
            0.0,
            4.5
        ],
        "4": [
            0.0,
            13.5
        ],
        "5": [
            0.0,
            22.5
        ]
    },
    "metadata": {
        "score": {
            "total": 2.439669397894737,
            "gini_score": 0.8779578947368423,
            "sum_score": 2.7788,
            "total_normalized": 0.813223132631579,
            "sum_normalized": 0.9262666666666667
        },
        "params": {
            "rise_time": 1097,
            "fall_time": 3081,
            "omega": 3.630475799671661,
            "init_detuning": 1.0959266963066943,
            "final_detuning": 3.6431481250156006
        },
        "mis": [
            [
                0,
                2,
                4
            ],
            [
                0,
                2,
                5
            ],
            [
                0,
                3,
                5
            ],
            [
                1,
                3,
                5
            ]
        ],
        "mis_size": 3
    },
    "edges": [
        [
            0,
            1
        ],
        [
            1,
            2
        ],
        [
            2,
            3
        ],
        [
            3,
            4
        ],
        [
            4,
            5
        ]
    ]
}
