{
    "qubits": {
        "0": [
            -3.5,
            -7.0
        ],
        "1": [
            3.5,
            -7.0
        ],
        "2": [
            -3.5,
            0.0
        ],
        "3": [
            3.5,
            0.0
        ],
        "4": [
            -3.5,
            7.0
        ],
        "5": [
            3.5,
            7.0
        ]
    },
    "metadata": {
        "score": {
            "total": 1.4877098830769229,
            "gini_score": 0.760276923076923,
            "sum_score": 1.9568,
            "total_normalized": 0.7438549415384614,
            "sum_normalized": 0.9784
        },
        "params": {
            "rise_time": 1284,
            "fall_time": 2606,
            "omega": 11.10954947531127,
            "init_detuning": 5.057997736122515,
            "final_detuning": 6.7206473799687885
        },
        "mis": [
            [
                0,
                4
            ],
            [
                0,
                5
            ],
            [
                1,
                4
            ],
            [
                1,
                5
            ]
        ],
        "mis_size": 2
    },
    "edges": [
        [
            0,
            1
        ],
        [
            0,
            3
        ],
        [
            0,
            2
        ],
        [
            1,
            2
        ],
        [
            1,
            3
        ],
        [
            2,
            4
        ],
        [
            2,
            3
        ],
        [
            2,
            5
        ],
        [
            4,
            3
        ],
        [
            4,
            5
        ],
        [
            3,
            5
        ]
    ]
}
