{
    "qubits": {
        "0": [
            0.0,
            0
        ],
        "1": [
            0.0,
            11
        ],
        "2": [
            9.526279441628825,
            11
        ],
        "3": [
            0.0,
            22
        ],
        "4": [
            9.526279441628825,
            22
        ],
        "5": [
            19.05255888325765,
            22
        ]
    },
    "metadata": {
        "score": {
            "total": 3.0135700421052634,
            "gini_score": 0.8918526315789475,
            "sum_score": 3.379
        },
        "params": {
            "rise_time": 437,
            "fall_time": 3206,
            "omega": 8.687369015668565,
            "init_detuning": 3.1689012653279103,
            "final_detuning": 4.536137547333581
        }
    }
}
