{
    "qubits": {
        "q0": [
            -4.0,
            -2.67
        ],
        "q1": [
            0.0,
            -2.67
        ],
        "q2": [
            4.0,
            -2.67
        ],
        "q3": [
            -2.0,
            1.33
        ],
        "q4": [
            2.0,
            1.33
        ],
        "q5": [
            0.0,
            5.33
        ]
    },
    "metadata": {
        "score": {
            "total": 0.6712372799999999,
            "gini_score": 0.6918545454545454,
            "sum_score": 0.9702
        },
        "params": {
            "rise_time": 1147,
            "fall_time": 1246,
            "omega": 6.9768758022586885,
            "init_detuning": 7.561654032202995,
            "final_detuning": 5.599425729091005
        }
    }
}
