{
    "qubits": {
        "0": [
            0.0,
            0
        ],
        "1": [
            0.0,
            11
        ],
        "2": [
            9.526279441628825,
            11
        ],
        "3": [
            0.0,
            22
        ],
        "4": [
            9.526279441628825,
            22
        ],
        "5": [
            19.05255888325765,
            22
        ]
    },
    "metadata": {
        "score": {
            "total": 3.2551629049999997,
            "gini_score": 0.9225083333333333,
            "sum_score": 3.5286,
            "total_normalized": 0.8137907262499999,
            "sum_normalized": 0.88215
        },
        "params": {
            "rise_time": 1325,
            "fall_time": 3121,
            "omega": 12.748226669607758,
            "init_detuning": 6.090954625620954,
            "final_detuning": 4.988264959747804
        },
        "mis": [
            [
                0,
                2,
                3,
                5
            ]
        ],
        "mis_size": 4
    },
    "edges": [
        [
            0,
            1
        ],
        [
            1,
            2
        ],
        [
            1,
            3
        ],
        [
            2,
            4
        ],
        [
            4,
            3
        ],
        [
            4,
            5
        ]
    ]
}
