{
    "qubits": {
        "0": [
            0.0,
            0
        ],
        "1": [
            0.0,
            6
        ],
        "2": [
            5.196152422706632,
            6
        ],
        "3": [
            0.0,
            12
        ],
        "4": [
            5.196152422706632,
            12
        ],
        "5": [
            10.392304845413264,
            12
        ]
    },
    "metadata": {
        "score": {
            "total": 1.2559060800000001,
            "gini_score": 0.7722,
            "sum_score": 1.6264
        },
        "params": {
            "rise_time": 653,
            "fall_time": 2447,
            "omega": 3.1607155830261164,
            "init_detuning": 5.305004188591967,
            "final_detuning": 1.6877134948432617
        }
    }
}
