{
    "qubits": {
        "0": [
            0.0,
            0
        ],
        "1": [
            0.0,
            7
        ],
        "2": [
            6.06217782649107,
            7
        ],
        "3": [
            0.0,
            14
        ],
        "4": [
            6.06217782649107,
            14
        ],
        "5": [
            12.12435565298214,
            14
        ]
    },
    "metadata": {
        "score": {
            "total": 1.1521504047058824,
            "gini_score": 0.7470823529411765,
            "sum_score": 1.5422
        },
        "params": {
            "rise_time": 1294,
            "fall_time": 2982,
            "omega": 6.135308360222348,
            "init_detuning": 4.638077835891557,
            "final_detuning": 3.052091405961079
        }
    }
}
