{
    "qubits": {
        "q0": [
            -6.88,
            -5.94
        ],
        "q1": [
            0.07,
            -6.09
        ],
        "q2": [
            7.2,
            -6.1
        ],
        "q3": [
            -3.49,
            -0.23
        ],
        "q4": [
            3.84,
            -0.29
        ],
        "q5": [
            0.0,
            5.33
        ]
    },
    "metadata": {
        "score": {
            "total": 0.7056215374999999,
            "gini_score": 0.7451125,
            "sum_score": 0.947,
            "total_normalized": 0.35281076874999995,
            "sum_normalized": 0.4735
        },
        "params": {
            "rise_time": 977,
            "fall_time": 23,
            "omega": 14.858777344018907,
            "init_detuning": 4.0580125883662275,
            "final_detuning": 6.407126295606753
        },
        "mis": [
            [
                0,
                2
            ],
            [
                2,
                5
            ]
        ],
        "mis_size": 2
    },
    "edges": [
        [
            0,
            1
        ],
        [
            0,
            4
        ],
        [
            0,
            3
        ],
        [
            0,
            5
        ],
        [
            1,
            2
        ],
        [
            1,
            5
        ],
        [
            1,
            4
        ],
        [
            1,
            3
        ],
        [
            2,
            4
        ],
        [
            2,
            3
        ],
        [
            4,
            3
        ],
        [
            4,
            5
        ],
        [
            3,
            5
        ]
    ]
}
