{
    "qubits": {
        "q0": [
            -6.88,
            -5.94
        ],
        "q1": [
            0.07,
            -6.09
        ],
        "q2": [
            7.2,
            -6.1
        ],
        "q3": [
            -3.49,
            -0.23
        ],
        "q4": [
            3.84,
            -0.29
        ],
        "q5": [
            0.0,
            5.33
        ]
    },
    "metadata": {
        "score": {
            "total": 0.6175597999999999,
            "gini_score": 0.5842571428571428,
            "sum_score": 1.057
        },
        "params": {
            "rise_time": 1147,
            "fall_time": 828,
            "omega": 3.3611430294211715,
            "init_detuning": 1.305751713091433,
            "final_detuning": 2.9467062882503363
        }
    }
}
