{
    "qubits": {
        "0": [
            0.0,
            0
        ],
        "1": [
            0.0,
            7
        ],
        "2": [
            6.06217782649107,
            7
        ],
        "3": [
            0.0,
            14
        ],
        "4": [
            6.06217782649107,
            14
        ],
        "5": [
            12.12435565298214,
            14
        ]
    },
    "metadata": {
        "score": {
            "total": 1.105633584,
            "gini_score": 0.7864800000000001,
            "sum_score": 1.4058,
            "total_normalized": 0.552816792,
            "sum_normalized": 0.7029
        },
        "params": {
            "rise_time": 1009,
            "fall_time": 2277,
            "omega": 7.219852033070417,
            "init_detuning": 4.6648370611789,
            "final_detuning": 3.9728173673279157
        },
        "mis": [
            [
                0,
                3
            ],
            [
                0,
                4
            ],
            [
                0,
                5
            ],
            [
                1,
                5
            ]
        ],
        "mis_size": 2
    },
    "edges": [
        [
            0,
            1
        ],
        [
            0,
            2
        ],
        [
            1,
            2
        ],
        [
            1,
            4
        ],
        [
            1,
            3
        ],
        [
            2,
            4
        ],
        [
            2,
            3
        ],
        [
            2,
            5
        ],
        [
            4,
            3
        ],
        [
            4,
            5
        ],
        [
            3,
            5
        ]
    ]
}
