{
    "qubits": {
        "0": [
            0.0,
            0
        ],
        "1": [
            0.0,
            8
        ],
        "2": [
            6.928203230275509,
            8
        ],
        "3": [
            0.0,
            16
        ],
        "4": [
            6.928203230275509,
            16
        ],
        "5": [
            13.856406460551018,
            16
        ]
    },
    "metadata": {
        "score": {
            "total": 2.16197392,
            "gini_score": 0.8483652173913043,
            "sum_score": 2.5484
        },
        "params": {
            "rise_time": 290,
            "fall_time": 3317,
            "omega": 8.066572816177187,
            "init_detuning": 5.715281811224419,
            "final_detuning": 4.630409548345995
        }
    }
}
