{
    "qubits": {
        "0": [
            0.0,
            0
        ],
        "1": [
            0.0,
            9
        ],
        "2": [
            7.794228634059947,
            9
        ],
        "3": [
            0.0,
            18
        ],
        "4": [
            7.794228634059947,
            18
        ],
        "5": [
            15.588457268119894,
            18
        ]
    },
    "metadata": {
        "score": {
            "total": 2.1351093517241377,
            "gini_score": 0.8595448275862069,
            "sum_score": 2.484,
            "total_normalized": 0.7117031172413792,
            "sum_normalized": 0.828
        },
        "params": {
            "rise_time": 347,
            "fall_time": 3167,
            "omega": 6.532811717791699,
            "init_detuning": 5.768053508339091,
            "final_detuning": 2.653182118374003
        },
        "mis": [
            [
                0,
                3,
                5
            ]
        ],
        "mis_size": 3
    },
    "edges": [
        [
            0,
            1
        ],
        [
            0,
            2
        ],
        [
            1,
            2
        ],
        [
            1,
            4
        ],
        [
            1,
            3
        ],
        [
            2,
            4
        ],
        [
            2,
            3
        ],
        [
            2,
            5
        ],
        [
            4,
            3
        ],
        [
            4,
            5
        ]
    ]
}
