{
    "qubits": {
        "0": [
            0.0,
            0
        ],
        "1": [
            0.0,
            8
        ],
        "2": [
            6.928203230275509,
            8
        ],
        "3": [
            0.0,
            16
        ],
        "4": [
            6.928203230275509,
            16
        ],
        "5": [
            13.856406460551018,
            16
        ]
    },
    "metadata": {
        "score": {
            "total": 2.3714671299999996,
            "gini_score": 0.8841499999999999,
            "sum_score": 2.6822,
            "total_normalized": 0.7904890433333333,
            "sum_normalized": 0.8940666666666667
        },
        "params": {
            "rise_time": 556,
            "fall_time": 1247,
            "omega": 5.00164778274607,
            "init_detuning": 2.547463697909653,
            "final_detuning": 4.125649122995852
        },
        "mis": [
            [
                0,
                3,
                5
            ]
        ],
        "mis_size": 3
    },
    "edges": [
        [
            0,
            1
        ],
        [
            0,
            2
        ],
        [
            1,
            2
        ],
        [
            1,
            4
        ],
        [
            1,
            3
        ],
        [
            2,
            4
        ],
        [
            2,
            3
        ],
        [
            2,
            5
        ],
        [
            4,
            3
        ],
        [
            4,
            5
        ]
    ]
}
