{
    "qubits": {
        "0": [
            0.0,
            0
        ],
        "1": [
            0.0,
            10
        ],
        "2": [
            8.660254037844386,
            10
        ],
        "3": [
            0.0,
            20
        ],
        "4": [
            8.660254037844386,
            20
        ],
        "5": [
            17.32050807568877,
            20
        ]
    },
    "metadata": {
        "score": {
            "total": 1.165719308108108,
            "gini_score": 0.7287567567567568,
            "sum_score": 1.5996
        },
        "params": {
            "rise_time": 1225,
            "fall_time": 2983,
            "omega": 14.678538808319177,
            "init_detuning": 5.7224097183138,
            "final_detuning": 1.7309081195669338
        }
    }
}
