{
    "qubits": {
        "0": [
            0.0,
            0
        ],
        "1": [
            0.0,
            10
        ],
        "2": [
            8.660254037844386,
            10
        ],
        "3": [
            0.0,
            20
        ],
        "4": [
            8.660254037844386,
            20
        ],
        "5": [
            17.32050807568877,
            20
        ]
    },
    "metadata": {
        "score": {
            "total": 1.2428083894736843,
            "gini_score": 0.8064947368421054,
            "sum_score": 1.541,
            "total_normalized": 0.41426946315789476,
            "sum_normalized": 0.5136666666666666
        },
        "params": {
            "rise_time": 1484,
            "fall_time": 2786,
            "omega": 11.13912024269047,
            "init_detuning": 4.9209709269141655,
            "final_detuning": 2.908810025319678
        },
        "mis": [
            [
                0,
                3,
                5
            ]
        ],
        "mis_size": 3
    },
    "edges": [
        [
            0,
            1
        ],
        [
            0,
            2
        ],
        [
            1,
            2
        ],
        [
            1,
            4
        ],
        [
            1,
            3
        ],
        [
            2,
            4
        ],
        [
            2,
            3
        ],
        [
            2,
            5
        ],
        [
            4,
            3
        ],
        [
            4,
            5
        ]
    ]
}
