{
    "qubits": {
        "q0": [
            10.23,
            0.0
        ],
        "q1": [
            6.38,
            8.0
        ],
        "q2": [
            -2.28,
            9.98
        ],
        "q3": [
            -9.22,
            4.44
        ],
        "q4": [
            -9.22,
            -4.44
        ],
        "q5": [
            -2.28,
            -9.98
        ],
        "q6": [
            6.38,
            -8.0
        ]
    },
    "metadata": {
        "score": {
            "total": 2.4276236968421054,
            "gini_score": 0.8413473684210526,
            "sum_score": 2.8854
        },
        "params": {
            "rise_time": 1217,
            "fall_time": 2597,
            "omega": 8.3373146161668,
            "init_detuning": 3.5636431829113766,
            "final_detuning": 5.744431655558895
        }
    }
}
