{
    "qubits": {
        "q0": [
            10.23,
            0.0
        ],
        "q1": [
            6.38,
            8.0
        ],
        "q2": [
            -2.28,
            9.98
        ],
        "q3": [
            -9.22,
            4.44
        ],
        "q4": [
            -9.22,
            -4.44
        ],
        "q5": [
            -2.28,
            -9.98
        ],
        "q6": [
            6.38,
            -8.0
        ]
    },
    "metadata": {
        "score": {
            "total": 2.348579881290323,
            "gini_score": 0.8325935483870969,
            "sum_score": 2.8208,
            "total_normalized": 0.7828599604301076,
            "sum_normalized": 0.9402666666666667
        },
        "params": {
            "rise_time": 1128,
            "fall_time": 2067,
            "omega": 10.36140645051712,
            "init_detuning": 4.135309148854598,
            "final_detuning": 5.206856879726226
        },
        "mis": [
            [
                0,
                2,
                4
            ],
            [
                0,
                2,
                5
            ],
            [
                0,
                3,
                5
            ],
            [
                1,
                3,
                5
            ],
            [
                1,
                3,
                6
            ],
            [
                1,
                4,
                6
            ],
            [
                2,
                4,
                6
            ]
        ],
        "mis_size": 3
    },
    "edges": [
        [
            0,
            1
        ],
        [
            0,
            6
        ],
        [
            1,
            2
        ],
        [
            2,
            3
        ],
        [
            3,
            4
        ],
        [
            4,
            5
        ],
        [
            6,
            5
        ]
    ]
}
