{
    "qubits": {
        "0": [
            0.0,
            0.0
        ],
        "1": [
            -5.5,
            9.526279441628825
        ],
        "2": [
            5.5,
            9.526279441628825
        ],
        "3": [
            11.0,
            0.0
        ],
        "4": [
            5.5,
            -9.526279441628825
        ],
        "5": [
            -5.5,
            -9.526279441628825
        ],
        "6": [
            -11.0,
            0.0
        ]
    },
    "metadata": {
        "score": {
            "total": 1.4910814260869567,
            "gini_score": 0.7470347826086957,
            "sum_score": 1.996
        },
        "params": {
            "rise_time": 704,
            "fall_time": 2438,
            "omega": 1.676251341697538,
            "init_detuning": 4.614055932413057,
            "final_detuning": 0.4202362930363732
        }
    }
}
