{
    "qubits": {
        "0": [
            0.0,
            0.0
        ],
        "1": [
            -4.0,
            6.928203230275509
        ],
        "2": [
            4.0,
            6.928203230275509
        ],
        "3": [
            8.0,
            0.0
        ],
        "4": [
            4.0,
            -6.928203230275509
        ],
        "5": [
            -4.0,
            -6.928203230275509
        ],
        "6": [
            -8.0,
            0.0
        ]
    },
    "metadata": {
        "score": {
            "total": 2.6678206736842105,
            "gini_score": 0.919621052631579,
            "sum_score": 2.901
        },
        "params": {
            "rise_time": 1523,
            "fall_time": 1337,
            "omega": 12.130541183321203,
            "init_detuning": 4.922114781547607,
            "final_detuning": 7.893865705632736
        }
    }
}
