{
    "qubits": {
        "0": [
            0.0,
            0.0
        ],
        "1": [
            -3.5,
            6.06217782649107
        ],
        "2": [
            3.5,
            6.06217782649107
        ],
        "3": [
            7.0,
            0.0
        ],
        "4": [
            3.5,
            -6.06217782649107
        ],
        "5": [
            -3.5,
            -6.06217782649107
        ],
        "6": [
            -7.0,
            0.0
        ]
    },
    "metadata": {
        "score": {
            "total": 1.055378780689655,
            "gini_score": 0.7942344827586206,
            "sum_score": 1.3288
        },
        "params": {
            "rise_time": 1223,
            "fall_time": 213,
            "omega": 12.141319142751918,
            "init_detuning": 3.261643746654402,
            "final_detuning": 7.7076026456520035
        }
    }
}
