{
    "qubits": {
        "0": [
            0.0,
            0.0
        ],
        "1": [
            -3.0,
            5.196152422706632
        ],
        "2": [
            3.0,
            5.196152422706632
        ],
        "3": [
            6.0,
            0.0
        ],
        "4": [
            3.0,
            -5.196152422706632
        ],
        "5": [
            -3.0,
            -5.196152422706632
        ],
        "6": [
            -6.0,
            0.0
        ]
    },
    "metadata": {
        "score": {
            "total": 0.48907648,
            "gini_score": 0.7505777777777778,
            "sum_score": 0.6516
        },
        "params": {
            "rise_time": 449,
            "fall_time": 24,
            "omega": 11.602021644986863,
            "init_detuning": 3.678227955142987,
            "final_detuning": 6.135967806826099
        }
    }
}
