{
    "qubits": {
        "0": [
            0.0,
            0.0
        ],
        "1": [
            -4.0,
            6.928203230275509
        ],
        "2": [
            4.0,
            6.928203230275509
        ],
        "3": [
            8.0,
            0.0
        ],
        "4": [
            4.0,
            -6.928203230275509
        ],
        "5": [
            -4.0,
            -6.928203230275509
        ],
        "6": [
            -8.0,
            0.0
        ]
    },
    "metadata": {
        "score": {
            "total": 2.6730033443902435,
            "gini_score": 0.9305170731707316,
            "sum_score": 2.8726,
            "total_normalized": 0.8910011147967478,
            "sum_normalized": 0.9575333333333332
        },
        "params": {
            "rise_time": 1512,
            "fall_time": 1521,
            "omega": 11.447823031998075,
            "init_detuning": 5.281475432182547,
            "final_detuning": 7.559452010407264
        },
        "mis": [
            [
                1,
                3,
                5
            ],
            [
                2,
                4,
                6
            ]
        ],
        "mis_size": 3
    },
    "edges": [
        [
            0,
            1
        ],
        [
            0,
            4
        ],
        [
            0,
            3
        ],
        [
            0,
            6
        ],
        [
            0,
            2
        ],
        [
            0,
            5
        ],
        [
            1,
            2
        ],
        [
            1,
            6
        ],
        [
            2,
            3
        ],
        [
            4,
            3
        ],
        [
            4,
            5
        ],
        [
            6,
            5
        ]
    ]
}
