{
    "qubits": {
        "0": [
            0.0,
            0.0
        ],
        "1": [
            -4.5,
            7.794228634059947
        ],
        "2": [
            4.5,
            7.794228634059947
        ],
        "3": [
            9.0,
            0.0
        ],
        "4": [
            4.5,
            -7.794228634059947
        ],
        "5": [
            -4.5,
            -7.794228634059947
        ],
        "6": [
            -9.0,
            0.0
        ]
    },
    "metadata": {
        "score": {
            "total": 2.585274074285714,
            "gini_score": 0.891842857142857,
            "sum_score": 2.8988
        },
        "params": {
            "rise_time": 268,
            "fall_time": 2158,
            "omega": 7.758855825037441,
            "init_detuning": 6.041668951570043,
            "final_detuning": 5.4321082025553435
        }
    }
}
