{
    "qubits": {
        "0": [
            0.0,
            0.0
        ],
        "1": [
            -3.5,
            6.06217782649107
        ],
        "2": [
            3.5,
            6.06217782649107
        ],
        "3": [
            7.0,
            0.0
        ],
        "4": [
            3.5,
            -6.06217782649107
        ],
        "5": [
            -3.5,
            -6.06217782649107
        ],
        "6": [
            -7.0,
            0.0
        ]
    },
    "metadata": {
        "score": {
            "total": 0.713546848,
            "gini_score": 0.65176,
            "sum_score": 1.0948,
            "total_normalized": 0.356773424,
            "sum_normalized": 0.5474
        },
        "params": {
            "rise_time": 809,
            "fall_time": 2691,
            "omega": 7.7479945678140245,
            "init_detuning": 1.032282407270174,
            "final_detuning": 1.1957698549856484
        },
        "mis": [
            [
                1,
                4
            ],
            [
                2,
                5
            ],
            [
                3,
                6
            ]
        ],
        "mis_size": 2
    },
    "edges": [
        [
            0,
            1
        ],
        [
            0,
            4
        ],
        [
            0,
            3
        ],
        [
            0,
            6
        ],
        [
            0,
            2
        ],
        [
            0,
            5
        ],
        [
            1,
            2
        ],
        [
            1,
            5
        ],
        [
            1,
            6
        ],
        [
            1,
            3
        ],
        [
            2,
            4
        ],
        [
            2,
            3
        ],
        [
            2,
            6
        ],
        [
            4,
            3
        ],
        [
            4,
            6
        ],
        [
            4,
            5
        ],
        [
            3,
            5
        ],
        [
            5,
            6
        ]
    ]
}
