{
    "qubits": {
        "0": [
            0.0,
            0.0
        ],
        "1": [
            -5.0,
            8.660254037844386
        ],
        "2": [
            5.0,
            8.660254037844386
        ],
        "3": [
            10.0,
            0.0
        ],
        "4": [
            5.0,
            -8.660254037844386
        ],
        "5": [
            -5.0,
            -8.660254037844386
        ],
        "6": [
            -10.0,
            0.0
        ]
    },
    "metadata": {
        "score": {
            "total": 2.5216580999999993,
            "gini_score": 0.9164999999999999,
            "sum_score": 2.7514
        },
        "params": {
            "rise_time": 565,
            "fall_time": 3312,
            "omega": 5.196027377957986,
            "init_detuning": 4.037333624112076,
            "final_detuning": 3.2807692758114375
        }
    }
}
