{
    "qubits": {
        "0": [
            0.0,
            -18.0
        ],
        "1": [
            0.0,
            -12.0
        ],
        "2": [
            0.0,
            -6.0
        ],
        "3": [
            0.0,
            0.0
        ],
        "4": [
            0.0,
            6.0
        ],
        "5": [
            0.0,
            12.0
        ],
        "6": [
            0.0,
            18.0
        ]
    },
    "metadata": {
        "score": {
            "total": 1.2577179138461538,
            "gini_score": 0.7901230769230769,
            "sum_score": 1.5918
        },
        "params": {
            "rise_time": 1093,
            "fall_time": 3302,
            "omega": 7.785877222977629,
            "init_detuning": 5.480900668312948,
            "final_detuning": 4.233045973248524
        }
    }
}
