{
    "qubits": {
        "0": [
            0.0,
            -27.0
        ],
        "1": [
            0.0,
            -18.0
        ],
        "2": [
            0.0,
            -9.0
        ],
        "3": [
            0.0,
            0.0
        ],
        "4": [
            0.0,
            9.0
        ],
        "5": [
            0.0,
            18.0
        ],
        "6": [
            0.0,
            27.0
        ]
    },
    "metadata": {
        "score": {
            "total": 3.363738316981132,
            "gini_score": 0.921622641509434,
            "sum_score": 3.6498,
            "total_normalized": 0.840934579245283,
            "sum_normalized": 0.91245
        },
        "params": {
            "rise_time": 490,
            "fall_time": 1937,
            "omega": 6.659977736740585,
            "init_detuning": 4.546680761290062,
            "final_detuning": 6.5887003477351636
        },
        "mis": [
            [
                0,
                2,
                4,
                6
            ]
        ],
        "mis_size": 4
    },
    "edges": [
        [
            0,
            1
        ],
        [
            1,
            2
        ],
        [
            2,
            3
        ],
        [
            3,
            4
        ],
        [
            4,
            5
        ],
        [
            5,
            6
        ]
    ]
}
