{
    "qubits": {
        "0": [
            0.0,
            -21.0
        ],
        "1": [
            0.0,
            -14.0
        ],
        "2": [
            0.0,
            -7.0
        ],
        "3": [
            0.0,
            0.0
        ],
        "4": [
            0.0,
            7.0
        ],
        "5": [
            0.0,
            14.0
        ],
        "6": [
            0.0,
            21.0
        ]
    },
    "metadata": {
        "score": {
            "total": 3.340931793103448,
            "gini_score": 0.8997931034482758,
            "sum_score": 3.713,
            "total_normalized": 0.835232948275862,
            "sum_normalized": 0.92825
        },
        "params": {
            "rise_time": 1279,
            "fall_time": 917,
            "omega": 10.808949281947156,
            "init_detuning": 7.428233424251499,
            "final_detuning": 6.758295701183197
        },
        "mis": [
            [
                0,
                2,
                4,
                6
            ]
        ],
        "mis_size": 4
    },
    "edges": [
        [
            0,
            1
        ],
        [
            1,
            2
        ],
        [
            2,
            3
        ],
        [
            3,
            4
        ],
        [
            4,
            5
        ],
        [
            5,
            6
        ]
    ]
}
