{
    "qubits": {
        "0": [
            0.0,
            -27.0
        ],
        "1": [
            0.0,
            -18.0
        ],
        "2": [
            0.0,
            -9.0
        ],
        "3": [
            0.0,
            0.0
        ],
        "4": [
            0.0,
            9.0
        ],
        "5": [
            0.0,
            18.0
        ],
        "6": [
            0.0,
            27.0
        ]
    },
    "metadata": {
        "score": {
            "total": 3.3743563540983605,
            "gini_score": 0.9331737704918033,
            "sum_score": 3.616
        },
        "params": {
            "rise_time": 1150,
            "fall_time": 2061,
            "omega": 8.83010348500041,
            "init_detuning": 4.693971852930947,
            "final_detuning": 6.770471051924156
        }
    }
}
