{
    "qubits": {
        "0": [
            0.0,
            -24.0
        ],
        "1": [
            0.0,
            -16.0
        ],
        "2": [
            0.0,
            -8.0
        ],
        "3": [
            0.0,
            0.0
        ],
        "4": [
            0.0,
            8.0
        ],
        "5": [
            0.0,
            16.0
        ],
        "6": [
            0.0,
            24.0
        ]
    },
    "metadata": {
        "score": {
            "total": 3.5426018293333326,
            "gini_score": 0.9371466666666666,
            "sum_score": 3.7802
        },
        "params": {
            "rise_time": 679,
            "fall_time": 2868,
            "omega": 14.312979763595214,
            "init_detuning": 7.913533395719661,
            "final_detuning": 7.781932146252547
        }
    }
}
