{
    "qubits": {
        "0": [
            0.0,
            -30.0
        ],
        "1": [
            0.0,
            -20.0
        ],
        "2": [
            0.0,
            -10.0
        ],
        "3": [
            0.0,
            0.0
        ],
        "4": [
            0.0,
            10.0
        ],
        "5": [
            0.0,
            20.0
        ],
        "6": [
            0.0,
            30.0
        ]
    },
    "metadata": {
        "score": {
            "total": 3.1381847272727272,
            "gini_score": 0.9221818181818182,
            "sum_score": 3.403,
            "total_normalized": 0.7845461818181818,
            "sum_normalized": 0.85075
        },
        "params": {
            "rise_time": 591,
            "fall_time": 3173,
            "omega": 5.599432001375559,
            "init_detuning": 3.7223421759756885,
            "final_detuning": 3.6827831952657593
        },
        "mis": [
            [
                0,
                2,
                4,
                6
            ]
        ],
        "mis_size": 4
    },
    "edges": [
        [
            0,
            1
        ],
        [
            1,
            2
        ],
        [
            2,
            3
        ],
        [
            3,
            4
        ],
        [
            4,
            5
        ],
        [
            5,
            6
        ]
    ]
}
