{
    "qubits": {
        "0": [
            0.0,
            -18.0
        ],
        "1": [
            0.0,
            -12.0
        ],
        "2": [
            0.0,
            -6.0
        ],
        "3": [
            0.0,
            0.0
        ],
        "4": [
            0.0,
            6.0
        ],
        "5": [
            0.0,
            12.0
        ],
        "6": [
            0.0,
            18.0
        ]
    },
    "metadata": {
        "score": {
            "total": 1.00152936,
            "gini_score": 0.6439875,
            "sum_score": 1.5552,
            "total_normalized": 0.33384312,
            "sum_normalized": 0.5184
        },
        "params": {
            "rise_time": 137,
            "fall_time": 931,
            "omega": 6.78344742339506,
            "init_detuning": 5.563648649141925,
            "final_detuning": 2.644598526297308
        },
        "mis": [
            [
                0,
                3,
                6
            ]
        ],
        "mis_size": 3
    },
    "edges": [
        [
            0,
            1
        ],
        [
            0,
            2
        ],
        [
            1,
            2
        ],
        [
            1,
            3
        ],
        [
            2,
            4
        ],
        [
            2,
            3
        ],
        [
            4,
            3
        ],
        [
            4,
            6
        ],
        [
            4,
            5
        ],
        [
            3,
            5
        ],
        [
            6,
            5
        ]
    ]
}
