{
    "qubits": {
        "0": [
            0.0,
            -30.0
        ],
        "1": [
            0.0,
            -20.0
        ],
        "2": [
            0.0,
            -10.0
        ],
        "3": [
            0.0,
            0.0
        ],
        "4": [
            0.0,
            10.0
        ],
        "5": [
            0.0,
            20.0
        ],
        "6": [
            0.0,
            30.0
        ]
    },
    "metadata": {
        "score": {
            "total": 3.342276076190476,
            "gini_score": 0.91544126984127,
            "sum_score": 3.651
        },
        "params": {
            "rise_time": 965,
            "fall_time": 3308,
            "omega": 3.713643676091325,
            "init_detuning": 1.9264980630045274,
            "final_detuning": 2.2585629928219055
        }
    }
}
