{
    "qubits": {
        "0": [
            0.0,
            -24.0
        ],
        "1": [
            0.0,
            -16.0
        ],
        "2": [
            0.0,
            -8.0
        ],
        "3": [
            0.0,
            0.0
        ],
        "4": [
            0.0,
            8.0
        ],
        "5": [
            0.0,
            16.0
        ],
        "6": [
            0.0,
            24.0
        ]
    },
    "metadata": {
        "score": {
            "total": 3.532151902040816,
            "gini_score": 0.934530612244898,
            "sum_score": 3.7796,
            "total_normalized": 0.883037975510204,
            "sum_normalized": 0.9449
        },
        "params": {
            "rise_time": 1169,
            "fall_time": 3212,
            "omega": 14.20501695901507,
            "init_detuning": 5.2088916778780545,
            "final_detuning": 7.218227301608772
        },
        "mis": [
            [
                0,
                2,
                4,
                6
            ]
        ],
        "mis_size": 4
    },
    "edges": [
        [
            0,
            1
        ],
        [
            1,
            2
        ],
        [
            2,
            3
        ],
        [
            3,
            4
        ],
        [
            4,
            5
        ],
        [
            5,
            6
        ]
    ]
}
