{
    "qubits": {
        "0": [
            0.0,
            -21.0
        ],
        "1": [
            0.0,
            -14.0
        ],
        "2": [
            0.0,
            -7.0
        ],
        "3": [
            0.0,
            0.0
        ],
        "4": [
            0.0,
            7.0
        ],
        "5": [
            0.0,
            14.0
        ],
        "6": [
            0.0,
            21.0
        ]
    },
    "metadata": {
        "score": {
            "total": 3.2045069275,
            "gini_score": 0.8795375,
            "sum_score": 3.6434
        },
        "params": {
            "rise_time": 310,
            "fall_time": 2309,
            "omega": 7.900605970290207,
            "init_detuning": 7.401501877712333,
            "final_detuning": 5.260458573713771
        }
    }
}
