{
    "qubits": {
        "0": [
            0.0,
            -33.0
        ],
        "1": [
            0.0,
            -22.0
        ],
        "2": [
            0.0,
            -11.0
        ],
        "3": [
            0.0,
            0.0
        ],
        "4": [
            0.0,
            11.0
        ],
        "5": [
            0.0,
            22.0
        ],
        "6": [
            0.0,
            33.0
        ]
    },
    "metadata": {
        "score": {
            "total": 2.8091335452631583,
            "gini_score": 0.883042105263158,
            "sum_score": 3.1812
        },
        "params": {
            "rise_time": 1561,
            "fall_time": 3123,
            "omega": 2.538281971960986,
            "init_detuning": 1.025609017562272,
            "final_detuning": 2.278589556828536
        }
    }
}
