{
    "qubits": {
        "0": [
            0.0,
            -33.0
        ],
        "1": [
            0.0,
            -22.0
        ],
        "2": [
            0.0,
            -11.0
        ],
        "3": [
            0.0,
            0.0
        ],
        "4": [
            0.0,
            11.0
        ],
        "5": [
            0.0,
            22.0
        ],
        "6": [
            0.0,
            33.0
        ]
    },
    "metadata": {
        "score": {
            "total": 2.05532031030303,
            "gini_score": 0.7875393939393939,
            "sum_score": 2.6098,
            "total_normalized": 0.5138300775757575,
            "sum_normalized": 0.65245
        },
        "params": {
            "rise_time": 1219,
            "fall_time": 2077,
            "omega": 2.340230399119687,
            "init_detuning": 1.65291021120599,
            "final_detuning": 1.3881069392855334
        },
        "mis": [
            [
                0,
                2,
                4,
                6
            ]
        ],
        "mis_size": 4
    },
    "edges": [
        [
            0,
            1
        ],
        [
            1,
            2
        ],
        [
            2,
            3
        ],
        [
            3,
            4
        ],
        [
            4,
            5
        ],
        [
            5,
            6
        ]
    ]
}
