{
    "qubits": {
        "q0": [
            -7.0,
            -7.0
        ],
        "q2": [
            7.0,
            -7.0
        ],
        "q3": [
            -7.0,
            0.0
        ],
        "q4": [
            0.0,
            0.0
        ],
        "q6": [
            -7.0,
            7.0
        ],
        "q7": [
            0.0,
            7.0
        ],
        "q8": [
            7.0,
            7.0
        ]
    },
    "metadata": {
        "score": {
            "total": 3.366921478918919,
            "gini_score": 0.912345945945946,
            "sum_score": 3.6904
        },
        "params": {
            "rise_time": 1361,
            "fall_time": 1706,
            "omega": 13.719603833065595,
            "init_detuning": 7.026704170211405,
            "final_detuning": 6.9146487206244895
        }
    }
}
