{
    "qubits": {
        "q0": [
            -7.0,
            -7.0
        ],
        "q2": [
            7.0,
            -7.0
        ],
        "q3": [
            -7.0,
            0.0
        ],
        "q4": [
            0.0,
            0.0
        ],
        "q6": [
            -7.0,
            7.0
        ],
        "q7": [
            0.0,
            7.0
        ],
        "q8": [
            7.0,
            7.0
        ]
    },
    "metadata": {
        "score": {
            "total": 3.487905126857143,
            "gini_score": 0.9252228571428571,
            "sum_score": 3.7698,
            "total_normalized": 0.8719762817142858,
            "sum_normalized": 0.94245
        },
        "params": {
            "rise_time": 1648,
            "fall_time": 2666,
            "omega": 12.019120044283348,
            "init_detuning": 5.61693437742685,
            "final_detuning": 6.441146168904933
        },
        "mis": [
            [
                0,
                1,
                4,
                6
            ]
        ],
        "mis_size": 4
    },
    "edges": [
        [
            2,
            4
        ],
        [
            2,
            3
        ],
        [
            2,
            0
        ],
        [
            2,
            5
        ],
        [
            4,
            3
        ],
        [
            4,
            5
        ],
        [
            3,
            0
        ],
        [
            3,
            6
        ],
        [
            3,
            1
        ],
        [
            3,
            5
        ],
        [
            5,
            6
        ]
    ]
}
