{
    "qubits": {
        "q0": [
            14.14,
            0.0
        ],
        "q1": [
            10.0,
            10.0
        ],
        "q2": [
            8.66e-16,
            14.14
        ],
        "q3": [
            -10.0,
            10.0
        ],
        "q4": [
            -14.14,
            1.73e-15
        ],
        "q5": [
            -10.0,
            -10.0
        ],
        "q6": [
            -2.6e-15,
            -14.14
        ],
        "q7": [
            10.0,
            -10.0
        ]
    },
    "metadata": {
        "score": {
            "total": 2.0535434496,
            "gini_score": 0.7860754285714285,
            "sum_score": 2.6124
        },
        "params": {
            "rise_time": 678,
            "fall_time": 2669,
            "omega": 5.143637384313311,
            "init_detuning": 1.9406271399437105,
            "final_detuning": 2.1812646294627487
        }
    }
}
