{
    "qubits": {
        "q0": [
            14.14,
            0.0
        ],
        "q1": [
            10.0,
            10.0
        ],
        "q2": [
            8.66e-16,
            14.14
        ],
        "q3": [
            -10.0,
            10.0
        ],
        "q4": [
            -14.14,
            1.73e-15
        ],
        "q5": [
            -10.0,
            -10.0
        ],
        "q6": [
            -2.6e-15,
            -14.14
        ],
        "q7": [
            10.0,
            -10.0
        ]
    },
    "metadata": {
        "score": {
            "total": 1.7686655337931034,
            "gini_score": 0.7113931034482758,
            "sum_score": 2.4862,
            "total_normalized": 0.44216638344827586,
            "sum_normalized": 0.62155
        },
        "params": {
            "rise_time": 1532,
            "fall_time": 3018,
            "omega": 8.51957093522446,
            "init_detuning": 4.498305784673961,
            "final_detuning": 1.2179448773016817
        },
        "mis": [
            [
                0,
                2,
                4,
                6
            ],
            [
                1,
                3,
                5,
                7
            ]
        ],
        "mis_size": 4
    },
    "edges": [
        [
            0,
            1
        ],
        [
            0,
            7
        ],
        [
            1,
            2
        ],
        [
            7,
            6
        ],
        [
            2,
            3
        ],
        [
            3,
            4
        ],
        [
            4,
            5
        ],
        [
            6,
            5
        ]
    ]
}
