{
    "qubits": {
        "q0": [
            4.21,
            -6.39
        ],
        "q1": [
            0.98,
            1.44
        ],
        "q2": [
            -1.9,
            9.62
        ],
        "q3": [
            -10.0,
            10.0
        ],
        "q4": [
            -14.14,
            1.73e-15
        ],
        "q5": [
            -10.0,
            -10.0
        ],
        "q6": [
            -2.6e-15,
            -14.14
        ],
        "q7": [
            8.17,
            1.31
        ]
    },
    "metadata": {
        "score": {
            "total": 1.3882583663157895,
            "gini_score": 0.7419873684210526,
            "sum_score": 1.871
        },
        "params": {
            "rise_time": 1001,
            "fall_time": 3059,
            "omega": 8.069145968956358,
            "init_detuning": 2.8114736846926878,
            "final_detuning": 1.0953391750641348
        }
    }
}
