{
    "qubits": {
        "q0": [
            -7.0,
            -7.0
        ],
        "q2": [
            6.01,
            -5.95
        ],
        "q3": [
            -7.0,
            0.0
        ],
        "q4": [
            0.0,
            0.0
        ],
        "q6": [
            -7.0,
            7.0
        ],
        "q7": [
            0.0,
            7.0
        ],
        "q8": [
            6.25,
            0.75
        ],
        "q1": [
            12.9,
            -3.12
        ]
    },
    "metadata": {
        "score": {
            "total": 2.127606882352941,
            "gini_score": 0.8645294117647059,
            "sum_score": 2.461
        },
        "params": {
            "rise_time": 1422,
            "fall_time": 2632,
            "omega": 11.897456412171737,
            "init_detuning": 7.950488786659216,
            "final_detuning": 7.552420869814771
        }
    }
}
