{
    "qubits": {
        "0": [
            -2.75,
            -14.289419162443238
        ],
        "1": [
            8.25,
            -14.289419162443238
        ],
        "2": [
            -8.25,
            -4.763139720814412
        ],
        "3": [
            2.75,
            -4.763139720814412
        ],
        "4": [
            -2.75,
            4.763139720814412
        ],
        "5": [
            8.25,
            4.763139720814412
        ],
        "6": [
            -8.25,
            14.289419162443238
        ],
        "7": [
            2.75,
            14.289419162443238
        ]
    },
    "metadata": {
        "score": {
            "total": 1.751132565,
            "gini_score": 0.8087625,
            "sum_score": 2.1652,
            "total_normalized": 0.43778314125,
            "sum_normalized": 0.5413
        },
        "params": {
            "rise_time": 431,
            "fall_time": 1757,
            "omega": 5.070753113934937,
            "init_detuning": 6.035938264895765,
            "final_detuning": 3.0314132134573466
        },
        "mis": [
            [
                1,
                2,
                5,
                6
            ]
        ],
        "mis_size": 4
    },
    "edges": [
        [
            0,
            1
        ],
        [
            0,
            3
        ],
        [
            0,
            2
        ],
        [
            1,
            3
        ],
        [
            2,
            4
        ],
        [
            2,
            3
        ],
        [
            4,
            3
        ],
        [
            4,
            6
        ],
        [
            4,
            5
        ],
        [
            4,
            7
        ],
        [
            3,
            5
        ],
        [
            6,
            7
        ],
        [
            5,
            7
        ]
    ]
}
