{
    "qubits": {
        "0": [
            -2.25,
            -11.69134295108992
        ],
        "1": [
            6.75,
            -11.69134295108992
        ],
        "2": [
            -6.75,
            -3.8971143170299736
        ],
        "3": [
            2.25,
            -3.8971143170299736
        ],
        "4": [
            -2.25,
            3.8971143170299736
        ],
        "5": [
            6.75,
            3.8971143170299736
        ],
        "6": [
            -6.75,
            11.69134295108992
        ],
        "7": [
            2.25,
            11.69134295108992
        ]
    },
    "metadata": {
        "score": {
            "total": 3.4372375523404255,
            "gini_score": 0.9355063829787235,
            "sum_score": 3.6742
        },
        "params": {
            "rise_time": 1652,
            "fall_time": 2691,
            "omega": 11.838755203170964,
            "init_detuning": 7.777670095785598,
            "final_detuning": 5.169377239980301
        }
    }
}
