{
    "qubits": {
        "0": [
            -2.0,
            -10.392304845413264
        ],
        "1": [
            6.0,
            -10.392304845413264
        ],
        "2": [
            -6.0,
            -3.4641016151377544
        ],
        "3": [
            2.0,
            -3.4641016151377544
        ],
        "4": [
            -2.0,
            3.4641016151377544
        ],
        "5": [
            6.0,
            3.4641016151377544
        ],
        "6": [
            -6.0,
            10.392304845413264
        ],
        "7": [
            2.0,
            10.392304845413264
        ]
    },
    "metadata": {
        "score": {
            "total": 3.3508715317647058,
            "gini_score": 0.9054941176470588,
            "sum_score": 3.7006
        },
        "params": {
            "rise_time": 1496,
            "fall_time": 2252,
            "omega": 12.120031174452546,
            "init_detuning": 6.424680513984017,
            "final_detuning": 6.74806279851683
        }
    }
}
