{
    "qubits": {
        "0": [
            -2.5,
            -12.990381056766578
        ],
        "1": [
            7.5,
            -12.990381056766578
        ],
        "2": [
            -7.5,
            -4.330127018922193
        ],
        "3": [
            2.5,
            -4.330127018922193
        ],
        "4": [
            -2.5,
            4.330127018922193
        ],
        "5": [
            7.5,
            4.330127018922193
        ],
        "6": [
            -7.5,
            12.990381056766578
        ],
        "7": [
            2.5,
            12.990381056766578
        ]
    },
    "metadata": {
        "score": {
            "total": 3.0610090723404255,
            "gini_score": 0.9157021276595745,
            "sum_score": 3.3428
        },
        "params": {
            "rise_time": 488,
            "fall_time": 3018,
            "omega": 5.702015218947514,
            "init_detuning": 4.465318912242152,
            "final_detuning": 4.4740656415266065
        }
    }
}
