{
    "qubits": {
        "0": [
            -1.75,
            -9.093266739736606
        ],
        "1": [
            5.25,
            -9.093266739736606
        ],
        "2": [
            -5.25,
            -3.031088913245535
        ],
        "3": [
            1.75,
            -3.031088913245535
        ],
        "4": [
            -1.75,
            3.031088913245535
        ],
        "5": [
            5.25,
            3.031088913245535
        ],
        "6": [
            -5.25,
            9.093266739736606
        ],
        "7": [
            1.75,
            9.093266739736606
        ]
    },
    "metadata": {
        "score": {
            "total": 0.8352691999999999,
            "gini_score": 0.5934838709677419,
            "sum_score": 1.4074
        },
        "params": {
            "rise_time": 567,
            "fall_time": 2579,
            "omega": 2.318043550880324,
            "init_detuning": 4.467397965671641,
            "final_detuning": 1.2148310606053478
        }
    }
}
