{
    "qubits": {
        "0": [
            0.0,
            -24.5
        ],
        "1": [
            0.0,
            -17.5
        ],
        "2": [
            0.0,
            -10.5
        ],
        "3": [
            0.0,
            -3.5
        ],
        "4": [
            0.0,
            3.5
        ],
        "5": [
            0.0,
            10.5
        ],
        "6": [
            0.0,
            17.5
        ],
        "7": [
            0.0,
            24.5
        ]
    },
    "metadata": {
        "score": {
            "total": 3.502905655652174,
            "gini_score": 0.8983652173913044,
            "sum_score": 3.8992
        },
        "params": {
            "rise_time": 1280,
            "fall_time": 2401,
            "omega": 14.514054517327363,
            "init_detuning": 7.852848796397685,
            "final_detuning": 7.107452839189181
        }
    }
}
