{
    "qubits": {
        "0": [
            -5.0,
            -15.0
        ],
        "1": [
            5.0,
            -15.0
        ],
        "2": [
            -5.0,
            -5.0
        ],
        "3": [
            5.0,
            -5.0
        ],
        "4": [
            -5.0,
            5.0
        ],
        "5": [
            5.0,
            5.0
        ],
        "6": [
            -5.0,
            15.0
        ],
        "7": [
            5.0,
            15.0
        ]
    },
    "metadata": {
        "score": {
            "total": 3.077114311724138,
            "gini_score": 0.8918137931034482,
            "sum_score": 3.4504,
            "total_normalized": 0.7692785779310345,
            "sum_normalized": 0.8626
        },
        "params": {
            "rise_time": 1001,
            "fall_time": 2187,
            "omega": 3.204488694938001,
            "init_detuning": 1.2032208440263505,
            "final_detuning": 3.8625631150777604
        },
        "mis": [
            [
                0,
                3,
                4,
                7
            ],
            [
                1,
                2,
                5,
                6
            ]
        ],
        "mis_size": 4
    },
    "edges": [
        [
            0,
            1
        ],
        [
            0,
            2
        ],
        [
            1,
            3
        ],
        [
            2,
            4
        ],
        [
            2,
            3
        ],
        [
            4,
            6
        ],
        [
            4,
            5
        ],
        [
            6,
            7
        ],
        [
            5,
            7
        ],
        [
            5,
            3
        ]
    ]
}
