{
    "qubits": {
        "0": [
            0.0,
            -21.0
        ],
        "1": [
            0.0,
            -15.0
        ],
        "2": [
            0.0,
            -9.0
        ],
        "3": [
            0.0,
            -3.0
        ],
        "4": [
            0.0,
            3.0
        ],
        "5": [
            0.0,
            9.0
        ],
        "6": [
            0.0,
            15.0
        ],
        "7": [
            0.0,
            21.0
        ]
    },
    "metadata": {
        "score": {
            "total": 1.2537544533333331,
            "gini_score": 0.6454666666666666,
            "sum_score": 1.9424
        },
        "params": {
            "rise_time": 1660,
            "fall_time": 2394,
            "omega": 3.0926869483417314,
            "init_detuning": 4.758817383071351,
            "final_detuning": 2.411682350073632
        }
    }
}
