{
    "qubits": {
        "0": [
            -4.0,
            -12.0
        ],
        "1": [
            4.0,
            -12.0
        ],
        "2": [
            -4.0,
            -4.0
        ],
        "3": [
            4.0,
            -4.0
        ],
        "4": [
            -4.0,
            4.0
        ],
        "5": [
            4.0,
            4.0
        ],
        "6": [
            -4.0,
            12.0
        ],
        "7": [
            4.0,
            12.0
        ]
    },
    "metadata": {
        "score": {
            "total": 1.1540282440677967,
            "gini_score": 0.799742372881356,
            "sum_score": 1.443
        },
        "params": {
            "rise_time": 966,
            "fall_time": 2280,
            "omega": 6.78524411982508,
            "init_detuning": 3.5745388601536474,
            "final_detuning": 2.1638871589901356
        }
    }
}
