{
    "qubits": {
        "0": [
            0.0,
            -28.0
        ],
        "1": [
            0.0,
            -20.0
        ],
        "2": [
            0.0,
            -12.0
        ],
        "3": [
            0.0,
            -4.0
        ],
        "4": [
            0.0,
            4.0
        ],
        "5": [
            0.0,
            12.0
        ],
        "6": [
            0.0,
            20.0
        ],
        "7": [
            0.0,
            28.0
        ]
    },
    "metadata": {
        "score": {
            "total": 3.511530444,
            "gini_score": 0.89589,
            "sum_score": 3.9196,
            "total_normalized": 0.877882611,
            "sum_normalized": 0.9799
        },
        "params": {
            "rise_time": 871,
            "fall_time": 3245,
            "omega": 9.929167350391092,
            "init_detuning": 6.743805554813035,
            "final_detuning": 6.544335150185626
        },
        "mis": [
            [
                0,
                2,
                4,
                6
            ],
            [
                0,
                2,
                4,
                7
            ],
            [
                0,
                2,
                5,
                7
            ],
            [
                0,
                3,
                5,
                7
            ],
            [
                1,
                3,
                5,
                7
            ]
        ],
        "mis_size": 4
    },
    "edges": [
        [
            0,
            1
        ],
        [
            1,
            2
        ],
        [
            2,
            3
        ],
        [
            3,
            4
        ],
        [
            4,
            5
        ],
        [
            6,
            7
        ],
        [
            6,
            5
        ]
    ]
}
