{
    "qubits": {
        "0": [
            -5.5,
            -16.5
        ],
        "1": [
            5.5,
            -16.5
        ],
        "2": [
            -5.5,
            -5.5
        ],
        "3": [
            5.5,
            -5.5
        ],
        "4": [
            -5.5,
            5.5
        ],
        "5": [
            5.5,
            5.5
        ],
        "6": [
            -5.5,
            16.5
        ],
        "7": [
            5.5,
            16.5
        ]
    },
    "metadata": {
        "score": {
            "total": 2.0414868388571428,
            "gini_score": 0.7880971428571428,
            "sum_score": 2.5904
        },
        "params": {
            "rise_time": 1068,
            "fall_time": 2052,
            "omega": 3.13246869321734,
            "init_detuning": 2.924899225768419,
            "final_detuning": 2.339076457458098
        }
    }
}
