{
    "qubits": {
        "0": [
            -3.0,
            -9.0
        ],
        "1": [
            3.0,
            -9.0
        ],
        "2": [
            -3.0,
            -3.0
        ],
        "3": [
            3.0,
            -3.0
        ],
        "4": [
            -3.0,
            3.0
        ],
        "5": [
            3.0,
            3.0
        ],
        "6": [
            -3.0,
            9.0
        ],
        "7": [
            3.0,
            9.0
        ]
    },
    "metadata": {
        "score": {
            "total": 1.6274414063157898,
            "gini_score": 0.8509052631578948,
            "sum_score": 1.9126,
            "total_normalized": 0.8137207031578949,
            "sum_normalized": 0.9563
        },
        "params": {
            "rise_time": 669,
            "fall_time": 2837,
            "omega": 9.775686136121845,
            "init_detuning": 5.817615652821859,
            "final_detuning": 6.8534079346400905
        },
        "mis": [
            [
                0,
                5
            ],
            [
                0,
                6
            ],
            [
                0,
                7
            ],
            [
                1,
                4
            ],
            [
                1,
                6
            ],
            [
                1,
                7
            ],
            [
                2,
                7
            ],
            [
                3,
                6
            ]
        ],
        "mis_size": 2
    },
    "edges": [
        [
            3,
            4
        ],
        [
            3,
            7
        ],
        [
            3,
            1
        ],
        [
            3,
            5
        ],
        [
            3,
            0
        ],
        [
            3,
            2
        ],
        [
            4,
            6
        ],
        [
            4,
            5
        ],
        [
            4,
            2
        ],
        [
            4,
            0
        ],
        [
            4,
            7
        ],
        [
            7,
            5
        ],
        [
            7,
            6
        ],
        [
            6,
            5
        ],
        [
            6,
            2
        ],
        [
            5,
            2
        ],
        [
            5,
            1
        ],
        [
            0,
            2
        ],
        [
            0,
            1
        ],
        [
            2,
            1
        ]
    ]
}
