{
    "qubits": {
        "0": [
            0.0,
            -28.0
        ],
        "1": [
            0.0,
            -20.0
        ],
        "2": [
            0.0,
            -12.0
        ],
        "3": [
            0.0,
            -4.0
        ],
        "4": [
            0.0,
            4.0
        ],
        "5": [
            0.0,
            12.0
        ],
        "6": [
            0.0,
            20.0
        ],
        "7": [
            0.0,
            28.0
        ]
    },
    "metadata": {
        "score": {
            "total": 3.27909988516129,
            "gini_score": 0.8894645161290322,
            "sum_score": 3.6866
        },
        "params": {
            "rise_time": 427,
            "fall_time": 2260,
            "omega": 6.322751944678717,
            "init_detuning": 3.0937170313513622,
            "final_detuning": 5.781277378303408
        }
    }
}
