{
    "qubits": {
        "0": [
            -3.0,
            -9.0
        ],
        "1": [
            3.0,
            -9.0
        ],
        "2": [
            -3.0,
            -3.0
        ],
        "3": [
            3.0,
            -3.0
        ],
        "4": [
            -3.0,
            3.0
        ],
        "5": [
            3.0,
            3.0
        ],
        "6": [
            -3.0,
            9.0
        ],
        "7": [
            3.0,
            9.0
        ]
    },
    "metadata": {
        "score": {
            "total": 1.539434624,
            "gini_score": 0.794752,
            "sum_score": 1.937
        },
        "params": {
            "rise_time": 1097,
            "fall_time": 2959,
            "omega": 6.242034180073108,
            "init_detuning": 4.253395036548624,
            "final_detuning": 3.759380526482162
        }
    }
}
