{
    "qubits": {
        "0": [
            0.0,
            -35.0
        ],
        "1": [
            0.0,
            -25.0
        ],
        "2": [
            0.0,
            -15.0
        ],
        "3": [
            0.0,
            -5.0
        ],
        "4": [
            0.0,
            5.0
        ],
        "5": [
            0.0,
            15.0
        ],
        "6": [
            0.0,
            25.0
        ],
        "7": [
            0.0,
            35.0
        ]
    },
    "metadata": {
        "score": {
            "total": 2.6624879752577315,
            "gini_score": 0.8028247422680411,
            "sum_score": 3.3164
        },
        "params": {
            "rise_time": 998,
            "fall_time": 1640,
            "omega": 2.5367016051129196,
            "init_detuning": 5.533764501981033,
            "final_detuning": 0.9618906956044295
        }
    }
}
