{
    "qubits": {
        "0": [
            -3.5,
            -10.5
        ],
        "1": [
            3.5,
            -10.5
        ],
        "2": [
            -3.5,
            -3.5
        ],
        "3": [
            3.5,
            -3.5
        ],
        "4": [
            -3.5,
            3.5
        ],
        "5": [
            3.5,
            3.5
        ],
        "6": [
            -3.5,
            10.5
        ],
        "7": [
            3.5,
            10.5
        ]
    },
    "metadata": {
        "score": {
            "total": 1.1826427135135136,
            "gini_score": 0.6841621621621622,
            "sum_score": 1.7286,
            "total_normalized": 0.5913213567567568,
            "sum_normalized": 0.8643
        },
        "params": {
            "rise_time": 788,
            "fall_time": 2342,
            "omega": 9.945225140466903,
            "init_detuning": 5.962547599160287,
            "final_detuning": 3.925063825722139
        },
        "mis": [
            [
                0,
                4
            ],
            [
                0,
                5
            ],
            [
                0,
                6
            ],
            [
                0,
                7
            ],
            [
                1,
                4
            ],
            [
                1,
                5
            ],
            [
                1,
                6
            ],
            [
                1,
                7
            ],
            [
                2,
                6
            ],
            [
                2,
                7
            ],
            [
                3,
                6
            ],
            [
                3,
                7
            ]
        ],
        "mis_size": 2
    },
    "edges": [
        [
            0,
            1
        ],
        [
            0,
            3
        ],
        [
            0,
            2
        ],
        [
            1,
            2
        ],
        [
            1,
            3
        ],
        [
            2,
            4
        ],
        [
            2,
            3
        ],
        [
            2,
            5
        ],
        [
            4,
            3
        ],
        [
            4,
            6
        ],
        [
            4,
            5
        ],
        [
            4,
            7
        ],
        [
            3,
            5
        ],
        [
            6,
            7
        ],
        [
            6,
            5
        ],
        [
            5,
            7
        ]
    ]
}
