{
    "qubits": {
        "0": [
            0.0,
            -31.5
        ],
        "1": [
            0.0,
            -22.5
        ],
        "2": [
            0.0,
            -13.5
        ],
        "3": [
            0.0,
            -4.5
        ],
        "4": [
            0.0,
            4.5
        ],
        "5": [
            0.0,
            13.5
        ],
        "6": [
            0.0,
            22.5
        ],
        "7": [
            0.0,
            31.5
        ]
    },
    "metadata": {
        "score": {
            "total": 3.2341217584158417,
            "gini_score": 0.8943920792079207,
            "sum_score": 3.616
        },
        "params": {
            "rise_time": 1090,
            "fall_time": 1998,
            "omega": 9.016375607705747,
            "init_detuning": 4.250763068840464,
            "final_detuning": 5.328242600027222
        }
    }
}
