{
    "qubits": {
        "0": [
            -5.5,
            -16.5
        ],
        "1": [
            5.5,
            -16.5
        ],
        "2": [
            -5.5,
            -5.5
        ],
        "3": [
            5.5,
            -5.5
        ],
        "4": [
            -5.5,
            5.5
        ],
        "5": [
            5.5,
            5.5
        ],
        "6": [
            -5.5,
            16.5
        ],
        "7": [
            5.5,
            16.5
        ]
    },
    "metadata": {
        "score": {
            "total": 2.0698362008510642,
            "gini_score": 0.7784851063829789,
            "sum_score": 2.6588,
            "total_normalized": 0.5174590502127661,
            "sum_normalized": 0.6647
        },
        "params": {
            "rise_time": 569,
            "fall_time": 2985,
            "omega": 1.5078140168526053,
            "init_detuning": 5.470528330743016,
            "final_detuning": 0.5348020214583025
        },
        "mis": [
            [
                0,
                3,
                4,
                7
            ],
            [
                1,
                2,
                5,
                6
            ]
        ],
        "mis_size": 4
    },
    "edges": [
        [
            0,
            1
        ],
        [
            0,
            2
        ],
        [
            1,
            3
        ],
        [
            2,
            4
        ],
        [
            2,
            3
        ],
        [
            4,
            6
        ],
        [
            4,
            5
        ],
        [
            6,
            7
        ],
        [
            5,
            7
        ],
        [
            5,
            3
        ]
    ]
}
