{
    "qubits": {
        "0": [
            -5.0,
            -15.0
        ],
        "1": [
            5.0,
            -15.0
        ],
        "2": [
            -5.0,
            -5.0
        ],
        "3": [
            5.0,
            -5.0
        ],
        "4": [
            -5.0,
            5.0
        ],
        "5": [
            5.0,
            5.0
        ],
        "6": [
            -5.0,
            15.0
        ],
        "7": [
            5.0,
            15.0
        ]
    },
    "metadata": {
        "score": {
            "total": 2.656460682666667,
            "gini_score": 0.8692038095238095,
            "sum_score": 3.0562
        },
        "params": {
            "rise_time": 270,
            "fall_time": 2627,
            "omega": 8.828637339482968,
            "init_detuning": 7.492961506871545,
            "final_detuning": 4.439278603008142
        }
    }
}
