{
    "qubits": {
        "q0": [
            -7.0,
            -7.0
        ],
        "q2": [
            7.0,
            -7.0
        ],
        "q3": [
            -7.0,
            0.0
        ],
        "q4": [
            0.0,
            0.0
        ],
        "q6": [
            -7.0,
            7.0
        ],
        "q7": [
            0.0,
            7.0
        ],
        "q8": [
            7.0,
            7.0
        ],
        "q1": [
            10.94,
            -0.12
        ]
    },
    "metadata": {
        "score": {
            "total": 3.23401,
            "gini_score": 0.9046181818181818,
            "sum_score": 3.575,
            "total_normalized": 0.8085025,
            "sum_normalized": 0.89375
        },
        "params": {
            "rise_time": 673,
            "fall_time": 2770,
            "omega": 10.76967931459314,
            "init_detuning": 7.895300393884652,
            "final_detuning": 4.4716038965571006
        },
        "mis": [
            [
                0,
                1,
                4,
                6
            ]
        ],
        "mis_size": 4
    },
    "edges": [
        [
            2,
            4
        ],
        [
            2,
            3
        ],
        [
            2,
            0
        ],
        [
            2,
            5
        ],
        [
            4,
            3
        ],
        [
            4,
            5
        ],
        [
            3,
            7
        ],
        [
            3,
            0
        ],
        [
            3,
            6
        ],
        [
            3,
            1
        ],
        [
            3,
            5
        ],
        [
            7,
            5
        ],
        [
            7,
            6
        ],
        [
            7,
            1
        ],
        [
            5,
            6
        ]
    ]
}
