{
    "qubits": {
        "0": [
            -7.5,
            -7.794228634059947
        ],
        "1": [
            1.5,
            -7.794228634059947
        ],
        "2": [
            10.5,
            -7.794228634059947
        ],
        "3": [
            -12.0,
            -1.9737298215558337e-16
        ],
        "4": [
            -3.0,
            -1.9737298215558337e-16
        ],
        "5": [
            6.0,
            -1.9737298215558337e-16
        ],
        "6": [
            -7.5,
            7.794228634059947
        ],
        "7": [
            1.5,
            7.794228634059947
        ],
        "8": [
            10.5,
            7.794228634059947
        ]
    },
    "metadata": {
        "score": {
            "total": 2.6384211945631066,
            "gini_score": 0.8506097087378641,
            "sum_score": 3.1018,
            "total_normalized": 0.6596052986407767,
            "sum_normalized": 0.77545
        },
        "params": {
            "rise_time": 468,
            "fall_time": 3213,
            "omega": 7.3043745083610245,
            "init_detuning": 2.594066256159697,
            "final_detuning": 5.047357244311552
        },
        "mis": [
            [
                0,
                8,
                2,
                6
            ]
        ],
        "mis_size": 4
    },
    "edges": [
        [
            0,
            1
        ],
        [
            0,
            4
        ],
        [
            0,
            3
        ],
        [
            1,
            2
        ],
        [
            1,
            5
        ],
        [
            1,
            4
        ],
        [
            2,
            5
        ],
        [
            4,
            3
        ],
        [
            4,
            6
        ],
        [
            4,
            5
        ],
        [
            4,
            7
        ],
        [
            3,
            6
        ],
        [
            5,
            8
        ],
        [
            5,
            7
        ],
        [
            8,
            7
        ],
        [
            6,
            7
        ]
    ]
}
