{
    "qubits": {
        "q0": [
            -8.75,
            -7.28
        ],
        "q1": [
            -0.74,
            -7.77
        ],
        "q2": [
            8.18,
            -8.2
        ],
        "q3": [
            -4.99,
            0.24
        ],
        "q4": [
            3.84,
            -0.29
        ],
        "q5": [
            -1.08,
            7.85
        ],
        "q6": [
            12.74,
            -0.83
        ],
        "q7": [
            8.27,
            7.53
        ],
        "q8": [
            16.98,
            7.46
        ]
    },
    "metadata": {
        "score": {
            "total": 3.3330040828915664,
            "gini_score": 0.9259373493975903,
            "sum_score": 3.5996
        },
        "params": {
            "rise_time": 1487,
            "fall_time": 2724,
            "omega": 10.211902687913543,
            "init_detuning": 4.4094159147191485,
            "final_detuning": 4.84774615595825
        }
    }
}
