{
    "qubits": {
        "q0": [
            -8.75,
            -7.28
        ],
        "q1": [
            -0.74,
            -7.77
        ],
        "q2": [
            8.18,
            -8.2
        ],
        "q3": [
            -4.99,
            0.24
        ],
        "q4": [
            3.84,
            -0.29
        ],
        "q5": [
            -1.08,
            7.85
        ],
        "q6": [
            12.74,
            -0.83
        ],
        "q7": [
            8.27,
            7.53
        ],
        "q8": [
            16.98,
            7.46
        ]
    },
    "metadata": {
        "score": {
            "total": 3.606420073103448,
            "gini_score": 0.9460206896551724,
            "sum_score": 3.8122,
            "total_normalized": 0.901605018275862,
            "sum_normalized": 0.95305
        },
        "params": {
            "rise_time": 1314,
            "fall_time": 3073,
            "omega": 14.25080607058671,
            "init_detuning": 7.662439545653532,
            "final_detuning": 7.18085537990176
        },
        "mis": [
            [
                0,
                8,
                2,
                5
            ]
        ],
        "mis_size": 4
    },
    "edges": [
        [
            0,
            1
        ],
        [
            0,
            3
        ],
        [
            1,
            2
        ],
        [
            1,
            4
        ],
        [
            1,
            3
        ],
        [
            2,
            4
        ],
        [
            2,
            6
        ],
        [
            4,
            3
        ],
        [
            4,
            6
        ],
        [
            4,
            5
        ],
        [
            4,
            7
        ],
        [
            3,
            5
        ],
        [
            6,
            8
        ],
        [
            6,
            7
        ],
        [
            8,
            7
        ],
        [
            5,
            7
        ]
    ]
}
