{
    "qubits": {
        "0": [
            -11.0,
            -11.0
        ],
        "1": [
            0.0,
            -11.0
        ],
        "2": [
            11.0,
            -11.0
        ],
        "3": [
            -11.0,
            0.0
        ],
        "4": [
            0.0,
            0.0
        ],
        "5": [
            11.0,
            0.0
        ],
        "6": [
            -11.0,
            11.0
        ],
        "7": [
            0.0,
            11.0
        ],
        "8": [
            11.0,
            11.0
        ]
    },
    "metadata": {
        "score": {
            "total": 3.137893595375723,
            "gini_score": 0.8573479768786127,
            "sum_score": 3.66,
            "total_normalized": 0.6275787190751446,
            "sum_normalized": 0.732
        },
        "params": {
            "rise_time": 708,
            "fall_time": 2861,
            "omega": 4.474099615024601,
            "init_detuning": 4.433929805891814,
            "final_detuning": 2.1524212426610645
        },
        "mis": [
            [
                0,
                2,
                4,
                6,
                8
            ]
        ],
        "mis_size": 5
    },
    "edges": [
        [
            0,
            1
        ],
        [
            0,
            3
        ],
        [
            1,
            2
        ],
        [
            1,
            4
        ],
        [
            2,
            5
        ],
        [
            3,
            4
        ],
        [
            3,
            6
        ],
        [
            4,
            5
        ],
        [
            4,
            7
        ],
        [
            5,
            8
        ],
        [
            8,
            7
        ],
        [
            6,
            7
        ]
    ]
}
