{
    "qubits": {
        "0": [
            0.0,
            -36.0
        ],
        "1": [
            0.0,
            -27.0
        ],
        "2": [
            0.0,
            -18.0
        ],
        "3": [
            0.0,
            -9.0
        ],
        "4": [
            0.0,
            0.0
        ],
        "5": [
            0.0,
            9.0
        ],
        "6": [
            0.0,
            18.0
        ],
        "7": [
            0.0,
            27.0
        ],
        "8": [
            0.0,
            36.0
        ]
    },
    "metadata": {
        "score": {
            "total": 4.1052229343999995,
            "gini_score": 0.921528,
            "sum_score": 4.4548,
            "total_normalized": 0.8210445868799999,
            "sum_normalized": 0.89096
        },
        "params": {
            "rise_time": 727,
            "fall_time": 2440,
            "omega": 13.704213598326175,
            "init_detuning": 6.535626341709775,
            "final_detuning": 6.4161222389295425
        },
        "mis": [
            [
                0,
                2,
                4,
                6,
                8
            ]
        ],
        "mis_size": 5
    },
    "edges": [
        [
            0,
            1
        ],
        [
            1,
            2
        ],
        [
            2,
            3
        ],
        [
            3,
            4
        ],
        [
            4,
            5
        ],
        [
            6,
            7
        ],
        [
            6,
            5
        ],
        [
            7,
            8
        ]
    ]
}
