{
    "qubits": {
        "0": [
            0.0,
            -32.0
        ],
        "1": [
            0.0,
            -24.0
        ],
        "2": [
            0.0,
            -16.0
        ],
        "3": [
            0.0,
            -8.0
        ],
        "4": [
            0.0,
            0.0
        ],
        "5": [
            0.0,
            8.0
        ],
        "6": [
            0.0,
            16.0
        ],
        "7": [
            0.0,
            24.0
        ],
        "8": [
            0.0,
            32.0
        ]
    },
    "metadata": {
        "score": {
            "total": 4.5241115136507934,
            "gini_score": 0.9436634920634921,
            "sum_score": 4.7942
        },
        "params": {
            "rise_time": 816,
            "fall_time": 2113,
            "omega": 10.846976991959538,
            "init_detuning": 6.596519265018585,
            "final_detuning": 7.786780417920989
        }
    }
}
