{
    "qubits": {
        "0": [
            0.0,
            -44.0
        ],
        "1": [
            0.0,
            -33.0
        ],
        "2": [
            0.0,
            -22.0
        ],
        "3": [
            0.0,
            -11.0
        ],
        "4": [
            0.0,
            0.0
        ],
        "5": [
            0.0,
            11.0
        ],
        "6": [
            0.0,
            22.0
        ],
        "7": [
            0.0,
            33.0
        ],
        "8": [
            0.0,
            44.0
        ]
    },
    "metadata": {
        "score": {
            "total": 2.423000990331753,
            "gini_score": 0.7689137440758294,
            "sum_score": 3.1512,
            "total_normalized": 0.48460019806635063,
            "sum_normalized": 0.6302399999999999
        },
        "params": {
            "rise_time": 482,
            "fall_time": 3145,
            "omega": 3.880115534630905,
            "init_detuning": 5.362172915684155,
            "final_detuning": 0.44779691070276584
        },
        "mis": [
            [
                0,
                2,
                4,
                6,
                8
            ]
        ],
        "mis_size": 5
    },
    "edges": [
        [
            0,
            1
        ],
        [
            1,
            2
        ],
        [
            2,
            3
        ],
        [
            3,
            4
        ],
        [
            4,
            5
        ],
        [
            6,
            7
        ],
        [
            6,
            5
        ],
        [
            7,
            8
        ]
    ]
}
