{
    "qubits": {
        "0": [
            -8.0,
            -8.0
        ],
        "1": [
            0.0,
            -8.0
        ],
        "2": [
            8.0,
            -8.0
        ],
        "3": [
            -8.0,
            0.0
        ],
        "4": [
            0.0,
            0.0
        ],
        "5": [
            8.0,
            0.0
        ],
        "6": [
            -8.0,
            8.0
        ],
        "7": [
            0.0,
            8.0
        ],
        "8": [
            8.0,
            8.0
        ]
    },
    "metadata": {
        "score": {
            "total": 3.4364465403508775,
            "gini_score": 0.9336140350877193,
            "sum_score": 3.6808,
            "total_normalized": 0.8591116350877194,
            "sum_normalized": 0.9202
        },
        "params": {
            "rise_time": 994,
            "fall_time": 3082,
            "omega": 12.137179852094539,
            "init_detuning": 7.961582457723864,
            "final_detuning": 5.585380408496793
        },
        "mis": [
            [
                0,
                8,
                2,
                6
            ]
        ],
        "mis_size": 4
    },
    "edges": [
        [
            3,
            4
        ],
        [
            3,
            7
        ],
        [
            3,
            1
        ],
        [
            3,
            6
        ],
        [
            3,
            0
        ],
        [
            4,
            6
        ],
        [
            4,
            5
        ],
        [
            4,
            8
        ],
        [
            4,
            2
        ],
        [
            4,
            0
        ],
        [
            4,
            7
        ],
        [
            4,
            1
        ],
        [
            7,
            5
        ],
        [
            7,
            6
        ],
        [
            7,
            8
        ],
        [
            5,
            2
        ],
        [
            5,
            1
        ],
        [
            5,
            8
        ],
        [
            2,
            1
        ],
        [
            1,
            0
        ]
    ]
}
