{
    "qubits": {
        "0": [
            0.0,
            -40.0
        ],
        "1": [
            0.0,
            -30.0
        ],
        "2": [
            0.0,
            -20.0
        ],
        "3": [
            0.0,
            -10.0
        ],
        "4": [
            0.0,
            0.0
        ],
        "5": [
            0.0,
            10.0
        ],
        "6": [
            0.0,
            20.0
        ],
        "7": [
            0.0,
            30.0
        ],
        "8": [
            0.0,
            40.0
        ]
    },
    "metadata": {
        "score": {
            "total": 3.6324231671794878,
            "gini_score": 0.8715863247863249,
            "sum_score": 4.1676
        },
        "params": {
            "rise_time": 582,
            "fall_time": 3172,
            "omega": 5.757490198005284,
            "init_detuning": 4.19686552183289,
            "final_detuning": 2.736137152799504
        }
    }
}
