{
    "qubits": {
        "0": [
            -7.0,
            -7.0
        ],
        "1": [
            0.0,
            -7.0
        ],
        "2": [
            7.0,
            -7.0
        ],
        "3": [
            -7.0,
            0.0
        ],
        "4": [
            0.0,
            0.0
        ],
        "5": [
            7.0,
            0.0
        ],
        "6": [
            -7.0,
            7.0
        ],
        "7": [
            0.0,
            7.0
        ],
        "8": [
            7.0,
            7.0
        ]
    },
    "metadata": {
        "score": {
            "total": 3.1014391885714283,
            "gini_score": 0.8767071428571428,
            "sum_score": 3.5376
        },
        "params": {
            "rise_time": 1905,
            "fall_time": 1274,
            "omega": 9.549673832240114,
            "init_detuning": 3.958839520420312,
            "final_detuning": 5.7127993621458355
        }
    }
}
