{
    "qubits": {
        "0": [
            0.0,
            -28.0
        ],
        "1": [
            0.0,
            -21.0
        ],
        "2": [
            0.0,
            -14.0
        ],
        "3": [
            0.0,
            -7.0
        ],
        "4": [
            0.0,
            0.0
        ],
        "5": [
            0.0,
            7.0
        ],
        "6": [
            0.0,
            14.0
        ],
        "7": [
            0.0,
            21.0
        ],
        "8": [
            0.0,
            28.0
        ]
    },
    "metadata": {
        "score": {
            "total": 4.562241934545455,
            "gini_score": 0.9398545454545455,
            "sum_score": 4.8542
        },
        "params": {
            "rise_time": 1395,
            "fall_time": 3049,
            "omega": 14.815430122326667,
            "init_detuning": 7.628958192470113,
            "final_detuning": 5.653974355143119
        }
    }
}
