{
    "qubits": {
        "0": [
            0.0,
            -32.0
        ],
        "1": [
            0.0,
            -24.0
        ],
        "2": [
            0.0,
            -16.0
        ],
        "3": [
            0.0,
            -8.0
        ],
        "4": [
            0.0,
            0.0
        ],
        "5": [
            0.0,
            8.0
        ],
        "6": [
            0.0,
            16.0
        ],
        "7": [
            0.0,
            24.0
        ],
        "8": [
            0.0,
            32.0
        ]
    },
    "metadata": {
        "score": {
            "total": 4.477204333333333,
            "gini_score": 0.9394444444444444,
            "sum_score": 4.7658,
            "total_normalized": 0.8954408666666666,
            "sum_normalized": 0.9531599999999999
        },
        "params": {
            "rise_time": 1144,
            "fall_time": 3148,
            "omega": 13.65376707728273,
            "init_detuning": 6.754081092553655,
            "final_detuning": 7.987326807671744
        },
        "mis": [
            [
                0,
                2,
                4,
                6,
                8
            ]
        ],
        "mis_size": 5
    },
    "edges": [
        [
            0,
            1
        ],
        [
            1,
            2
        ],
        [
            2,
            3
        ],
        [
            3,
            4
        ],
        [
            4,
            5
        ],
        [
            6,
            7
        ],
        [
            6,
            5
        ],
        [
            7,
            8
        ]
    ]
}
