{
    "qubits": {
        "0": [
            0.0,
            -36.0
        ],
        "1": [
            0.0,
            -27.0
        ],
        "2": [
            0.0,
            -18.0
        ],
        "3": [
            0.0,
            -9.0
        ],
        "4": [
            0.0,
            0.0
        ],
        "5": [
            0.0,
            9.0
        ],
        "6": [
            0.0,
            18.0
        ],
        "7": [
            0.0,
            27.0
        ],
        "8": [
            0.0,
            36.0
        ]
    },
    "metadata": {
        "score": {
            "total": 4.2540911775,
            "gini_score": 0.9330375,
            "sum_score": 4.5594
        },
        "params": {
            "rise_time": 1631,
            "fall_time": 3321,
            "omega": 11.115224018611464,
            "init_detuning": 4.749869586600471,
            "final_detuning": 7.055276707325012
        }
    }
}
