{
    "qubits": {
        "0": [
            -7.0,
            -7.0
        ],
        "1": [
            0.0,
            -7.0
        ],
        "2": [
            7.0,
            -7.0
        ],
        "3": [
            -7.0,
            0.0
        ],
        "4": [
            0.0,
            0.0
        ],
        "5": [
            7.0,
            0.0
        ],
        "6": [
            -7.0,
            7.0
        ],
        "7": [
            0.0,
            7.0
        ],
        "8": [
            7.0,
            7.0
        ]
    },
    "metadata": {
        "score": {
            "total": 3.4432761399999996,
            "gini_score": 0.9201699999999999,
            "sum_score": 3.742,
            "total_normalized": 0.8608190349999999,
            "sum_normalized": 0.9355
        },
        "params": {
            "rise_time": 1556,
            "fall_time": 3279,
            "omega": 14.551924888434279,
            "init_detuning": 7.09949196659993,
            "final_detuning": 4.4210855763986885
        },
        "mis": [
            [
                0,
                8,
                2,
                6
            ]
        ],
        "mis_size": 4
    },
    "edges": [
        [
            3,
            4
        ],
        [
            3,
            7
        ],
        [
            3,
            1
        ],
        [
            3,
            6
        ],
        [
            3,
            0
        ],
        [
            4,
            6
        ],
        [
            4,
            5
        ],
        [
            4,
            8
        ],
        [
            4,
            2
        ],
        [
            4,
            0
        ],
        [
            4,
            7
        ],
        [
            4,
            1
        ],
        [
            7,
            5
        ],
        [
            7,
            6
        ],
        [
            7,
            8
        ],
        [
            5,
            2
        ],
        [
            5,
            1
        ],
        [
            5,
            8
        ],
        [
            2,
            1
        ],
        [
            1,
            0
        ]
    ]
}
