{
    "qubits": {
        "0": [
            0.0,
            -24.0
        ],
        "1": [
            0.0,
            -18.0
        ],
        "2": [
            0.0,
            -12.0
        ],
        "3": [
            0.0,
            -6.0
        ],
        "4": [
            0.0,
            0.0
        ],
        "5": [
            0.0,
            6.0
        ],
        "6": [
            0.0,
            12.0
        ],
        "7": [
            0.0,
            18.0
        ],
        "8": [
            0.0,
            24.0
        ]
    },
    "metadata": {
        "score": {
            "total": 1.4617109647058826,
            "gini_score": 0.7020705882352942,
            "sum_score": 2.082,
            "total_normalized": 0.4872369882352942,
            "sum_normalized": 0.694
        },
        "params": {
            "rise_time": 550,
            "fall_time": 2365,
            "omega": 2.7220833936288966,
            "init_detuning": 3.885490721013665,
            "final_detuning": 1.8273601553957324
        },
        "mis": [
            [
                0,
                3,
                6
            ],
            [
                0,
                3,
                7
            ],
            [
                0,
                8,
                3
            ],
            [
                0,
                4,
                7
            ],
            [
                0,
                8,
                4
            ],
            [
                0,
                8,
                5
            ],
            [
                1,
                4,
                7
            ],
            [
                8,
                1,
                4
            ],
            [
                8,
                1,
                5
            ],
            [
                8,
                2,
                5
            ]
        ],
        "mis_size": 3
    },
    "edges": [
        [
            0,
            1
        ],
        [
            0,
            2
        ],
        [
            1,
            2
        ],
        [
            1,
            3
        ],
        [
            2,
            4
        ],
        [
            2,
            3
        ],
        [
            4,
            3
        ],
        [
            4,
            6
        ],
        [
            4,
            5
        ],
        [
            3,
            5
        ],
        [
            6,
            8
        ],
        [
            6,
            7
        ],
        [
            6,
            5
        ],
        [
            8,
            7
        ],
        [
            5,
            7
        ]
    ]
}
