{
    "qubits": {
        "0": [
            0.0,
            -24.0
        ],
        "1": [
            0.0,
            -18.0
        ],
        "2": [
            0.0,
            -12.0
        ],
        "3": [
            0.0,
            -6.0
        ],
        "4": [
            0.0,
            0.0
        ],
        "5": [
            0.0,
            6.0
        ],
        "6": [
            0.0,
            12.0
        ],
        "7": [
            0.0,
            18.0
        ],
        "8": [
            0.0,
            24.0
        ]
    },
    "metadata": {
        "score": {
            "total": 1.3503936600000002,
            "gini_score": 0.6979500000000001,
            "sum_score": 1.9348
        },
        "params": {
            "rise_time": 838,
            "fall_time": 1567,
            "omega": 5.524159474970485,
            "init_detuning": 4.934003839328466,
            "final_detuning": 2.3237833413668776
        }
    }
}
