{
    "qubits": {
        "0": [
            -9.0,
            -9.0
        ],
        "1": [
            0.0,
            -9.0
        ],
        "2": [
            9.0,
            -9.0
        ],
        "3": [
            -9.0,
            0.0
        ],
        "4": [
            0.0,
            0.0
        ],
        "5": [
            9.0,
            0.0
        ],
        "6": [
            -9.0,
            9.0
        ],
        "7": [
            0.0,
            9.0
        ],
        "8": [
            9.0,
            9.0
        ]
    },
    "metadata": {
        "score": {
            "total": 2.6657862696296295,
            "gini_score": 0.8789851851851851,
            "sum_score": 3.0328,
            "total_normalized": 0.6664465674074074,
            "sum_normalized": 0.7582
        },
        "params": {
            "rise_time": 761,
            "fall_time": 3089,
            "omega": 12.185555427419935,
            "init_detuning": 6.109220393346332,
            "final_detuning": 3.6268680824143233
        },
        "mis": [
            [
                0,
                8,
                2,
                6
            ]
        ],
        "mis_size": 4
    },
    "edges": [
        [
            3,
            4
        ],
        [
            3,
            7
        ],
        [
            3,
            1
        ],
        [
            3,
            6
        ],
        [
            3,
            0
        ],
        [
            4,
            6
        ],
        [
            4,
            5
        ],
        [
            4,
            8
        ],
        [
            4,
            2
        ],
        [
            4,
            0
        ],
        [
            4,
            7
        ],
        [
            4,
            1
        ],
        [
            7,
            5
        ],
        [
            7,
            6
        ],
        [
            7,
            8
        ],
        [
            5,
            2
        ],
        [
            5,
            1
        ],
        [
            5,
            8
        ],
        [
            2,
            1
        ],
        [
            1,
            0
        ]
    ]
}
