{
    "qubits": {
        "0": [
            0.0,
            -44.0
        ],
        "1": [
            0.0,
            -33.0
        ],
        "2": [
            0.0,
            -22.0
        ],
        "3": [
            0.0,
            -11.0
        ],
        "4": [
            0.0,
            0.0
        ],
        "5": [
            0.0,
            11.0
        ],
        "6": [
            0.0,
            22.0
        ],
        "7": [
            0.0,
            33.0
        ],
        "8": [
            0.0,
            44.0
        ]
    },
    "metadata": {
        "score": {
            "total": 2.869856727272728,
            "gini_score": 0.7982467532467533,
            "sum_score": 3.5952
        },
        "params": {
            "rise_time": 1070,
            "fall_time": 2421,
            "omega": 2.0472064092946876,
            "init_detuning": 4.571199039334918,
            "final_detuning": 0.40029387215456413
        }
    }
}
