{
    "qubits": {
        "0": [
            -7.7,
            -19.05255888325765
        ],
        "1": [
            3.3,
            -19.05255888325765
        ],
        "2": [
            -2.2,
            -9.526279441628825
        ],
        "3": [
            8.8,
            -9.526279441628825
        ],
        "4": [
            -7.7,
            0.0
        ],
        "5": [
            3.3,
            0.0
        ],
        "6": [
            -2.2,
            9.526279441628825
        ],
        "7": [
            8.8,
            9.526279441628825
        ],
        "8": [
            -7.7,
            19.05255888325765
        ],
        "9": [
            3.3,
            19.05255888325765
        ]
    },
    "metadata": {
        "score": {
            "total": 1.3371852643425075,
            "gini_score": 0.715531498470948,
            "sum_score": 1.8688
        },
        "params": {
            "rise_time": 1494,
            "fall_time": 1585,
            "omega": 12.008386696603695,
            "init_detuning": 6.4628259354791435,
            "final_detuning": 0.5939399188337093
        }
    }
}
