{
    "qubits": {
        "0": [
            -4.2,
            -10.392304845413264
        ],
        "1": [
            1.7999999999999998,
            -10.392304845413264
        ],
        "2": [
            -1.2000000000000002,
            -5.196152422706632
        ],
        "3": [
            4.8,
            -5.196152422706632
        ],
        "4": [
            -4.2,
            0.0
        ],
        "5": [
            1.7999999999999998,
            0.0
        ],
        "6": [
            -1.2000000000000002,
            5.196152422706632
        ],
        "7": [
            4.8,
            5.196152422706632
        ],
        "8": [
            -4.2,
            10.392304845413264
        ],
        "9": [
            1.7999999999999998,
            10.392304845413264
        ]
    },
    "metadata": {
        "score": {
            "total": 0.8974500457142858,
            "gini_score": 0.6746730158730159,
            "sum_score": 1.3302
        },
        "params": {
            "rise_time": 1109,
            "fall_time": 2327,
            "omega": 5.848934627187374,
            "init_detuning": 3.51119949779074,
            "final_detuning": 2.9732366063242006
        }
    }
}
