{
    "qubits": {
        "0": [
            -7.0,
            -17.32050807568877
        ],
        "1": [
            3.0,
            -17.32050807568877
        ],
        "2": [
            -2.0,
            -8.660254037844386
        ],
        "3": [
            8.0,
            -8.660254037844386
        ],
        "4": [
            -7.0,
            0.0
        ],
        "5": [
            3.0,
            0.0
        ],
        "6": [
            -2.0,
            8.660254037844386
        ],
        "7": [
            8.0,
            8.660254037844386
        ],
        "8": [
            -7.0,
            17.32050807568877
        ],
        "9": [
            3.0,
            17.32050807568877
        ]
    },
    "metadata": {
        "score": {
            "total": 2.991001111910113,
            "gini_score": 0.9104471910112361,
            "sum_score": 3.2852
        },
        "params": {
            "rise_time": 1014,
            "fall_time": 3298,
            "omega": 14.990760441699916,
            "init_detuning": 6.90132758956022,
            "final_detuning": 7.267206176894752
        }
    }
}
