{
    "qubits": {
        "0": [
            0.0,
            -31.5
        ],
        "1": [
            0.0,
            -24.5
        ],
        "2": [
            0.0,
            -17.5
        ],
        "3": [
            0.0,
            -10.5
        ],
        "4": [
            0.0,
            -3.5
        ],
        "5": [
            0.0,
            3.5
        ],
        "6": [
            0.0,
            10.5
        ],
        "7": [
            0.0,
            17.5
        ],
        "8": [
            0.0,
            24.5
        ],
        "9": [
            0.0,
            31.5
        ]
    },
    "metadata": {
        "score": {
            "total": 4.0468845,
            "gini_score": 0.8583,
            "sum_score": 4.715,
            "total_normalized": 0.8093769,
            "sum_normalized": 0.943
        },
        "params": {
            "rise_time": 251,
            "fall_time": 1916,
            "omega": 9.372282325932105,
            "init_detuning": 6.163772116151643,
            "final_detuning": 6.026204070160796
        },
        "mis": [
            [
                0,
                2,
                4,
                6,
                8
            ],
            [
                0,
                2,
                4,
                6,
                9
            ],
            [
                0,
                2,
                4,
                7,
                9
            ],
            [
                0,
                2,
                5,
                7,
                9
            ],
            [
                0,
                3,
                5,
                7,
                9
            ],
            [
                1,
                3,
                5,
                7,
                9
            ]
        ],
        "mis_size": 5
    },
    "edges": [
        [
            0,
            1
        ],
        [
            1,
            2
        ],
        [
            2,
            3
        ],
        [
            3,
            4
        ],
        [
            4,
            5
        ],
        [
            6,
            7
        ],
        [
            6,
            5
        ],
        [
            7,
            8
        ],
        [
            8,
            9
        ]
    ]
}
