{
    "qubits": {
        "0": [
            0.0,
            -36.0
        ],
        "1": [
            0.0,
            -28.0
        ],
        "2": [
            0.0,
            -20.0
        ],
        "3": [
            0.0,
            -12.0
        ],
        "4": [
            0.0,
            -4.0
        ],
        "5": [
            0.0,
            4.0
        ],
        "6": [
            0.0,
            12.0
        ],
        "7": [
            0.0,
            20.0
        ],
        "8": [
            0.0,
            28.0
        ],
        "9": [
            0.0,
            36.0
        ]
    },
    "metadata": {
        "score": {
            "total": 4.1710908701123595,
            "gini_score": 0.8707550561797753,
            "sum_score": 4.7902,
            "total_normalized": 0.8342181740224719,
            "sum_normalized": 0.9580399999999999
        },
        "params": {
            "rise_time": 1288,
            "fall_time": 1927,
            "omega": 13.279272589289624,
            "init_detuning": 5.964663470360455,
            "final_detuning": 5.913934161540137
        },
        "mis": [
            [
                0,
                2,
                4,
                6,
                8
            ],
            [
                0,
                2,
                4,
                6,
                9
            ],
            [
                0,
                2,
                4,
                7,
                9
            ],
            [
                0,
                2,
                5,
                7,
                9
            ],
            [
                0,
                3,
                5,
                7,
                9
            ],
            [
                1,
                3,
                5,
                7,
                9
            ]
        ],
        "mis_size": 5
    },
    "edges": [
        [
            0,
            1
        ],
        [
            1,
            2
        ],
        [
            2,
            3
        ],
        [
            3,
            4
        ],
        [
            4,
            5
        ],
        [
            6,
            7
        ],
        [
            6,
            5
        ],
        [
            7,
            8
        ],
        [
            8,
            9
        ]
    ]
}
