{
    "qubits": {
        "0": [
            -5.0,
            -20.0
        ],
        "1": [
            5.0,
            -20.0
        ],
        "2": [
            -5.0,
            -10.0
        ],
        "3": [
            5.0,
            -10.0
        ],
        "4": [
            -5.0,
            0.0
        ],
        "5": [
            5.0,
            0.0
        ],
        "6": [
            -5.0,
            10.0
        ],
        "7": [
            5.0,
            10.0
        ],
        "8": [
            -5.0,
            20.0
        ],
        "9": [
            5.0,
            20.0
        ]
    },
    "metadata": {
        "score": {
            "total": 3.4798481981456955,
            "gini_score": 0.8643867549668874,
            "sum_score": 4.0258,
            "total_normalized": 0.695969639629139,
            "sum_normalized": 0.8051600000000001
        },
        "params": {
            "rise_time": 664,
            "fall_time": 3168,
            "omega": 4.2835485462048375,
            "init_detuning": 3.46638402365677,
            "final_detuning": 3.0969568184856504
        },
        "mis": [
            [
                0,
                3,
                4,
                7,
                8
            ],
            [
                1,
                2,
                5,
                6,
                9
            ]
        ],
        "mis_size": 5
    },
    "edges": [
        [
            0,
            1
        ],
        [
            0,
            2
        ],
        [
            1,
            3
        ],
        [
            2,
            4
        ],
        [
            2,
            3
        ],
        [
            4,
            6
        ],
        [
            4,
            5
        ],
        [
            6,
            8
        ],
        [
            6,
            7
        ],
        [
            8,
            9
        ],
        [
            5,
            7
        ],
        [
            5,
            3
        ],
        [
            7,
            9
        ]
    ]
}
