{
    "qubits": {
        "0": [
            0.0,
            -27.0
        ],
        "1": [
            0.0,
            -21.0
        ],
        "2": [
            0.0,
            -15.0
        ],
        "3": [
            0.0,
            -9.0
        ],
        "4": [
            0.0,
            -3.0
        ],
        "5": [
            0.0,
            3.0
        ],
        "6": [
            0.0,
            9.0
        ],
        "7": [
            0.0,
            15.0
        ],
        "8": [
            0.0,
            21.0
        ],
        "9": [
            0.0,
            27.0
        ]
    },
    "metadata": {
        "score": {
            "total": 0.8398616823529411,
            "gini_score": 0.6516617647058823,
            "sum_score": 1.2888
        },
        "params": {
            "rise_time": 397,
            "fall_time": 2909,
            "omega": 7.473189253700346,
            "init_detuning": 1.7229203797707942,
            "final_detuning": 3.50452035212583
        }
    }
}
