{
    "qubits": {
        "0": [
            0.0,
            -40.5
        ],
        "1": [
            0.0,
            -31.5
        ],
        "2": [
            0.0,
            -22.5
        ],
        "3": [
            0.0,
            -13.5
        ],
        "4": [
            0.0,
            -4.5
        ],
        "5": [
            0.0,
            4.5
        ],
        "6": [
            0.0,
            13.5
        ],
        "7": [
            0.0,
            22.5
        ],
        "8": [
            0.0,
            31.5
        ],
        "9": [
            0.0,
            40.5
        ]
    },
    "metadata": {
        "score": {
            "total": 4.14680445971831,
            "gini_score": 0.8938619718309859,
            "sum_score": 4.6392,
            "total_normalized": 0.829360891943662,
            "sum_normalized": 0.92784
        },
        "params": {
            "rise_time": 966,
            "fall_time": 3105,
            "omega": 11.241531528329606,
            "init_detuning": 4.844058324035239,
            "final_detuning": 5.097198722903922
        },
        "mis": [
            [
                0,
                2,
                4,
                6,
                8
            ],
            [
                0,
                2,
                4,
                6,
                9
            ],
            [
                0,
                2,
                4,
                7,
                9
            ],
            [
                0,
                2,
                5,
                7,
                9
            ],
            [
                0,
                3,
                5,
                7,
                9
            ],
            [
                1,
                3,
                5,
                7,
                9
            ]
        ],
        "mis_size": 5
    },
    "edges": [
        [
            0,
            1
        ],
        [
            1,
            2
        ],
        [
            2,
            3
        ],
        [
            3,
            4
        ],
        [
            4,
            5
        ],
        [
            6,
            7
        ],
        [
            6,
            5
        ],
        [
            7,
            8
        ],
        [
            8,
            9
        ]
    ]
}
