{
    "qubits": {
        "0": [
            -3.0,
            -12.0
        ],
        "1": [
            3.0,
            -12.0
        ],
        "2": [
            -3.0,
            -6.0
        ],
        "3": [
            3.0,
            -6.0
        ],
        "4": [
            -3.0,
            0.0
        ],
        "5": [
            3.0,
            0.0
        ],
        "6": [
            -3.0,
            6.0
        ],
        "7": [
            3.0,
            6.0
        ],
        "8": [
            -3.0,
            12.0
        ],
        "9": [
            3.0,
            12.0
        ]
    },
    "metadata": {
        "score": {
            "total": 1.0881682203278689,
            "gini_score": 0.6548918032786886,
            "sum_score": 1.6616
        },
        "params": {
            "rise_time": 642,
            "fall_time": 2075,
            "omega": 3.169732596689068,
            "init_detuning": 3.1950093281976097,
            "final_detuning": 7.090389776180038
        }
    }
}
