{
    "qubits": {
        "0": [
            -4.0,
            -16.0
        ],
        "1": [
            4.0,
            -16.0
        ],
        "2": [
            -4.0,
            -8.0
        ],
        "3": [
            4.0,
            -8.0
        ],
        "4": [
            -4.0,
            0.0
        ],
        "5": [
            4.0,
            0.0
        ],
        "6": [
            -4.0,
            8.0
        ],
        "7": [
            4.0,
            8.0
        ],
        "8": [
            -4.0,
            16.0
        ],
        "9": [
            4.0,
            16.0
        ]
    },
    "metadata": {
        "score": {
            "total": 1.5130947401680672,
            "gini_score": 0.7612672268907563,
            "sum_score": 1.9876
        },
        "params": {
            "rise_time": 592,
            "fall_time": 2230,
            "omega": 7.907107363028685,
            "init_detuning": 2.1572269799263326,
            "final_detuning": 3.4388151224865555
        }
    }
}
