{
    "qubits": {
        "0": [
            0.0,
            -40.5
        ],
        "1": [
            0.0,
            -31.5
        ],
        "2": [
            0.0,
            -22.5
        ],
        "3": [
            0.0,
            -13.5
        ],
        "4": [
            0.0,
            -4.5
        ],
        "5": [
            0.0,
            4.5
        ],
        "6": [
            0.0,
            13.5
        ],
        "7": [
            0.0,
            22.5
        ],
        "8": [
            0.0,
            31.5
        ],
        "9": [
            0.0,
            40.5
        ]
    },
    "metadata": {
        "score": {
            "total": 4.14680445971831,
            "gini_score": 0.8938619718309859,
            "sum_score": 4.6392
        },
        "params": {
            "rise_time": 966,
            "fall_time": 3105,
            "omega": 11.241531528329606,
            "init_detuning": 4.844058324035239,
            "final_detuning": 5.097198722903922
        }
    }
}
