{
    "qubits": {
        "0": [
            0.0,
            -45.0
        ],
        "1": [
            0.0,
            -35.0
        ],
        "2": [
            0.0,
            -25.0
        ],
        "3": [
            0.0,
            -15.0
        ],
        "4": [
            0.0,
            -5.0
        ],
        "5": [
            0.0,
            5.0
        ],
        "6": [
            0.0,
            15.0
        ],
        "7": [
            0.0,
            25.0
        ],
        "8": [
            0.0,
            35.0
        ],
        "9": [
            0.0,
            45.0
        ]
    },
    "metadata": {
        "score": {
            "total": 2.8022743018075804,
            "gini_score": 0.7892396501457726,
            "sum_score": 3.5506
        },
        "params": {
            "rise_time": 1417,
            "fall_time": 2741,
            "omega": 13.268894615942921,
            "init_detuning": 7.287160197947571,
            "final_detuning": 4.230137655663634
        }
    }
}
