{
    "qubits": {
        "0": [
            -4.0,
            -16.0
        ],
        "1": [
            4.0,
            -16.0
        ],
        "2": [
            -4.0,
            -8.0
        ],
        "3": [
            4.0,
            -8.0
        ],
        "4": [
            -4.0,
            0.0
        ],
        "5": [
            4.0,
            0.0
        ],
        "6": [
            -4.0,
            8.0
        ],
        "7": [
            4.0,
            8.0
        ],
        "8": [
            -4.0,
            16.0
        ],
        "9": [
            4.0,
            16.0
        ]
    },
    "metadata": {
        "score": {
            "total": 1.5130947401680672,
            "gini_score": 0.7612672268907563,
            "sum_score": 1.9876,
            "total_normalized": 0.5043649133893557,
            "sum_normalized": 0.6625333333333333
        },
        "params": {
            "rise_time": 592,
            "fall_time": 2230,
            "omega": 7.907107363028685,
            "init_detuning": 2.1572269799263326,
            "final_detuning": 3.4388151224865555
        },
        "mis": [
            [
                0,
                8,
                4
            ],
            [
                0,
                9,
                4
            ],
            [
                0,
                8,
                5
            ],
            [
                0,
                9,
                5
            ],
            [
                8,
                1,
                4
            ],
            [
                1,
                4,
                9
            ],
            [
                8,
                1,
                5
            ],
            [
                1,
                5,
                9
            ]
        ],
        "mis_size": 3
    },
    "edges": [
        [
            3,
            4
        ],
        [
            3,
            1
        ],
        [
            3,
            5
        ],
        [
            3,
            0
        ],
        [
            3,
            2
        ],
        [
            4,
            6
        ],
        [
            4,
            5
        ],
        [
            4,
            2
        ],
        [
            4,
            7
        ],
        [
            6,
            8
        ],
        [
            6,
            5
        ],
        [
            6,
            7
        ],
        [
            6,
            9
        ],
        [
            5,
            7
        ],
        [
            5,
            2
        ],
        [
            7,
            9
        ],
        [
            7,
            8
        ],
        [
            0,
            2
        ],
        [
            0,
            1
        ],
        [
            2,
            1
        ],
        [
            8,
            9
        ]
    ]
}
