{
    "qubits": {
        "0": [
            0.0,
            -27.0
        ],
        "1": [
            0.0,
            -21.0
        ],
        "2": [
            0.0,
            -15.0
        ],
        "3": [
            0.0,
            -9.0
        ],
        "4": [
            0.0,
            -3.0
        ],
        "5": [
            0.0,
            3.0
        ],
        "6": [
            0.0,
            9.0
        ],
        "7": [
            0.0,
            15.0
        ],
        "8": [
            0.0,
            21.0
        ],
        "9": [
            0.0,
            27.0
        ]
    },
    "metadata": {
        "score": {
            "total": 0.8398616823529411,
            "gini_score": 0.6516617647058823,
            "sum_score": 1.2888,
            "total_normalized": 0.20996542058823528,
            "sum_normalized": 0.3222
        },
        "params": {
            "rise_time": 397,
            "fall_time": 2909,
            "omega": 7.473189253700346,
            "init_detuning": 1.7229203797707942,
            "final_detuning": 3.50452035212583
        },
        "mis": [
            [
                0,
                9,
                3,
                6
            ]
        ],
        "mis_size": 4
    },
    "edges": [
        [
            0,
            1
        ],
        [
            0,
            2
        ],
        [
            1,
            2
        ],
        [
            1,
            3
        ],
        [
            2,
            4
        ],
        [
            2,
            3
        ],
        [
            4,
            3
        ],
        [
            4,
            6
        ],
        [
            4,
            5
        ],
        [
            3,
            5
        ],
        [
            6,
            8
        ],
        [
            6,
            7
        ],
        [
            6,
            5
        ],
        [
            8,
            7
        ],
        [
            8,
            9
        ],
        [
            5,
            7
        ],
        [
            7,
            9
        ]
    ]
}
