{
    "qubits": {
        "0": [
            -3.0,
            -12.0
        ],
        "1": [
            3.0,
            -12.0
        ],
        "2": [
            -3.0,
            -6.0
        ],
        "3": [
            3.0,
            -6.0
        ],
        "4": [
            -3.0,
            0.0
        ],
        "5": [
            3.0,
            0.0
        ],
        "6": [
            -3.0,
            6.0
        ],
        "7": [
            3.0,
            6.0
        ],
        "8": [
            -3.0,
            12.0
        ],
        "9": [
            3.0,
            12.0
        ]
    },
    "metadata": {
        "score": {
            "total": 1.0881682203278689,
            "gini_score": 0.6548918032786886,
            "sum_score": 1.6616,
            "total_normalized": 0.3627227401092896,
            "sum_normalized": 0.5538666666666666
        },
        "params": {
            "rise_time": 642,
            "fall_time": 2075,
            "omega": 3.169732596689068,
            "init_detuning": 3.1950093281976097,
            "final_detuning": 7.090389776180038
        },
        "mis": [
            [
                0,
                8,
                5
            ],
            [
                1,
                4,
                9
            ]
        ],
        "mis_size": 3
    },
    "edges": [
        [
            3,
            4
        ],
        [
            3,
            7
        ],
        [
            3,
            1
        ],
        [
            3,
            5
        ],
        [
            3,
            0
        ],
        [
            3,
            2
        ],
        [
            4,
            6
        ],
        [
            4,
            5
        ],
        [
            4,
            8
        ],
        [
            4,
            2
        ],
        [
            4,
            0
        ],
        [
            4,
            7
        ],
        [
            7,
            5
        ],
        [
            7,
            9
        ],
        [
            7,
            6
        ],
        [
            7,
            8
        ],
        [
            6,
            8
        ],
        [
            6,
            5
        ],
        [
            6,
            2
        ],
        [
            6,
            9
        ],
        [
            5,
            2
        ],
        [
            5,
            9
        ],
        [
            5,
            1
        ],
        [
            0,
            2
        ],
        [
            0,
            1
        ],
        [
            2,
            1
        ],
        [
            8,
            9
        ]
    ]
}
