{
    "qubits": {
        "0": [
            -3.5,
            -14.0
        ],
        "1": [
            3.5,
            -14.0
        ],
        "2": [
            -3.5,
            -7.0
        ],
        "3": [
            3.5,
            -7.0
        ],
        "4": [
            -3.5,
            0.0
        ],
        "5": [
            3.5,
            0.0
        ],
        "6": [
            -3.5,
            7.0
        ],
        "7": [
            3.5,
            7.0
        ],
        "8": [
            -3.5,
            14.0
        ],
        "9": [
            3.5,
            14.0
        ]
    },
    "metadata": {
        "score": {
            "total": 2.3302960363636367,
            "gini_score": 0.8316545454545455,
            "sum_score": 2.802
        },
        "params": {
            "rise_time": 666,
            "fall_time": 2507,
            "omega": 3.1289282549786113,
            "init_detuning": 4.04502539333599,
            "final_detuning": 2.938794357458323
        }
    }
}
