{
    "qubits": {
        "0": [
            0.0,
            -49.5
        ],
        "1": [
            0.0,
            -38.5
        ],
        "2": [
            0.0,
            -27.5
        ],
        "3": [
            0.0,
            -16.5
        ],
        "4": [
            0.0,
            -5.5
        ],
        "5": [
            0.0,
            5.5
        ],
        "6": [
            0.0,
            16.5
        ],
        "7": [
            0.0,
            27.5
        ],
        "8": [
            0.0,
            38.5
        ],
        "9": [
            0.0,
            49.5
        ]
    },
    "metadata": {
        "score": {
            "total": 2.968607572134832,
            "gini_score": 0.7361887640449439,
            "sum_score": 4.0324
        },
        "params": {
            "rise_time": 1560,
            "fall_time": 2444,
            "omega": 1.742239235230982,
            "init_detuning": 1.818141406441337,
            "final_detuning": 0.6538426686737812
        }
    }
}
