{
    "qubits": {
        "0": [
            1.5909090909090908,
            -30.31088913245535
        ],
        "1": [
            -1.9090909090909092,
            -24.24871130596428
        ],
        "2": [
            1.5909090909090908,
            -18.186533479473212
        ],
        "3": [
            -1.9090909090909092,
            -12.124355652982143
        ],
        "4": [
            1.5909090909090908,
            -6.062177826491071
        ],
        "5": [
            -1.9090909090909092,
            -9.689219124001365e-16
        ],
        "6": [
            1.5909090909090908,
            6.0621778264910695
        ],
        "7": [
            -1.9090909090909092,
            12.124355652982139
        ],
        "8": [
            1.5909090909090908,
            18.186533479473212
        ],
        "9": [
            -1.9090909090909092,
            24.24871130596428
        ],
        "10": [
            1.5909090909090908,
            30.31088913245535
        ]
    },
    "metadata": {
        "score": {
            "total": 1.1509723475409837,
            "gini_score": 0.7144459016393443,
            "sum_score": 1.611,
            "total_normalized": 0.2877430868852459,
            "sum_normalized": 0.40275
        },
        "params": {
            "rise_time": 1190,
            "fall_time": 901,
            "omega": 6.418249666833489,
            "init_detuning": 4.12514812149793,
            "final_detuning": 0.9890678900797268
        },
        "mis": [
            [
                0,
                9,
                3,
                6
            ],
            [
                0,
                10,
                3,
                6
            ],
            [
                0,
                10,
                3,
                7
            ],
            [
                0,
                10,
                4,
                7
            ],
            [
                1,
                10,
                4,
                7
            ]
        ],
        "mis_size": 4
    },
    "edges": [
        [
            3,
            4
        ],
        [
            3,
            1
        ],
        [
            3,
            5
        ],
        [
            3,
            2
        ],
        [
            4,
            6
        ],
        [
            4,
            5
        ],
        [
            4,
            2
        ],
        [
            6,
            8
        ],
        [
            6,
            5
        ],
        [
            6,
            7
        ],
        [
            5,
            7
        ],
        [
            7,
            9
        ],
        [
            7,
            8
        ],
        [
            0,
            2
        ],
        [
            0,
            1
        ],
        [
            2,
            1
        ],
        [
            8,
            9
        ],
        [
            8,
            10
        ],
        [
            9,
            10
        ]
    ]
}
