{
    "qubits": {
        "0": [
            0.0,
            -6.0
        ],
        "1": [
            0.0,
            0.0
        ],
        "2": [
            0.0,
            6.0
        ]
    },
    "metadata": {
        "score": {
            "total": 0.349054336,
            "gini_score": 0.51136,
            "sum_score": 0.6826
        },
        "params": {
            "rise_time": 779,
            "fall_time": 1110,
            "omega": 14.992259740116586,
            "init_detuning": 2.440360793692048,
            "final_detuning": 3.310980627523186
        }
    }
}
