{
    "qubits": {
        "0": [
            0.0,
            -7.0
        ],
        "1": [
            0.0,
            0.0
        ],
        "2": [
            0.0,
            7.0
        ]
    },
    "metadata": {
        "score": {
            "total": 1.24575792,
            "gini_score": 0.7179333333333333,
            "sum_score": 1.7352,
            "total_normalized": 0.62287896,
            "sum_normalized": 0.8676
        },
        "params": {
            "rise_time": 513,
            "fall_time": 819,
            "omega": 11.739495348998808,
            "init_detuning": 5.927351914817752,
            "final_detuning": 5.07682168384142
        },
        "mis": [
            [
                0,
                2
            ]
        ],
        "mis_size": 2
    },
    "edges": [
        [
            0,
            1
        ],
        [
            1,
            2
        ]
    ]
}
