{
    "qubits": {
        "0": [
            0.0,
            -10.0
        ],
        "1": [
            0.0,
            0.0
        ],
        "2": [
            0.0,
            10.0
        ]
    },
    "metadata": {
        "score": {
            "total": 1.559742,
            "gini_score": 0.82965,
            "sum_score": 1.88,
            "total_normalized": 0.779871,
            "sum_normalized": 0.94
        },
        "params": {
            "rise_time": 781,
            "fall_time": 3317,
            "omega": 14.914470961517745,
            "init_detuning": 5.00448784705022,
            "final_detuning": 5.302393086666622
        },
        "mis": [
            [
                0,
                2
            ]
        ],
        "mis_size": 2
    },
    "edges": [
        [
            0,
            1
        ],
        [
            1,
            2
        ]
    ]
}
