{
    "qubits": {
        "0": [
            0.0,
            -11.0
        ],
        "1": [
            0.0,
            0.0
        ],
        "2": [
            0.0,
            11.0
        ]
    },
    "metadata": {
        "score": {
            "total": 0.58654882,
            "gini_score": 0.47905,
            "sum_score": 1.2244
        },
        "params": {
            "rise_time": 986,
            "fall_time": 1819,
            "omega": 6.198568156950352,
            "init_detuning": 3.126525604262583,
            "final_detuning": 2.3842541652106135
        }
    }
}
