{
    "qubits": {
        "0": [
            0.0,
            0
        ],
        "1": [
            0.0,
            10
        ],
        "2": [
            8.660254037844386,
            10
        ]
    },
    "metadata": {
        "score": {
            "total": 0.33053963428571426,
            "gini_score": 0.5005142857142857,
            "sum_score": 0.6604,
            "total_normalized": 0.33053963428571426,
            "sum_normalized": 0.6604
        },
        "params": {
            "rise_time": 1135,
            "fall_time": 2249,
            "omega": 9.089312468110705,
            "init_detuning": 2.7615413482860944,
            "final_detuning": 0.319496990679879
        },
        "mis": [
            [
                0
            ],
            [
                1
            ],
            [
                2
            ]
        ],
        "mis_size": 1
    },
    "edges": [
        [
            0,
            1
        ],
        [
            0,
            2
        ],
        [
            1,
            2
        ]
    ]
}
