{
    "qubits": {
        "0": [
            0.0,
            0
        ],
        "1": [
            0.0,
            6
        ],
        "2": [
            5.196152422706632,
            6
        ]
    },
    "metadata": {
        "score": {
            "total": 0.384624144,
            "gini_score": 0.39064,
            "sum_score": 0.9846
        },
        "params": {
            "rise_time": 263,
            "fall_time": 272,
            "omega": 5.999579072624024,
            "init_detuning": 2.9954354043950677,
            "final_detuning": 1.5237668789386882
        }
    }
}
