{
    "qubits": {
        "0": [
            0.0,
            0
        ],
        "1": [
            0.0,
            11
        ],
        "2": [
            9.526279441628825,
            11
        ]
    },
    "metadata": {
        "score": {
            "total": 1.1039622742857143,
            "gini_score": 0.6942285714285714,
            "sum_score": 1.5902,
            "total_normalized": 0.5519811371428571,
            "sum_normalized": 0.7951
        },
        "params": {
            "rise_time": 440,
            "fall_time": 2396,
            "omega": 7.7201837475480595,
            "init_detuning": 3.749826220331885,
            "final_detuning": 3.1139052027971417
        },
        "mis": [
            [
                0,
                2
            ]
        ],
        "mis_size": 2
    },
    "edges": [
        [
            0,
            1
        ],
        [
            1,
            2
        ]
    ]
}
