{
    "qubits": {
        "0": [
            0.0,
            0
        ],
        "1": [
            0.0,
            8
        ],
        "2": [
            6.928203230275509,
            8
        ]
    },
    "metadata": {
        "score": {
            "total": 0.6433837714285714,
            "gini_score": 0.6668571428571428,
            "sum_score": 0.9648,
            "total_normalized": 0.6433837714285714,
            "sum_normalized": 0.9648
        },
        "params": {
            "rise_time": 45,
            "fall_time": 715,
            "omega": 7.910483929743524,
            "init_detuning": 6.747173556767296,
            "final_detuning": 3.59908459077203
        },
        "mis": [
            [
                0
            ],
            [
                1
            ],
            [
                2
            ]
        ],
        "mis_size": 1
    },
    "edges": [
        [
            0,
            1
        ],
        [
            0,
            2
        ],
        [
            1,
            2
        ]
    ]
}
