{
    "qubits": {
        "0": [
            0.0,
            0
        ],
        "1": [
            0.0,
            7
        ],
        "2": [
            6.06217782649107,
            7
        ]
    },
    "metadata": {
        "score": {
            "total": 0.5134218,
            "gini_score": 0.5176666666666667,
            "sum_score": 0.9918
        },
        "params": {
            "rise_time": 1435,
            "fall_time": 2826,
            "omega": 5.9469748523428985,
            "init_detuning": 1.7145367283494508,
            "final_detuning": 0.6670957380965967
        }
    }
}
