{
    "qubits": {
        "0": [
            0.0,
            0
        ],
        "1": [
            0.0,
            9
        ],
        "2": [
            7.794228634059947,
            9
        ]
    },
    "metadata": {
        "score": {
            "total": 0.5604532266666667,
            "gini_score": 0.5954666666666667,
            "sum_score": 0.9412
        },
        "params": {
            "rise_time": 1210,
            "fall_time": 1272,
            "omega": 6.465940511966839,
            "init_detuning": 1.421139755947578,
            "final_detuning": 2.666279368079455
        }
    }
}
