{
    "qubits": {
        "q0": [
            -3.91,
            -4.9
        ],
        "q1": [
            1.44,
            -1.82
        ],
        "q2": [
            -1.91,
            0.82
        ],
        "q3": [
            3.17,
            3.26
        ]
    },
    "metadata": {
        "score": {
            "total": 0.36327564,
            "gini_score": 0.3980666666666667,
            "sum_score": 0.9126
        },
        "params": {
            "rise_time": 922,
            "fall_time": 3289,
            "omega": 4.920080215455918,
            "init_detuning": 7.128269368377396,
            "final_detuning": 3.053702092817699
        }
    }
}
