{
    "qubits": {
        "q0": [
            -5.89,
            -6.66
        ],
        "q1": [
            1.44,
            -1.82
        ],
        "q2": [
            -1.91,
            0.82
        ],
        "q3": [
            5.35,
            5.63
        ]
    },
    "metadata": {
        "score": {
            "total": 1.5910869818181819,
            "gini_score": 0.8576363636363636,
            "sum_score": 1.8552
        },
        "params": {
            "rise_time": 1128,
            "fall_time": 3089,
            "omega": 11.24519527405077,
            "init_detuning": 7.167058632454928,
            "final_detuning": 4.847769620854454
        }
    }
}
