{
    "qubits": {
        "0": [
            1.5,
            -7.794228634059948
        ],
        "1": [
            -1.5,
            -2.598076211353316
        ],
        "2": [
            1.5,
            2.598076211353316
        ],
        "3": [
            -1.5,
            7.794228634059948
        ]
    },
    "metadata": {
        "score": {
            "total": 1.3773775599999998,
            "gini_score": 0.76555,
            "sum_score": 1.7992
        },
        "params": {
            "rise_time": 430,
            "fall_time": 2084,
            "omega": 5.140685585971883,
            "init_detuning": 5.685777879342301,
            "final_detuning": 3.53757691792215
        }
    }
}
