{
    "qubits": {
        "0": [
            -8.25,
            -4.763139720814412
        ],
        "1": [
            2.75,
            -4.763139720814412
        ],
        "2": [
            -2.75,
            4.763139720814412
        ],
        "3": [
            8.25,
            4.763139720814412
        ]
    },
    "metadata": {
        "score": {
            "total": 0.83924811,
            "gini_score": 0.69165,
            "sum_score": 1.2134
        },
        "params": {
            "rise_time": 1374,
            "fall_time": 2651,
            "omega": 7.490561098886802,
            "init_detuning": 4.2759476044282465,
            "final_detuning": 3.1149138766944424
        }
    }
}
