{
    "qubits": {
        "0": [
            -6.0,
            -3.4641016151377544
        ],
        "1": [
            2.0,
            -3.4641016151377544
        ],
        "2": [
            -2.0,
            3.4641016151377544
        ],
        "3": [
            6.0,
            3.4641016151377544
        ]
    },
    "metadata": {
        "score": {
            "total": 1.6684456319999998,
            "gini_score": 0.8711599999999999,
            "sum_score": 1.9152,
            "total_normalized": 0.8342228159999999,
            "sum_normalized": 0.9576
        },
        "params": {
            "rise_time": 1165,
            "fall_time": 1912,
            "omega": 13.212093042187409,
            "init_detuning": 7.386902208922821,
            "final_detuning": 6.288251386504542
        },
        "mis": [
            [
                0,
                3
            ]
        ],
        "mis_size": 2
    },
    "edges": [
        [
            0,
            1
        ],
        [
            0,
            2
        ],
        [
            1,
            2
        ],
        [
            1,
            3
        ],
        [
            2,
            3
        ]
    ]
}
