{
    "qubits": {
        "0": [
            -6.75,
            -3.8971143170299736
        ],
        "1": [
            2.25,
            -3.8971143170299736
        ],
        "2": [
            -2.25,
            3.8971143170299736
        ],
        "3": [
            6.75,
            3.8971143170299736
        ]
    },
    "metadata": {
        "score": {
            "total": 1.68914176,
            "gini_score": 0.8951466666666666,
            "sum_score": 1.887
        },
        "params": {
            "rise_time": 1637,
            "fall_time": 2740,
            "omega": 10.399468012151937,
            "init_detuning": 4.157871788254736,
            "final_detuning": 7.059668890401534
        }
    }
}
