{
    "qubits": {
        "0": [
            -5.25,
            -3.031088913245535
        ],
        "1": [
            1.75,
            -3.031088913245535
        ],
        "2": [
            -1.75,
            3.031088913245535
        ],
        "3": [
            5.25,
            3.031088913245535
        ]
    },
    "metadata": {
        "score": {
            "total": 0.47219199999999995,
            "gini_score": 0.6132363636363636,
            "sum_score": 0.77
        },
        "params": {
            "rise_time": 257,
            "fall_time": 107,
            "omega": 5.888261180080058,
            "init_detuning": 2.2342268940506713,
            "final_detuning": 4.551387049857975
        }
    }
}
