{
    "qubits": {
        "0": [
            -4.5,
            -2.598076211353316
        ],
        "1": [
            1.5,
            -2.598076211353316
        ],
        "2": [
            -1.5,
            2.598076211353316
        ],
        "3": [
            4.5,
            2.598076211353316
        ]
    },
    "metadata": {
        "score": {
            "total": 0.5427024933333332,
            "gini_score": 0.6007333333333332,
            "sum_score": 0.9034
        },
        "params": {
            "rise_time": 1062,
            "fall_time": 613,
            "omega": 11.36678092987898,
            "init_detuning": 3.9281064043974157,
            "final_detuning": 3.4870800723200954
        }
    }
}
