{
    "qubits": {
        "0": [
            -7.5,
            -4.330127018922193
        ],
        "1": [
            2.5,
            -4.330127018922193
        ],
        "2": [
            -2.5,
            4.330127018922193
        ],
        "3": [
            7.5,
            4.330127018922193
        ]
    },
    "metadata": {
        "score": {
            "total": 1.39318125,
            "gini_score": 0.83175,
            "sum_score": 1.675,
            "total_normalized": 0.696590625,
            "sum_normalized": 0.8375
        },
        "params": {
            "rise_time": 1514,
            "fall_time": 2664,
            "omega": 13.35223664419392,
            "init_detuning": 4.91901310386322,
            "final_detuning": 7.620328016902547
        },
        "mis": [
            [
                0,
                3
            ]
        ],
        "mis_size": 2
    },
    "edges": [
        [
            0,
            1
        ],
        [
            0,
            2
        ],
        [
            1,
            2
        ],
        [
            1,
            3
        ],
        [
            2,
            3
        ]
    ]
}
