{
    "qubits": {
        "0": [
            0.0,
            -15.0
        ],
        "1": [
            0.0,
            -5.0
        ],
        "2": [
            0.0,
            5.0
        ],
        "3": [
            0.0,
            15.0
        ]
    },
    "metadata": {
        "score": {
            "total": 1.4148638749999998,
            "gini_score": 0.788225,
            "sum_score": 1.795
        },
        "params": {
            "rise_time": 1295,
            "fall_time": 2056,
            "omega": 3.3544216221486134,
            "init_detuning": 2.083026524608227,
            "final_detuning": 3.580339870760559
        }
    }
}
