{
    "qubits": {
        "0": [
            0.0,
            -13.5
        ],
        "1": [
            0.0,
            -4.5
        ],
        "2": [
            0.0,
            4.5
        ],
        "3": [
            0.0,
            13.5
        ]
    },
    "metadata": {
        "score": {
            "total": 1.4238701333333335,
            "gini_score": 0.7726666666666667,
            "sum_score": 1.8428,
            "total_normalized": 0.7119350666666667,
            "sum_normalized": 0.9214
        },
        "params": {
            "rise_time": 926,
            "fall_time": 1886,
            "omega": 11.64513431317906,
            "init_detuning": 5.808878162300117,
            "final_detuning": 5.757929816069344
        },
        "mis": [
            [
                0,
                2
            ],
            [
                0,
                3
            ],
            [
                1,
                3
            ]
        ],
        "mis_size": 2
    },
    "edges": [
        [
            0,
            1
        ],
        [
            1,
            2
        ],
        [
            2,
            3
        ]
    ]
}
