{
    "qubits": {
        "0": [
            0.0,
            -10.5
        ],
        "1": [
            0.0,
            -3.5
        ],
        "2": [
            0.0,
            3.5
        ],
        "3": [
            0.0,
            10.5
        ]
    },
    "metadata": {
        "score": {
            "total": 1.127386,
            "gini_score": 0.6812,
            "sum_score": 1.655
        },
        "params": {
            "rise_time": 1542,
            "fall_time": 2034,
            "omega": 4.542992606047646,
            "init_detuning": 4.7687103935093,
            "final_detuning": 2.4608011989855285
        }
    }
}
