{
    "qubits": {
        "0": [
            -5.0,
            -5.0
        ],
        "1": [
            5.0,
            -5.0
        ],
        "2": [
            -5.0,
            5.0
        ],
        "3": [
            5.0,
            5.0
        ]
    },
    "metadata": {
        "score": {
            "total": 1.2657835054545454,
            "gini_score": 0.7477454545454545,
            "sum_score": 1.6928,
            "total_normalized": 0.6328917527272727,
            "sum_normalized": 0.8464
        },
        "params": {
            "rise_time": 999,
            "fall_time": 2970,
            "omega": 1.446896957595334,
            "init_detuning": 2.0997644576856245,
            "final_detuning": 0.8938117689587859
        },
        "mis": [
            [
                0,
                3
            ],
            [
                1,
                2
            ]
        ],
        "mis_size": 2
    },
    "edges": [
        [
            0,
            1
        ],
        [
            0,
            2
        ],
        [
            1,
            3
        ],
        [
            2,
            3
        ]
    ]
}
