{
    "qubits": {
        "0": [
            0.0,
            -10.5
        ],
        "1": [
            0.0,
            -3.5
        ],
        "2": [
            0.0,
            3.5
        ],
        "3": [
            0.0,
            10.5
        ]
    },
    "metadata": {
        "score": {
            "total": 1.127386,
            "gini_score": 0.6812,
            "sum_score": 1.655,
            "total_normalized": 0.563693,
            "sum_normalized": 0.8275
        },
        "params": {
            "rise_time": 1542,
            "fall_time": 2034,
            "omega": 4.542992606047646,
            "init_detuning": 4.7687103935093,
            "final_detuning": 2.4608011989855285
        },
        "mis": [
            [
                0,
                2
            ],
            [
                0,
                3
            ],
            [
                1,
                3
            ]
        ],
        "mis_size": 2
    },
    "edges": [
        [
            0,
            1
        ],
        [
            1,
            2
        ],
        [
            2,
            3
        ]
    ]
}
