{
    "qubits": {
        "0": [
            -4.0,
            -4.0
        ],
        "1": [
            4.0,
            -4.0
        ],
        "2": [
            -4.0,
            4.0
        ],
        "3": [
            4.0,
            4.0
        ]
    },
    "metadata": {
        "score": {
            "total": 0.4471454327272727,
            "gini_score": 0.5375636363636364,
            "sum_score": 0.8318
        },
        "params": {
            "rise_time": 828,
            "fall_time": 2443,
            "omega": 14.873417039492235,
            "init_detuning": 3.623414123354888,
            "final_detuning": 2.5681195407355375
        }
    }
}
