{
    "qubits": {
        "0": [
            0.0,
            -13.5
        ],
        "1": [
            0.0,
            -4.5
        ],
        "2": [
            0.0,
            4.5
        ],
        "3": [
            0.0,
            13.5
        ]
    },
    "metadata": {
        "score": {
            "total": 1.4238701333333335,
            "gini_score": 0.7726666666666667,
            "sum_score": 1.8428
        },
        "params": {
            "rise_time": 926,
            "fall_time": 1886,
            "omega": 11.64513431317906,
            "init_detuning": 5.808878162300117,
            "final_detuning": 5.757929816069344
        }
    }
}
