{
    "qubits": {
        "0": [
            -3.5,
            -3.5
        ],
        "1": [
            3.5,
            -3.5
        ],
        "2": [
            -3.5,
            3.5
        ],
        "3": [
            3.5,
            3.5
        ]
    },
    "metadata": {
        "score": {
            "total": 0.34100352,
            "gini_score": 0.5871272727272727,
            "sum_score": 0.5808
        },
        "params": {
            "rise_time": 1003,
            "fall_time": 103,
            "omega": 9.293359923863026,
            "init_detuning": 7.732213310996664,
            "final_detuning": 0.9671538025993384
        }
    }
}
