{
    "qubits": {
        "0": [
            -4.5,
            -4.5
        ],
        "1": [
            4.5,
            -4.5
        ],
        "2": [
            -4.5,
            4.5
        ],
        "3": [
            4.5,
            4.5
        ]
    },
    "metadata": {
        "score": {
            "total": 0.430339008,
            "gini_score": 0.5874133333333333,
            "sum_score": 0.7326
        },
        "params": {
            "rise_time": 38,
            "fall_time": 772,
            "omega": 8.514173614174368,
            "init_detuning": 7.9981291040262095,
            "final_detuning": 2.336619987837828
        }
    }
}
