{
    "qubits": {
        "0": [
            -5.0,
            -5.0
        ],
        "1": [
            5.0,
            -5.0
        ],
        "2": [
            -5.0,
            5.0
        ],
        "3": [
            5.0,
            5.0
        ]
    },
    "metadata": {
        "score": {
            "total": 1.2657835054545454,
            "gini_score": 0.7477454545454545,
            "sum_score": 1.6928
        },
        "params": {
            "rise_time": 999,
            "fall_time": 2970,
            "omega": 1.446896957595334,
            "init_detuning": 2.0997644576856245,
            "final_detuning": 0.8938117689587859
        }
    }
}
