{
    "qubits": {
        "0": [
            0.0,
            -12.0
        ],
        "1": [
            0.0,
            -4.0
        ],
        "2": [
            0.0,
            4.0
        ],
        "3": [
            0.0,
            12.0
        ]
    },
    "metadata": {
        "score": {
            "total": 1.6378072615384616,
            "gini_score": 0.8393846153846154,
            "sum_score": 1.9512
        },
        "params": {
            "rise_time": 358,
            "fall_time": 1221,
            "omega": 7.507349943025709,
            "init_detuning": 4.390071337934126,
            "final_detuning": 6.530035292200909
        }
    }
}
