{
    "qubits": {
        "0": [
            -5.5,
            -5.5
        ],
        "1": [
            5.5,
            -5.5
        ],
        "2": [
            -5.5,
            5.5
        ],
        "3": [
            5.5,
            5.5
        ]
    },
    "metadata": {
        "score": {
            "total": 0.809719584,
            "gini_score": 0.59216,
            "sum_score": 1.3674,
            "total_normalized": 0.404859792,
            "sum_normalized": 0.6837
        },
        "params": {
            "rise_time": 318,
            "fall_time": 3196,
            "omega": 12.389844651603843,
            "init_detuning": 7.72720177814897,
            "final_detuning": 1.606024021950371
        },
        "mis": [
            [
                0,
                3
            ],
            [
                1,
                2
            ]
        ],
        "mis_size": 2
    },
    "edges": [
        [
            0,
            1
        ],
        [
            0,
            2
        ],
        [
            1,
            3
        ],
        [
            2,
            3
        ]
    ]
}
