{
    "qubits": {
        "0": [
            -3.0,
            -3.0
        ],
        "1": [
            3.0,
            -3.0
        ],
        "2": [
            -3.0,
            3.0
        ],
        "3": [
            3.0,
            3.0
        ]
    },
    "metadata": {
        "score": {
            "total": 0.4135903771428572,
            "gini_score": 0.42091428571428574,
            "sum_score": 0.9826
        },
        "params": {
            "rise_time": 69,
            "fall_time": 1620,
            "omega": 5.330041796748407,
            "init_detuning": 3.077059695271376,
            "final_detuning": 0.34587787599483855
        }
    }
}
