{
    "qubits": {
        "q0": [
            -2.0,
            -2.0
        ],
        "q1": [
            2.0,
            -2.0
        ],
        "q2": [
            -2.0,
            2.0
        ],
        "q3": [
            2.0,
            2.0
        ]
    },
    "metadata": {
        "score": {
            "total": 0.16413321600000003,
            "gini_score": 0.38968,
            "sum_score": 0.4212,
            "total_normalized": 0.16413321600000003,
            "sum_normalized": 0.4212
        },
        "params": {
            "rise_time": 386,
            "fall_time": 2861,
            "omega": 11.57452424521107,
            "init_detuning": 2.043030733877534,
            "final_detuning": 5.840716121309381
        },
        "mis": [
            [
                0
            ],
            [
                1
            ],
            [
                2
            ],
            [
                3
            ]
        ],
        "mis_size": 1
    },
    "edges": [
        [
            0,
            1
        ],
        [
            0,
            3
        ],
        [
            0,
            2
        ],
        [
            1,
            2
        ],
        [
            1,
            3
        ],
        [
            2,
            3
        ]
    ]
}
