{
    "qubits": {
        "0": [
            0.0,
            -14.0
        ],
        "1": [
            0.0,
            -7.0
        ],
        "2": [
            0.0,
            0.0
        ],
        "3": [
            0.0,
            7.0
        ],
        "4": [
            0.0,
            14.0
        ]
    },
    "metadata": {
        "score": {
            "total": 2.2675951446153846,
            "gini_score": 0.8270461538461538,
            "sum_score": 2.7418,
            "total_normalized": 0.7558650482051282,
            "sum_normalized": 0.9139333333333334
        },
        "params": {
            "rise_time": 837,
            "fall_time": 1045,
            "omega": 10.601947658675003,
            "init_detuning": 5.773340353341465,
            "final_detuning": 5.684634035534259
        },
        "mis": [
            [
                0,
                2,
                4
            ]
        ],
        "mis_size": 3
    },
    "edges": [
        [
            0,
            1
        ],
        [
            1,
            2
        ],
        [
            2,
            3
        ],
        [
            3,
            4
        ]
    ]
}
