{
    "qubits": {
        "0": [
            0.0,
            -22.0
        ],
        "1": [
            0.0,
            -11.0
        ],
        "2": [
            0.0,
            0.0
        ],
        "3": [
            0.0,
            11.0
        ],
        "4": [
            0.0,
            22.0
        ]
    },
    "metadata": {
        "score": {
            "total": 1.2486219760000001,
            "gini_score": 0.8007066666666668,
            "sum_score": 1.5594,
            "total_normalized": 0.4162073253333334,
            "sum_normalized": 0.5197999999999999
        },
        "params": {
            "rise_time": 748,
            "fall_time": 3297,
            "omega": 6.19233730710158,
            "init_detuning": 3.218549139326314,
            "final_detuning": 4.785031614816317
        },
        "mis": [
            [
                0,
                2,
                4
            ]
        ],
        "mis_size": 3
    },
    "edges": [
        [
            0,
            1
        ],
        [
            1,
            2
        ],
        [
            2,
            3
        ],
        [
            3,
            4
        ]
    ]
}
