{
    "qubits": {
        "0": [
            0.0,
            -18.0
        ],
        "1": [
            0.0,
            -9.0
        ],
        "2": [
            0.0,
            0.0
        ],
        "3": [
            0.0,
            9.0
        ],
        "4": [
            0.0,
            18.0
        ]
    },
    "metadata": {
        "score": {
            "total": 2.666506372173913,
            "gini_score": 0.9272869565217391,
            "sum_score": 2.8756,
            "total_normalized": 0.8888354573913043,
            "sum_normalized": 0.9585333333333333
        },
        "params": {
            "rise_time": 1331,
            "fall_time": 2082,
            "omega": 13.728108475458754,
            "init_detuning": 5.829008765566078,
            "final_detuning": 6.3142308043195605
        },
        "mis": [
            [
                0,
                2,
                4
            ]
        ],
        "mis_size": 3
    },
    "edges": [
        [
            0,
            1
        ],
        [
            1,
            2
        ],
        [
            2,
            3
        ],
        [
            3,
            4
        ]
    ]
}
