{
    "qubits": {
        "0": [
            0.0,
            -16.0
        ],
        "1": [
            0.0,
            -8.0
        ],
        "2": [
            0.0,
            0.0
        ],
        "3": [
            0.0,
            8.0
        ],
        "4": [
            0.0,
            16.0
        ]
    },
    "metadata": {
        "score": {
            "total": 2.30027136,
            "gini_score": 0.86088,
            "sum_score": 2.672
        },
        "params": {
            "rise_time": 320,
            "fall_time": 2949,
            "omega": 10.07856323411402,
            "init_detuning": 4.2603495792045125,
            "final_detuning": 3.828708272313574
        }
    }
}
