{
    "qubits": {
        "0": [
            0.0,
            -22.0
        ],
        "1": [
            0.0,
            -11.0
        ],
        "2": [
            0.0,
            0.0
        ],
        "3": [
            0.0,
            11.0
        ],
        "4": [
            0.0,
            22.0
        ]
    },
    "metadata": {
        "score": {
            "total": 1.2486219760000001,
            "gini_score": 0.8007066666666668,
            "sum_score": 1.5594
        },
        "params": {
            "rise_time": 748,
            "fall_time": 3297,
            "omega": 6.19233730710158,
            "init_detuning": 3.218549139326314,
            "final_detuning": 4.785031614816317
        }
    }
}
