{
    "qubits": {
        "0": [
            -2.666666666666667,
            -6.928203230275509
        ],
        "1": [
            5.333333333333333,
            -6.928203230275509
        ],
        "2": [
            -6.666666666666667,
            0.0
        ],
        "3": [
            1.333333333333333,
            0.0
        ],
        "4": [
            -2.666666666666667,
            6.928203230275509
        ],
        "5": [
            5.333333333333333,
            6.928203230275509
        ]
    },
    "metadata": {
        "score": {
            "total": 2.2067459054545453,
            "gini_score": 0.8645090909090909,
            "sum_score": 2.5526,
            "total_normalized": 0.7355819684848485,
            "sum_normalized": 0.8508666666666667
        },
        "params": {
            "rise_time": 774,
            "fall_time": 1325,
            "omega": 9.187697875334479,
            "init_detuning": 6.351395933500635,
            "final_detuning": 7.170386590698522
        },
        "mis": [
            [
                1,
                2,
                5
            ]
        ],
        "mis_size": 3
    },
    "edges": [
        [
            0,
            1
        ],
        [
            0,
            3
        ],
        [
            0,
            2
        ],
        [
            1,
            3
        ],
        [
            2,
            4
        ],
        [
            2,
            3
        ],
        [
            4,
            3
        ],
        [
            4,
            5
        ],
        [
            3,
            5
        ]
    ]
}
