{
    "qubits": {
        "0": [
            -3.333333333333334,
            -8.660254037844386
        ],
        "1": [
            6.666666666666666,
            -8.660254037844386
        ],
        "2": [
            -8.333333333333334,
            0.0
        ],
        "3": [
            1.666666666666666,
            0.0
        ],
        "4": [
            -3.333333333333334,
            8.660254037844386
        ],
        "5": [
            6.666666666666666,
            8.660254037844386
        ]
    },
    "metadata": {
        "score": {
            "total": 2.00183296,
            "gini_score": 0.8557767441860467,
            "sum_score": 2.3392
        },
        "params": {
            "rise_time": 1177,
            "fall_time": 3117,
            "omega": 8.30464914235691,
            "init_detuning": 3.6857126121711072,
            "final_detuning": 2.3215581340105227
        }
    }
}
