{
    "qubits": {
        "0": [
            -12.5,
            -4.330127018922193
        ],
        "1": [
            -2.5,
            -4.330127018922193
        ],
        "2": [
            7.5,
            -4.330127018922193
        ],
        "3": [
            -7.5,
            4.330127018922193
        ],
        "4": [
            2.5,
            4.330127018922193
        ],
        "5": [
            12.5,
            4.330127018922193
        ]
    },
    "metadata": {
        "score": {
            "total": 1.116396505945946,
            "gini_score": 0.7445621621621622,
            "sum_score": 1.4994
        },
        "params": {
            "rise_time": 709,
            "fall_time": 2973,
            "omega": 12.158273730036948,
            "init_detuning": 6.197527503866951,
            "final_detuning": 1.595020438978189
        }
    }
}
