{
    "qubits": {
        "0": [
            -13.75,
            -4.763139720814412
        ],
        "1": [
            -2.75,
            -4.763139720814412
        ],
        "2": [
            8.25,
            -4.763139720814412
        ],
        "3": [
            -8.25,
            4.763139720814412
        ],
        "4": [
            2.75,
            4.763139720814412
        ],
        "5": [
            13.75,
            4.763139720814412
        ]
    },
    "metadata": {
        "score": {
            "total": 0.8584820612765959,
            "gini_score": 0.6760765957446809,
            "sum_score": 1.2698
        },
        "params": {
            "rise_time": 318,
            "fall_time": 3217,
            "omega": 8.787370982656496,
            "init_detuning": 7.482705040589753,
            "final_detuning": 1.539338845089616
        }
    }
}
