{
    "qubits": {
        "0": [
            -3.0,
            -7.794228634059947
        ],
        "1": [
            6.0,
            -7.794228634059947
        ],
        "2": [
            -7.5,
            0.0
        ],
        "3": [
            1.5,
            0.0
        ],
        "4": [
            -3.0,
            7.794228634059947
        ],
        "5": [
            6.0,
            7.794228634059947
        ]
    },
    "metadata": {
        "score": {
            "total": 2.3091462348387095,
            "gini_score": 0.8896387096774193,
            "sum_score": 2.5956
        },
        "params": {
            "rise_time": 1640,
            "fall_time": 2920,
            "omega": 8.361139479676035,
            "init_detuning": 5.56661505544567,
            "final_detuning": 3.387286539869121
        }
    }
}
