{
    "qubits": {
        "0": [
            -8.75,
            -3.031088913245535
        ],
        "1": [
            -1.75,
            -3.031088913245535
        ],
        "2": [
            5.25,
            -3.031088913245535
        ],
        "3": [
            -5.25,
            3.031088913245535
        ],
        "4": [
            1.75,
            3.031088913245535
        ],
        "5": [
            8.75,
            3.031088913245535
        ]
    },
    "metadata": {
        "score": {
            "total": 1.1022615999999998,
            "gini_score": 0.6532307692307692,
            "sum_score": 1.6874
        },
        "params": {
            "rise_time": 405,
            "fall_time": 1549,
            "omega": 6.106003718505896,
            "init_detuning": 5.421459730664749,
            "final_detuning": 7.141017155278387
        }
    }
}
