{
    "qubits": {
        "0": [
            -11.25,
            -3.8971143170299736
        ],
        "1": [
            -2.25,
            -3.8971143170299736
        ],
        "2": [
            6.75,
            -3.8971143170299736
        ],
        "3": [
            -6.75,
            3.8971143170299736
        ],
        "4": [
            2.25,
            3.8971143170299736
        ],
        "5": [
            11.25,
            3.8971143170299736
        ]
    },
    "metadata": {
        "score": {
            "total": 1.4125647264864865,
            "gini_score": 0.8221189189189189,
            "sum_score": 1.7182
        },
        "params": {
            "rise_time": 528,
            "fall_time": 1052,
            "omega": 4.658653550065786,
            "init_detuning": 2.775025920130762,
            "final_detuning": 6.67234133817166
        }
    }
}
