{
    "qubits": {
        "0": [
            -3.0,
            -7.794228634059947
        ],
        "1": [
            6.0,
            -7.794228634059947
        ],
        "2": [
            -7.5,
            0.0
        ],
        "3": [
            1.5,
            0.0
        ],
        "4": [
            -3.0,
            7.794228634059947
        ],
        "5": [
            6.0,
            7.794228634059947
        ]
    },
    "metadata": {
        "score": {
            "total": 2.3091462348387095,
            "gini_score": 0.8896387096774193,
            "sum_score": 2.5956,
            "total_normalized": 0.7697154116129031,
            "sum_normalized": 0.8652000000000001
        },
        "params": {
            "rise_time": 1640,
            "fall_time": 2920,
            "omega": 8.361139479676035,
            "init_detuning": 5.56661505544567,
            "final_detuning": 3.387286539869121
        },
        "mis": [
            [
                1,
                2,
                5
            ]
        ],
        "mis_size": 3
    },
    "edges": [
        [
            0,
            1
        ],
        [
            0,
            3
        ],
        [
            0,
            2
        ],
        [
            1,
            3
        ],
        [
            2,
            4
        ],
        [
            2,
            3
        ],
        [
            4,
            3
        ],
        [
            4,
            5
        ],
        [
            3,
            5
        ]
    ]
}
