{
    "qubits": {
        "0": [
            -2.0,
            -5.196152422706632
        ],
        "1": [
            4.0,
            -5.196152422706632
        ],
        "2": [
            -5.0,
            0.0
        ],
        "3": [
            1.0,
            0.0
        ],
        "4": [
            -2.0,
            5.196152422706632
        ],
        "5": [
            4.0,
            5.196152422706632
        ]
    },
    "metadata": {
        "score": {
            "total": 0.3742829169230769,
            "gini_score": 0.6038769230769231,
            "sum_score": 0.6198
        },
        "params": {
            "rise_time": 1146,
            "fall_time": 2232,
            "omega": 10.028842915026935,
            "init_detuning": 7.980879757552294,
            "final_detuning": 0.10333034884111414
        }
    }
}
