{
    "qubits": {
        "0": [
            -2.333333333333333,
            -6.06217782649107
        ],
        "1": [
            4.666666666666667,
            -6.06217782649107
        ],
        "2": [
            -5.833333333333333,
            0.0
        ],
        "3": [
            1.166666666666667,
            0.0
        ],
        "4": [
            -2.333333333333333,
            6.06217782649107
        ],
        "5": [
            4.666666666666667,
            6.06217782649107
        ]
    },
    "metadata": {
        "score": {
            "total": 0.5776653163636364,
            "gini_score": 0.7362545454545455,
            "sum_score": 0.7846
        },
        "params": {
            "rise_time": 745,
            "fall_time": 220,
            "omega": 7.540980941401468,
            "init_detuning": 3.8622598560327552,
            "final_detuning": 6.393835752278627
        }
    }
}
