{
    "qubits": {
        "0": [
            -10.0,
            -3.464101615137755
        ],
        "1": [
            -2.0,
            -3.464101615137755
        ],
        "2": [
            6.0,
            -3.464101615137755
        ],
        "3": [
            -6.0,
            3.464101615137754
        ],
        "4": [
            2.0,
            3.464101615137754
        ],
        "5": [
            10.0,
            3.464101615137754
        ]
    },
    "metadata": {
        "score": {
            "total": 1.51398208,
            "gini_score": 0.7867294117647058,
            "sum_score": 1.9244
        },
        "params": {
            "rise_time": 1649,
            "fall_time": 2502,
            "omega": 8.304383526162624,
            "init_detuning": 4.671889172275156,
            "final_detuning": 5.158082014439632
        }
    }
}
