{
    "qubits": {
        "0": [
            -3.666666666666666,
            -9.526279441628825
        ],
        "1": [
            7.333333333333334,
            -9.526279441628825
        ],
        "2": [
            -9.166666666666666,
            0.0
        ],
        "3": [
            1.833333333333334,
            0.0
        ],
        "4": [
            -3.666666666666666,
            9.526279441628825
        ],
        "5": [
            7.333333333333334,
            9.526279441628825
        ]
    },
    "metadata": {
        "score": {
            "total": 1.0502638907692308,
            "gini_score": 0.7126230769230769,
            "sum_score": 1.4738
        },
        "params": {
            "rise_time": 1004,
            "fall_time": 3066,
            "omega": 6.768753236933966,
            "init_detuning": 7.988790615776628,
            "final_detuning": 1.656739935099063
        }
    }
}
