{
    "qubits": {
        "0": [
            -5.0,
            -10.0
        ],
        "1": [
            5.0,
            -10.0
        ],
        "2": [
            -5.0,
            0.0
        ],
        "3": [
            5.0,
            0.0
        ],
        "4": [
            -5.0,
            10.0
        ],
        "5": [
            5.0,
            10.0
        ]
    },
    "metadata": {
        "score": {
            "total": 1.9305341352727272,
            "gini_score": 0.8379781818181818,
            "sum_score": 2.3038,
            "total_normalized": 0.6435113784242424,
            "sum_normalized": 0.7679333333333332
        },
        "params": {
            "rise_time": 1204,
            "fall_time": 2942,
            "omega": 8.278182145339633,
            "init_detuning": 6.781347239619263,
            "final_detuning": 3.7488355116897165
        },
        "mis": [
            [
                0,
                3,
                4
            ],
            [
                1,
                2,
                5
            ]
        ],
        "mis_size": 3
    },
    "edges": [
        [
            0,
            1
        ],
        [
            0,
            2
        ],
        [
            1,
            3
        ],
        [
            2,
            4
        ],
        [
            2,
            3
        ],
        [
            4,
            5
        ],
        [
            3,
            5
        ]
    ]
}
