{
    "qubits": {
        "0": [
            0.0,
            -27.5
        ],
        "1": [
            0.0,
            -16.5
        ],
        "2": [
            0.0,
            -5.5
        ],
        "3": [
            0.0,
            5.5
        ],
        "4": [
            0.0,
            16.5
        ],
        "5": [
            0.0,
            27.5
        ]
    },
    "metadata": {
        "score": {
            "total": 1.1213766666666665,
            "gini_score": 0.6596333333333333,
            "sum_score": 1.7,
            "total_normalized": 0.37379222222222214,
            "sum_normalized": 0.5666666666666667
        },
        "params": {
            "rise_time": 307,
            "fall_time": 2571,
            "omega": 12.861512054286473,
            "init_detuning": 7.658787307277455,
            "final_detuning": 1.9665926019087234
        },
        "mis": [
            [
                0,
                2,
                4
            ],
            [
                0,
                2,
                5
            ],
            [
                0,
                3,
                5
            ],
            [
                1,
                3,
                5
            ]
        ],
        "mis_size": 3
    },
    "edges": [
        [
            0,
            1
        ],
        [
            1,
            2
        ],
        [
            2,
            3
        ],
        [
            3,
            4
        ],
        [
            4,
            5
        ]
    ]
}
