{
    "qubits": {
        "0": [
            -7.0,
            -3.5
        ],
        "1": [
            0.0,
            -3.5
        ],
        "2": [
            7.0,
            -3.5
        ],
        "3": [
            -7.0,
            3.5
        ],
        "4": [
            0.0,
            3.5
        ],
        "5": [
            7.0,
            3.5
        ]
    },
    "metadata": {
        "score": {
            "total": 1.599995911111111,
            "gini_score": 0.8275555555555555,
            "sum_score": 1.9334
        },
        "params": {
            "rise_time": 739,
            "fall_time": 2618,
            "omega": 10.581703359494542,
            "init_detuning": 5.439172838068434,
            "final_detuning": 6.556270578383104
        }
    }
}
