{
    "qubits": {
        "0": [
            0.0,
            -22.5
        ],
        "1": [
            0.0,
            -13.5
        ],
        "2": [
            0.0,
            -4.5
        ],
        "3": [
            0.0,
            4.5
        ],
        "4": [
            0.0,
            13.5
        ],
        "5": [
            0.0,
            22.5
        ]
    },
    "metadata": {
        "score": {
            "total": 2.4645584432432432,
            "gini_score": 0.8807027027027027,
            "sum_score": 2.7984,
            "total_normalized": 0.8215194810810811,
            "sum_normalized": 0.9328
        },
        "params": {
            "rise_time": 899,
            "fall_time": 3216,
            "omega": 12.110623792059444,
            "init_detuning": 5.400203195536274,
            "final_detuning": 4.330691125406855
        },
        "mis": [
            [
                0,
                2,
                4
            ],
            [
                0,
                2,
                5
            ],
            [
                0,
                3,
                5
            ],
            [
                1,
                3,
                5
            ]
        ],
        "mis_size": 3
    },
    "edges": [
        [
            0,
            1
        ],
        [
            1,
            2
        ],
        [
            2,
            3
        ],
        [
            3,
            4
        ],
        [
            4,
            5
        ]
    ]
}
