{
    "qubits": {
        "0": [
            0.0,
            -15.0
        ],
        "1": [
            0.0,
            -9.0
        ],
        "2": [
            0.0,
            -3.0
        ],
        "3": [
            0.0,
            3.0
        ],
        "4": [
            0.0,
            9.0
        ],
        "5": [
            0.0,
            15.0
        ]
    },
    "metadata": {
        "score": {
            "total": 0.8397015619047619,
            "gini_score": 0.6499238095238095,
            "sum_score": 1.292
        },
        "params": {
            "rise_time": 1546,
            "fall_time": 1184,
            "omega": 7.333616662721959,
            "init_detuning": 5.899589536889679,
            "final_detuning": 2.549413741588931
        }
    }
}
