{
    "qubits": {
        "0": [
            -9.0,
            -4.5
        ],
        "1": [
            0.0,
            -4.5
        ],
        "2": [
            9.0,
            -4.5
        ],
        "3": [
            -9.0,
            4.5
        ],
        "4": [
            0.0,
            4.5
        ],
        "5": [
            9.0,
            4.5
        ]
    },
    "metadata": {
        "score": {
            "total": 0.9466798755555554,
            "gini_score": 0.7320444444444444,
            "sum_score": 1.2932
        },
        "params": {
            "rise_time": 1580,
            "fall_time": 2040,
            "omega": 9.61199744455332,
            "init_detuning": 3.3445278016231104,
            "final_detuning": 1.083138857875432
        }
    }
}
