{
    "qubits": {
        "0": [
            -7.0,
            -3.5
        ],
        "1": [
            0.0,
            -3.5
        ],
        "2": [
            7.0,
            -3.5
        ],
        "3": [
            -7.0,
            3.5
        ],
        "4": [
            0.0,
            3.5
        ],
        "5": [
            7.0,
            3.5
        ]
    },
    "metadata": {
        "score": {
            "total": 1.599995911111111,
            "gini_score": 0.8275555555555555,
            "sum_score": 1.9334,
            "total_normalized": 0.7999979555555555,
            "sum_normalized": 0.9667
        },
        "params": {
            "rise_time": 739,
            "fall_time": 2618,
            "omega": 10.581703359494542,
            "init_detuning": 5.439172838068434,
            "final_detuning": 6.556270578383104
        },
        "mis": [
            [
                0,
                2
            ],
            [
                0,
                5
            ],
            [
                2,
                3
            ],
            [
                3,
                5
            ]
        ],
        "mis_size": 2
    },
    "edges": [
        [
            0,
            1
        ],
        [
            0,
            4
        ],
        [
            0,
            3
        ],
        [
            1,
            2
        ],
        [
            1,
            5
        ],
        [
            1,
            4
        ],
        [
            1,
            3
        ],
        [
            2,
            4
        ],
        [
            2,
            5
        ],
        [
            4,
            3
        ],
        [
            4,
            5
        ]
    ]
}
