{
    "qubits": {
        "0": [
            -4.0,
            -8.0
        ],
        "1": [
            4.0,
            -8.0
        ],
        "2": [
            -4.0,
            0.0
        ],
        "3": [
            4.0,
            0.0
        ],
        "4": [
            -4.0,
            8.0
        ],
        "5": [
            4.0,
            8.0
        ]
    },
    "metadata": {
        "score": {
            "total": 1.203050652631579,
            "gini_score": 0.7597894736842106,
            "sum_score": 1.5834
        },
        "params": {
            "rise_time": 861,
            "fall_time": 1864,
            "omega": 8.10952263309126,
            "init_detuning": 6.98485068434478,
            "final_detuning": 4.434728227932313
        }
    }
}
