{
    "qubits": {
        "0": [
            -6.0,
            -3.0
        ],
        "1": [
            0.0,
            -3.0
        ],
        "2": [
            6.0,
            -3.0
        ],
        "3": [
            -6.0,
            3.0
        ],
        "4": [
            0.0,
            3.0
        ],
        "5": [
            6.0,
            3.0
        ]
    },
    "metadata": {
        "score": {
            "total": 0.9613808100000001,
            "gini_score": 0.69635,
            "sum_score": 1.3806,
            "total_normalized": 0.48069040500000004,
            "sum_normalized": 0.6903
        },
        "params": {
            "rise_time": 445,
            "fall_time": 3318,
            "omega": 5.829108929127304,
            "init_detuning": 4.912793326963339,
            "final_detuning": 4.942192312988835
        },
        "mis": [
            [
                0,
                5
            ],
            [
                2,
                3
            ]
        ],
        "mis_size": 2
    },
    "edges": [
        [
            0,
            1
        ],
        [
            0,
            4
        ],
        [
            0,
            3
        ],
        [
            0,
            2
        ],
        [
            1,
            2
        ],
        [
            1,
            5
        ],
        [
            1,
            4
        ],
        [
            1,
            3
        ],
        [
            2,
            4
        ],
        [
            2,
            5
        ],
        [
            4,
            3
        ],
        [
            4,
            5
        ],
        [
            3,
            5
        ]
    ]
}
