{
    "qubits": {
        "0": [
            -11.0,
            -5.5
        ],
        "1": [
            0.0,
            -5.5
        ],
        "2": [
            11.0,
            -5.5
        ],
        "3": [
            -11.0,
            5.5
        ],
        "4": [
            0.0,
            5.5
        ],
        "5": [
            11.0,
            5.5
        ]
    },
    "metadata": {
        "score": {
            "total": 1.1991868,
            "gini_score": 0.7021000000000001,
            "sum_score": 1.708,
            "total_normalized": 0.39972893333333337,
            "sum_normalized": 0.5693333333333334
        },
        "params": {
            "rise_time": 967,
            "fall_time": 2805,
            "omega": 8.910807647143072,
            "init_detuning": 4.929591876335142,
            "final_detuning": 2.464437398698205
        },
        "mis": [
            [
                0,
                2,
                4
            ],
            [
                1,
                3,
                5
            ]
        ],
        "mis_size": 3
    },
    "edges": [
        [
            0,
            1
        ],
        [
            0,
            3
        ],
        [
            1,
            2
        ],
        [
            1,
            4
        ],
        [
            2,
            5
        ],
        [
            3,
            4
        ],
        [
            4,
            5
        ]
    ]
}
