{
    "qubits": {
        "0": [
            -5.5,
            -11.0
        ],
        "1": [
            5.5,
            -11.0
        ],
        "2": [
            -5.5,
            0.0
        ],
        "3": [
            5.5,
            0.0
        ],
        "4": [
            -5.5,
            11.0
        ],
        "5": [
            5.5,
            11.0
        ]
    },
    "metadata": {
        "score": {
            "total": 1.5250548489795916,
            "gini_score": 0.7424081632653061,
            "sum_score": 2.0542
        },
        "params": {
            "rise_time": 383,
            "fall_time": 3158,
            "omega": 7.291040829175255,
            "init_detuning": 5.563473794426934,
            "final_detuning": 2.005472440110066
        }
    }
}
