{
    "qubits": {
        "0": [
            -11.0,
            -5.5
        ],
        "1": [
            0.0,
            -5.5
        ],
        "2": [
            11.0,
            -5.5
        ],
        "3": [
            -11.0,
            5.5
        ],
        "4": [
            0.0,
            5.5
        ],
        "5": [
            11.0,
            5.5
        ]
    },
    "metadata": {
        "score": {
            "total": 1.1991868,
            "gini_score": 0.7021000000000001,
            "sum_score": 1.708
        },
        "params": {
            "rise_time": 967,
            "fall_time": 2805,
            "omega": 8.910807647143072,
            "init_detuning": 4.929591876335142,
            "final_detuning": 2.464437398698205
        }
    }
}
