{
    "qubits": {
        "0": [
            0.0,
            -17.5
        ],
        "1": [
            0.0,
            -10.5
        ],
        "2": [
            0.0,
            -3.5
        ],
        "3": [
            0.0,
            3.5
        ],
        "4": [
            0.0,
            10.5
        ],
        "5": [
            0.0,
            17.5
        ]
    },
    "metadata": {
        "score": {
            "total": 2.4419500363636364,
            "gini_score": 0.851090909090909,
            "sum_score": 2.8692,
            "total_normalized": 0.8139833454545454,
            "sum_normalized": 0.9564
        },
        "params": {
            "rise_time": 1469,
            "fall_time": 3293,
            "omega": 14.974817907259425,
            "init_detuning": 5.6692446193742585,
            "final_detuning": 7.950758959906933
        },
        "mis": [
            [
                0,
                2,
                4
            ],
            [
                0,
                2,
                5
            ],
            [
                0,
                3,
                5
            ],
            [
                1,
                3,
                5
            ]
        ],
        "mis_size": 3
    },
    "edges": [
        [
            0,
            1
        ],
        [
            1,
            2
        ],
        [
            2,
            3
        ],
        [
            3,
            4
        ],
        [
            4,
            5
        ]
    ]
}
