{
    "qubits": {
        "0": [
            -10.0,
            -5.0
        ],
        "1": [
            0.0,
            -5.0
        ],
        "2": [
            10.0,
            -5.0
        ],
        "3": [
            -10.0,
            5.0
        ],
        "4": [
            0.0,
            5.0
        ],
        "5": [
            10.0,
            5.0
        ]
    },
    "metadata": {
        "score": {
            "total": 1.5692150356363634,
            "gini_score": 0.7594690909090909,
            "sum_score": 2.0662,
            "total_normalized": 0.5230716785454544,
            "sum_normalized": 0.6887333333333333
        },
        "params": {
            "rise_time": 760,
            "fall_time": 3297,
            "omega": 7.886864223236856,
            "init_detuning": 5.590361290942619,
            "final_detuning": 2.7636163850477002
        },
        "mis": [
            [
                0,
                2,
                4
            ],
            [
                1,
                3,
                5
            ]
        ],
        "mis_size": 3
    },
    "edges": [
        [
            0,
            1
        ],
        [
            0,
            3
        ],
        [
            1,
            2
        ],
        [
            1,
            4
        ],
        [
            2,
            5
        ],
        [
            3,
            4
        ],
        [
            4,
            5
        ]
    ]
}
