{
    "qubits": {
        "0": [
            -4.5,
            -9.0
        ],
        "1": [
            4.5,
            -9.0
        ],
        "2": [
            -4.5,
            0.0
        ],
        "3": [
            4.5,
            0.0
        ],
        "4": [
            -4.5,
            9.0
        ],
        "5": [
            4.5,
            9.0
        ]
    },
    "metadata": {
        "score": {
            "total": 0.9624431253333333,
            "gini_score": 0.6996533333333333,
            "sum_score": 1.3756,
            "total_normalized": 0.48122156266666666,
            "sum_normalized": 0.6878
        },
        "params": {
            "rise_time": 1152,
            "fall_time": 1724,
            "omega": 8.813112477631526,
            "init_detuning": 4.773091525217037,
            "final_detuning": 2.1900849958816884
        },
        "mis": [
            [
                0,
                4
            ],
            [
                0,
                5
            ],
            [
                1,
                4
            ],
            [
                1,
                5
            ]
        ],
        "mis_size": 2
    },
    "edges": [
        [
            0,
            1
        ],
        [
            0,
            3
        ],
        [
            0,
            2
        ],
        [
            1,
            2
        ],
        [
            1,
            3
        ],
        [
            2,
            4
        ],
        [
            2,
            3
        ],
        [
            2,
            5
        ],
        [
            4,
            3
        ],
        [
            4,
            5
        ],
        [
            3,
            5
        ]
    ]
}
