{
    "qubits": {
        "0": [
            -4.0,
            -8.0
        ],
        "1": [
            4.0,
            -8.0
        ],
        "2": [
            -4.0,
            0.0
        ],
        "3": [
            4.0,
            0.0
        ],
        "4": [
            -4.0,
            8.0
        ],
        "5": [
            4.0,
            8.0
        ]
    },
    "metadata": {
        "score": {
            "total": 1.203050652631579,
            "gini_score": 0.7597894736842106,
            "sum_score": 1.5834,
            "total_normalized": 0.6015253263157895,
            "sum_normalized": 0.7917
        },
        "params": {
            "rise_time": 861,
            "fall_time": 1864,
            "omega": 8.10952263309126,
            "init_detuning": 6.98485068434478,
            "final_detuning": 4.434728227932313
        },
        "mis": [
            [
                0,
                4
            ],
            [
                0,
                5
            ],
            [
                1,
                4
            ],
            [
                1,
                5
            ]
        ],
        "mis_size": 2
    },
    "edges": [
        [
            0,
            1
        ],
        [
            0,
            3
        ],
        [
            0,
            2
        ],
        [
            1,
            2
        ],
        [
            1,
            3
        ],
        [
            2,
            4
        ],
        [
            2,
            3
        ],
        [
            2,
            5
        ],
        [
            4,
            3
        ],
        [
            4,
            5
        ],
        [
            3,
            5
        ]
    ]
}
