{
    "qubits": {
        "0": [
            -8.0,
            -4.0
        ],
        "1": [
            0.0,
            -4.0
        ],
        "2": [
            8.0,
            -4.0
        ],
        "3": [
            -8.0,
            4.0
        ],
        "4": [
            0.0,
            4.0
        ],
        "5": [
            8.0,
            4.0
        ]
    },
    "metadata": {
        "score": {
            "total": 1.2131421548387098,
            "gini_score": 0.7710322580645163,
            "sum_score": 1.5734
        },
        "params": {
            "rise_time": 978,
            "fall_time": 1739,
            "omega": 10.61069397640989,
            "init_detuning": 1.8432247973396327,
            "final_detuning": 6.040307286830107
        }
    }
}
