{
    "qubits": {
        "0": [
            -3.5,
            -7.0
        ],
        "1": [
            3.5,
            -7.0
        ],
        "2": [
            -3.5,
            0.0
        ],
        "3": [
            3.5,
            0.0
        ],
        "4": [
            -3.5,
            7.0
        ],
        "5": [
            3.5,
            7.0
        ]
    },
    "metadata": {
        "score": {
            "total": 1.4858546494117646,
            "gini_score": 0.7757411764705882,
            "sum_score": 1.9154
        },
        "params": {
            "rise_time": 1229,
            "fall_time": 1519,
            "omega": 10.070613072745402,
            "init_detuning": 6.850250163449412,
            "final_detuning": 7.624914414337187
        }
    }
}
