{
    "qubits": {
        "0": [
            0.0,
            -20.0
        ],
        "1": [
            0.0,
            -12.0
        ],
        "2": [
            0.0,
            -4.0
        ],
        "3": [
            0.0,
            4.0
        ],
        "4": [
            0.0,
            12.0
        ],
        "5": [
            0.0,
            20.0
        ]
    },
    "metadata": {
        "score": {
            "total": 2.2808137672727278,
            "gini_score": 0.843309090909091,
            "sum_score": 2.7046,
            "total_normalized": 0.7602712557575759,
            "sum_normalized": 0.9015333333333334
        },
        "params": {
            "rise_time": 190,
            "fall_time": 3073,
            "omega": 8.63448031932994,
            "init_detuning": 6.719547041855914,
            "final_detuning": 4.8203278744540965
        },
        "mis": [
            [
                0,
                2,
                4
            ],
            [
                0,
                2,
                5
            ],
            [
                0,
                3,
                5
            ],
            [
                1,
                3,
                5
            ]
        ],
        "mis_size": 3
    },
    "edges": [
        [
            0,
            1
        ],
        [
            1,
            2
        ],
        [
            2,
            3
        ],
        [
            3,
            4
        ],
        [
            4,
            5
        ]
    ]
}
