{
    "qubits": {
        "0": [
            0.0,
            0
        ],
        "1": [
            0.0,
            8
        ],
        "2": [
            6.928203230275509,
            8
        ],
        "3": [
            0.0,
            16
        ],
        "4": [
            6.928203230275509,
            16
        ],
        "5": [
            13.856406460551018,
            16
        ]
    },
    "metadata": {
        "score": {
            "total": 2.29419528,
            "gini_score": 0.8788,
            "sum_score": 2.6106,
            "total_normalized": 0.76473176,
            "sum_normalized": 0.8702
        },
        "params": {
            "rise_time": 1505,
            "fall_time": 2823,
            "omega": 13.81882761149086,
            "init_detuning": 7.76941519348919,
            "final_detuning": 6.549976811308254
        },
        "mis": [
            [
                0,
                3,
                5
            ]
        ],
        "mis_size": 3
    },
    "edges": [
        [
            0,
            1
        ],
        [
            0,
            2
        ],
        [
            1,
            2
        ],
        [
            1,
            4
        ],
        [
            1,
            3
        ],
        [
            2,
            4
        ],
        [
            2,
            3
        ],
        [
            2,
            5
        ],
        [
            4,
            3
        ],
        [
            4,
            5
        ]
    ]
}
