{
    "qubits": {
        "0": [
            0.0,
            0
        ],
        "1": [
            0.0,
            9
        ],
        "2": [
            7.794228634059947,
            9
        ],
        "3": [
            0.0,
            18
        ],
        "4": [
            7.794228634059947,
            18
        ],
        "5": [
            15.588457268119894,
            18
        ]
    },
    "metadata": {
        "score": {
            "total": 1.9247349169230767,
            "gini_score": 0.8696615384615384,
            "sum_score": 2.2132
        },
        "params": {
            "rise_time": 430,
            "fall_time": 2923,
            "omega": 6.649421809665901,
            "init_detuning": 6.119089423498486,
            "final_detuning": 3.4201554975488127
        }
    }
}
