{
    "qubits": {
        "0": [
            0.0,
            0
        ],
        "1": [
            0.0,
            10
        ],
        "2": [
            8.660254037844386,
            10
        ],
        "3": [
            0.0,
            20
        ],
        "4": [
            8.660254037844386,
            20
        ],
        "5": [
            17.32050807568877,
            20
        ]
    },
    "metadata": {
        "score": {
            "total": 0.9463535733333334,
            "gini_score": 0.8060933333333334,
            "sum_score": 1.174
        },
        "params": {
            "rise_time": 1277,
            "fall_time": 2129,
            "omega": 2.3555122289280863,
            "init_detuning": 2.7612856649474082,
            "final_detuning": 2.1478508042059516
        }
    }
}
