{
    "qubits": {
        "q0": [
            -4.0,
            -2.67
        ],
        "q1": [
            0.0,
            -2.67
        ],
        "q2": [
            4.0,
            -2.67
        ],
        "q3": [
            -2.0,
            1.33
        ],
        "q4": [
            2.0,
            1.33
        ],
        "q5": [
            0.0,
            5.33
        ]
    },
    "metadata": {
        "score": {
            "total": 0.48122154399999995,
            "gini_score": 0.5129199999999999,
            "sum_score": 0.9382,
            "total_normalized": 0.48122154399999995,
            "sum_normalized": 0.9382
        },
        "params": {
            "rise_time": 423,
            "fall_time": 1394,
            "omega": 3.3461568948513434,
            "init_detuning": 4.619525630042514,
            "final_detuning": 7.883405038722302
        },
        "mis": [
            [
                0
            ],
            [
                1
            ],
            [
                2
            ],
            [
                3
            ],
            [
                4
            ],
            [
                5
            ]
        ],
        "mis_size": 1
    },
    "edges": [
        [
            0,
            1
        ],
        [
            0,
            4
        ],
        [
            0,
            3
        ],
        [
            0,
            2
        ],
        [
            0,
            5
        ],
        [
            1,
            2
        ],
        [
            1,
            5
        ],
        [
            1,
            4
        ],
        [
            1,
            3
        ],
        [
            2,
            4
        ],
        [
            2,
            3
        ],
        [
            2,
            5
        ],
        [
            4,
            3
        ],
        [
            4,
            5
        ],
        [
            3,
            5
        ]
    ]
}
