{
    "qubits": {
        "0": [
            0.0,
            0
        ],
        "1": [
            0.0,
            9
        ],
        "2": [
            7.794228634059947,
            9
        ],
        "3": [
            0.0,
            18
        ],
        "4": [
            7.794228634059947,
            18
        ],
        "5": [
            15.588457268119894,
            18
        ]
    },
    "metadata": {
        "score": {
            "total": 1.9247349169230767,
            "gini_score": 0.8696615384615384,
            "sum_score": 2.2132,
            "total_normalized": 0.6415783056410256,
            "sum_normalized": 0.7377333333333334
        },
        "params": {
            "rise_time": 430,
            "fall_time": 2923,
            "omega": 6.649421809665901,
            "init_detuning": 6.119089423498486,
            "final_detuning": 3.4201554975488127
        },
        "mis": [
            [
                0,
                3,
                5
            ]
        ],
        "mis_size": 3
    },
    "edges": [
        [
            0,
            1
        ],
        [
            0,
            2
        ],
        [
            1,
            2
        ],
        [
            1,
            4
        ],
        [
            1,
            3
        ],
        [
            2,
            4
        ],
        [
            2,
            3
        ],
        [
            2,
            5
        ],
        [
            4,
            3
        ],
        [
            4,
            5
        ]
    ]
}
