{
    "qubits": {
        "0": [
            0.0,
            0
        ],
        "1": [
            0.0,
            6
        ],
        "2": [
            5.196152422706632,
            6
        ],
        "3": [
            0.0,
            12
        ],
        "4": [
            5.196152422706632,
            12
        ],
        "5": [
            10.392304845413264,
            12
        ]
    },
    "metadata": {
        "score": {
            "total": 0.8578518215384615,
            "gini_score": 0.6826769230769231,
            "sum_score": 1.2566
        },
        "params": {
            "rise_time": 1118,
            "fall_time": 2191,
            "omega": 3.6740577068289353,
            "init_detuning": 1.0480521065582433,
            "final_detuning": 3.7174107332693893
        }
    }
}
