{
    "qubits": {
        "0": [
            0.0,
            0
        ],
        "1": [
            0.0,
            10
        ],
        "2": [
            8.660254037844386,
            10
        ],
        "3": [
            0.0,
            20
        ],
        "4": [
            8.660254037844386,
            20
        ],
        "5": [
            17.32050807568877,
            20
        ]
    },
    "metadata": {
        "score": {
            "total": 0.9463535733333334,
            "gini_score": 0.8060933333333334,
            "sum_score": 1.174,
            "total_normalized": 0.31545119111111114,
            "sum_normalized": 0.3913333333333333
        },
        "params": {
            "rise_time": 1277,
            "fall_time": 2129,
            "omega": 2.3555122289280863,
            "init_detuning": 2.7612856649474082,
            "final_detuning": 2.1478508042059516
        },
        "mis": [
            [
                0,
                3,
                5
            ]
        ],
        "mis_size": 3
    },
    "edges": [
        [
            0,
            1
        ],
        [
            0,
            2
        ],
        [
            1,
            2
        ],
        [
            1,
            4
        ],
        [
            1,
            3
        ],
        [
            2,
            4
        ],
        [
            2,
            3
        ],
        [
            2,
            5
        ],
        [
            4,
            3
        ],
        [
            4,
            5
        ]
    ]
}
