{
    "qubits": {
        "0": [
            0.0,
            0
        ],
        "1": [
            0.0,
            11
        ],
        "2": [
            9.526279441628825,
            11
        ],
        "3": [
            0.0,
            22
        ],
        "4": [
            9.526279441628825,
            22
        ],
        "5": [
            19.05255888325765,
            22
        ]
    },
    "metadata": {
        "score": {
            "total": 2.84565989877551,
            "gini_score": 0.8899918367346938,
            "sum_score": 3.1974
        },
        "params": {
            "rise_time": 564,
            "fall_time": 1997,
            "omega": 5.215192826511594,
            "init_detuning": 3.0980374310401864,
            "final_detuning": 4.160335426536844
        }
    }
}
