{
    "qubits": {
        "q0": [
            -4.0,
            -2.67
        ],
        "q1": [
            0.0,
            -2.67
        ],
        "q2": [
            4.0,
            -2.67
        ],
        "q3": [
            -2.0,
            1.33
        ],
        "q4": [
            2.0,
            1.33
        ],
        "q5": [
            0.0,
            5.33
        ]
    },
    "metadata": {
        "score": {
            "total": 0.48122154399999995,
            "gini_score": 0.5129199999999999,
            "sum_score": 0.9382
        },
        "params": {
            "rise_time": 423,
            "fall_time": 1394,
            "omega": 3.3461568948513434,
            "init_detuning": 4.619525630042514,
            "final_detuning": 7.883405038722302
        }
    }
}
