{
    "qubits": {
        "0": [
            0.0,
            0
        ],
        "1": [
            0.0,
            7
        ],
        "2": [
            6.06217782649107,
            7
        ],
        "3": [
            0.0,
            14
        ],
        "4": [
            6.06217782649107,
            14
        ],
        "5": [
            12.12435565298214,
            14
        ]
    },
    "metadata": {
        "score": {
            "total": 0.9399233333333331,
            "gini_score": 0.7258095238095237,
            "sum_score": 1.295
        },
        "params": {
            "rise_time": 909,
            "fall_time": 2556,
            "omega": 6.485109780797471,
            "init_detuning": 5.560454490328104,
            "final_detuning": 3.784238143359264
        }
    }
}
