{
    "qubits": {
        "q0": [
            10.23,
            0.0
        ],
        "q1": [
            6.38,
            8.0
        ],
        "q2": [
            -2.28,
            9.98
        ],
        "q3": [
            -9.22,
            4.44
        ],
        "q4": [
            -9.22,
            -4.44
        ],
        "q5": [
            -2.28,
            -9.98
        ],
        "q6": [
            6.38,
            -8.0
        ]
    },
    "metadata": {
        "score": {
            "total": 2.2374980096000003,
            "gini_score": 0.7963760000000001,
            "sum_score": 2.8096
        },
        "params": {
            "rise_time": 1577,
            "fall_time": 2666,
            "omega": 13.956066452648617,
            "init_detuning": 7.077149885986502,
            "final_detuning": 3.0711506738694205
        }
    }
}
