{
    "qubits": {
        "0": [
            0.0,
            0.0
        ],
        "1": [
            -4.0,
            6.928203230275509
        ],
        "2": [
            4.0,
            6.928203230275509
        ],
        "3": [
            8.0,
            0.0
        ],
        "4": [
            4.0,
            -6.928203230275509
        ],
        "5": [
            -4.0,
            -6.928203230275509
        ],
        "6": [
            -8.0,
            0.0
        ]
    },
    "metadata": {
        "score": {
            "total": 2.1925460699999997,
            "gini_score": 0.88803,
            "sum_score": 2.469
        },
        "params": {
            "rise_time": 1344,
            "fall_time": 2034,
            "omega": 13.623078716126223,
            "init_detuning": 1.1242660552943333,
            "final_detuning": 3.3051860878549517
        }
    }
}
