{
    "qubits": {
        "0": [
            0.0,
            0.0
        ],
        "1": [
            -3.5,
            6.06217782649107
        ],
        "2": [
            3.5,
            6.06217782649107
        ],
        "3": [
            7.0,
            0.0
        ],
        "4": [
            3.5,
            -6.06217782649107
        ],
        "5": [
            -3.5,
            -6.06217782649107
        ],
        "6": [
            -7.0,
            0.0
        ]
    },
    "metadata": {
        "score": {
            "total": 0.5930773333333333,
            "gini_score": 0.5633333333333334,
            "sum_score": 1.0528,
            "total_normalized": 0.2965386666666667,
            "sum_normalized": 0.5264
        },
        "params": {
            "rise_time": 238,
            "fall_time": 1196,
            "omega": 12.53374931600663,
            "init_detuning": 6.9470464528804925,
            "final_detuning": 6.883411493115825
        },
        "mis": [
            [
                1,
                4
            ],
            [
                2,
                5
            ],
            [
                3,
                6
            ]
        ],
        "mis_size": 2
    },
    "edges": [
        [
            0,
            1
        ],
        [
            0,
            4
        ],
        [
            0,
            3
        ],
        [
            0,
            6
        ],
        [
            0,
            2
        ],
        [
            0,
            5
        ],
        [
            1,
            2
        ],
        [
            1,
            5
        ],
        [
            1,
            6
        ],
        [
            1,
            3
        ],
        [
            2,
            4
        ],
        [
            2,
            3
        ],
        [
            2,
            6
        ],
        [
            4,
            3
        ],
        [
            4,
            6
        ],
        [
            4,
            5
        ],
        [
            3,
            5
        ],
        [
            5,
            6
        ]
    ]
}
