{
    "qubits": {
        "0": [
            0.0,
            0.0
        ],
        "1": [
            -5.0,
            8.660254037844386
        ],
        "2": [
            5.0,
            8.660254037844386
        ],
        "3": [
            10.0,
            0.0
        ],
        "4": [
            5.0,
            -8.660254037844386
        ],
        "5": [
            -5.0,
            -8.660254037844386
        ],
        "6": [
            -10.0,
            0.0
        ]
    },
    "metadata": {
        "score": {
            "total": 2.0694264615384617,
            "gini_score": 0.8703846153846154,
            "sum_score": 2.3776
        },
        "params": {
            "rise_time": 1439,
            "fall_time": 2387,
            "omega": 2.7985104423850107,
            "init_detuning": 1.2503459904488485,
            "final_detuning": 3.9620103776694404
        }
    }
}
