{
    "qubits": {
        "0": [
            0.0,
            0.0
        ],
        "1": [
            -4.5,
            7.794228634059947
        ],
        "2": [
            4.5,
            7.794228634059947
        ],
        "3": [
            9.0,
            0.0
        ],
        "4": [
            4.5,
            -7.794228634059947
        ],
        "5": [
            -4.5,
            -7.794228634059947
        ],
        "6": [
            -9.0,
            0.0
        ]
    },
    "metadata": {
        "score": {
            "total": 2.40576264,
            "gini_score": 0.8802,
            "sum_score": 2.7332
        },
        "params": {
            "rise_time": 1510,
            "fall_time": 2835,
            "omega": 12.73212021526696,
            "init_detuning": 7.788507791250263,
            "final_detuning": 6.397787302296798
        }
    }
}
