{
    "qubits": {
        "0": [
            0.0,
            0.0
        ],
        "1": [
            -5.5,
            9.526279441628825
        ],
        "2": [
            5.5,
            9.526279441628825
        ],
        "3": [
            11.0,
            0.0
        ],
        "4": [
            5.5,
            -9.526279441628825
        ],
        "5": [
            -5.5,
            -9.526279441628825
        ],
        "6": [
            -11.0,
            0.0
        ]
    },
    "metadata": {
        "score": {
            "total": 1.0223715524050632,
            "gini_score": 0.6756354430379746,
            "sum_score": 1.5132
        },
        "params": {
            "rise_time": 964,
            "fall_time": 2779,
            "omega": 10.695569112740097,
            "init_detuning": 5.1018470250893655,
            "final_detuning": 1.7491396694724248
        }
    }
}
