{
    "qubits": {
        "0": [
            0.0,
            0.0
        ],
        "1": [
            -5.0,
            8.660254037844386
        ],
        "2": [
            5.0,
            8.660254037844386
        ],
        "3": [
            10.0,
            0.0
        ],
        "4": [
            5.0,
            -8.660254037844386
        ],
        "5": [
            -5.0,
            -8.660254037844386
        ],
        "6": [
            -10.0,
            0.0
        ]
    },
    "metadata": {
        "score": {
            "total": 2.0694264615384617,
            "gini_score": 0.8703846153846154,
            "sum_score": 2.3776,
            "total_normalized": 0.6898088205128206,
            "sum_normalized": 0.7925333333333334
        },
        "params": {
            "rise_time": 1439,
            "fall_time": 2387,
            "omega": 2.7985104423850107,
            "init_detuning": 1.2503459904488485,
            "final_detuning": 3.9620103776694404
        },
        "mis": [
            [
                1,
                3,
                5
            ],
            [
                2,
                4,
                6
            ]
        ],
        "mis_size": 3
    },
    "edges": [
        [
            0,
            1
        ],
        [
            0,
            4
        ],
        [
            0,
            3
        ],
        [
            0,
            6
        ],
        [
            0,
            2
        ],
        [
            0,
            5
        ],
        [
            1,
            2
        ],
        [
            1,
            6
        ],
        [
            2,
            3
        ],
        [
            4,
            3
        ],
        [
            4,
            5
        ],
        [
            6,
            5
        ]
    ]
}
