{
    "qubits": {
        "0": [
            0.0,
            -24.0
        ],
        "1": [
            0.0,
            -16.0
        ],
        "2": [
            0.0,
            -8.0
        ],
        "3": [
            0.0,
            0.0
        ],
        "4": [
            0.0,
            8.0
        ],
        "5": [
            0.0,
            16.0
        ],
        "6": [
            0.0,
            24.0
        ]
    },
    "metadata": {
        "score": {
            "total": 3.07994756,
            "gini_score": 0.8819,
            "sum_score": 3.4924,
            "total_normalized": 0.76998689,
            "sum_normalized": 0.8731
        },
        "params": {
            "rise_time": 1111,
            "fall_time": 1348,
            "omega": 9.829360382412233,
            "init_detuning": 2.806558562450104,
            "final_detuning": 5.756685379970276
        },
        "mis": [
            [
                0,
                2,
                4,
                6
            ]
        ],
        "mis_size": 4
    },
    "edges": [
        [
            0,
            1
        ],
        [
            1,
            2
        ],
        [
            2,
            3
        ],
        [
            3,
            4
        ],
        [
            4,
            5
        ],
        [
            5,
            6
        ]
    ]
}
