{
    "qubits": {
        "0": [
            0.0,
            -30.0
        ],
        "1": [
            0.0,
            -20.0
        ],
        "2": [
            0.0,
            -10.0
        ],
        "3": [
            0.0,
            0.0
        ],
        "4": [
            0.0,
            10.0
        ],
        "5": [
            0.0,
            20.0
        ],
        "6": [
            0.0,
            30.0
        ]
    },
    "metadata": {
        "score": {
            "total": 2.466906211235955,
            "gini_score": 0.8412584269662922,
            "sum_score": 2.9324,
            "total_normalized": 0.6167265528089888,
            "sum_normalized": 0.7331
        },
        "params": {
            "rise_time": 620,
            "fall_time": 2270,
            "omega": 4.912459911364687,
            "init_detuning": 1.8177263569782438,
            "final_detuning": 2.1740121005882016
        },
        "mis": [
            [
                0,
                2,
                4,
                6
            ]
        ],
        "mis_size": 4
    },
    "edges": [
        [
            0,
            1
        ],
        [
            1,
            2
        ],
        [
            2,
            3
        ],
        [
            3,
            4
        ],
        [
            4,
            5
        ],
        [
            5,
            6
        ]
    ]
}
