{
    "qubits": {
        "0": [
            0.0,
            -33.0
        ],
        "1": [
            0.0,
            -22.0
        ],
        "2": [
            0.0,
            -11.0
        ],
        "3": [
            0.0,
            0.0
        ],
        "4": [
            0.0,
            11.0
        ],
        "5": [
            0.0,
            22.0
        ],
        "6": [
            0.0,
            33.0
        ]
    },
    "metadata": {
        "score": {
            "total": 1.4717654458333331,
            "gini_score": 0.6937708333333332,
            "sum_score": 2.1214,
            "total_normalized": 0.3679413614583333,
            "sum_normalized": 0.53035
        },
        "params": {
            "rise_time": 663,
            "fall_time": 1233,
            "omega": 3.0060278860617835,
            "init_detuning": 5.094312819128425,
            "final_detuning": 0.38428900932520627
        },
        "mis": [
            [
                0,
                2,
                4,
                6
            ]
        ],
        "mis_size": 4
    },
    "edges": [
        [
            0,
            1
        ],
        [
            1,
            2
        ],
        [
            2,
            3
        ],
        [
            3,
            4
        ],
        [
            4,
            5
        ],
        [
            5,
            6
        ]
    ]
}
