{
    "qubits": {
        "0": [
            0.0,
            -27.0
        ],
        "1": [
            0.0,
            -18.0
        ],
        "2": [
            0.0,
            -9.0
        ],
        "3": [
            0.0,
            0.0
        ],
        "4": [
            0.0,
            9.0
        ],
        "5": [
            0.0,
            18.0
        ],
        "6": [
            0.0,
            27.0
        ]
    },
    "metadata": {
        "score": {
            "total": 3.325833671111111,
            "gini_score": 0.9230222222222222,
            "sum_score": 3.6032
        },
        "params": {
            "rise_time": 696,
            "fall_time": 2047,
            "omega": 4.402269164079673,
            "init_detuning": 3.331548734088304,
            "final_detuning": 3.256882698294959
        }
    }
}
