{
    "qubits": {
        "0": [
            0.0,
            -18.0
        ],
        "1": [
            0.0,
            -12.0
        ],
        "2": [
            0.0,
            -6.0
        ],
        "3": [
            0.0,
            0.0
        ],
        "4": [
            0.0,
            6.0
        ],
        "5": [
            0.0,
            12.0
        ],
        "6": [
            0.0,
            18.0
        ]
    },
    "metadata": {
        "score": {
            "total": 0.9871366206060607,
            "gini_score": 0.634569696969697,
            "sum_score": 1.5556,
            "total_normalized": 0.3290455402020202,
            "sum_normalized": 0.5185333333333334
        },
        "params": {
            "rise_time": 524,
            "fall_time": 3100,
            "omega": 6.816607573262219,
            "init_detuning": 2.1854058452467453,
            "final_detuning": 1.1198504762952466
        },
        "mis": [
            [
                0,
                3,
                6
            ]
        ],
        "mis_size": 3
    },
    "edges": [
        [
            0,
            1
        ],
        [
            0,
            2
        ],
        [
            1,
            2
        ],
        [
            1,
            3
        ],
        [
            2,
            4
        ],
        [
            2,
            3
        ],
        [
            4,
            3
        ],
        [
            4,
            6
        ],
        [
            4,
            5
        ],
        [
            3,
            5
        ],
        [
            6,
            5
        ]
    ]
}
