{
    "qubits": {
        "0": [
            0.0,
            -21.0
        ],
        "1": [
            0.0,
            -14.0
        ],
        "2": [
            0.0,
            -7.0
        ],
        "3": [
            0.0,
            0.0
        ],
        "4": [
            0.0,
            7.0
        ],
        "5": [
            0.0,
            14.0
        ],
        "6": [
            0.0,
            21.0
        ]
    },
    "metadata": {
        "score": {
            "total": 3.440172633043478,
            "gini_score": 0.8973739130434782,
            "sum_score": 3.8336
        },
        "params": {
            "rise_time": 1642,
            "fall_time": 2883,
            "omega": 12.287788969725238,
            "init_detuning": 7.813165657273655,
            "final_detuning": 5.328734188090176
        }
    }
}
