{
    "qubits": {
        "q0": [
            -7.0,
            -7.0
        ],
        "q2": [
            7.0,
            -7.0
        ],
        "q3": [
            -7.0,
            0.0
        ],
        "q4": [
            0.0,
            0.0
        ],
        "q6": [
            -7.0,
            7.0
        ],
        "q7": [
            0.0,
            7.0
        ],
        "q8": [
            7.0,
            7.0
        ]
    },
    "metadata": {
        "score": {
            "total": 3.303161270588235,
            "gini_score": 0.9061176470588235,
            "sum_score": 3.6454,
            "total_normalized": 0.8257903176470588,
            "sum_normalized": 0.91135
        },
        "params": {
            "rise_time": 1610,
            "fall_time": 1872,
            "omega": 11.396989687714694,
            "init_detuning": 6.733263257423957,
            "final_detuning": 5.922954628646151
        },
        "mis": [
            [
                0,
                1,
                4,
                6
            ]
        ],
        "mis_size": 4
    },
    "edges": [
        [
            2,
            4
        ],
        [
            2,
            3
        ],
        [
            2,
            0
        ],
        [
            2,
            5
        ],
        [
            4,
            3
        ],
        [
            4,
            5
        ],
        [
            3,
            0
        ],
        [
            3,
            6
        ],
        [
            3,
            1
        ],
        [
            3,
            5
        ],
        [
            5,
            6
        ]
    ]
}
