{
    "qubits": {
        "q0": [
            14.14,
            0.0
        ],
        "q1": [
            10.0,
            10.0
        ],
        "q2": [
            8.66e-16,
            14.14
        ],
        "q3": [
            -10.0,
            10.0
        ],
        "q4": [
            -14.14,
            1.73e-15
        ],
        "q5": [
            -10.0,
            -10.0
        ],
        "q6": [
            -2.6e-15,
            -14.14
        ],
        "q7": [
            10.0,
            -10.0
        ]
    },
    "metadata": {
        "score": {
            "total": 1.6181641010526318,
            "gini_score": 0.752914619883041,
            "sum_score": 2.1492
        },
        "params": {
            "rise_time": 706,
            "fall_time": 3315,
            "omega": 7.682235872613975,
            "init_detuning": 3.9469657872318913,
            "final_detuning": 1.8193070836316412
        }
    }
}
