{
    "qubits": {
        "q0": [
            -7.0,
            -7.0
        ],
        "q2": [
            6.01,
            -5.95
        ],
        "q3": [
            -7.0,
            0.0
        ],
        "q4": [
            0.0,
            0.0
        ],
        "q6": [
            -7.0,
            7.0
        ],
        "q7": [
            0.0,
            7.0
        ],
        "q8": [
            6.25,
            0.75
        ],
        "q1": [
            12.9,
            -3.12
        ]
    },
    "metadata": {
        "score": {
            "total": 2.02531264,
            "gini_score": 0.8504,
            "sum_score": 2.3816
        },
        "params": {
            "rise_time": 1515,
            "fall_time": 3246,
            "omega": 14.965790959833992,
            "init_detuning": 7.372474294883316,
            "final_detuning": 7.648597378706764
        }
    }
}
