{
    "qubits": {
        "q0": [
            4.21,
            -6.39
        ],
        "q1": [
            0.98,
            1.44
        ],
        "q2": [
            -1.9,
            9.62
        ],
        "q3": [
            -10.0,
            10.0
        ],
        "q4": [
            -14.14,
            1.73e-15
        ],
        "q5": [
            -10.0,
            -10.0
        ],
        "q6": [
            -2.6e-15,
            -14.14
        ],
        "q7": [
            8.17,
            1.31
        ]
    },
    "metadata": {
        "score": {
            "total": 1.4074559671232876,
            "gini_score": 0.7026739726027397,
            "sum_score": 2.003
        },
        "params": {
            "rise_time": 963,
            "fall_time": 2970,
            "omega": 8.094614745091125,
            "init_detuning": 7.915267873991182,
            "final_detuning": 1.5883663034338726
        }
    }
}
