{
    "qubits": {
        "0": [
            -1.5,
            -7.794228634059948
        ],
        "1": [
            4.5,
            -7.794228634059948
        ],
        "2": [
            -4.5,
            -2.598076211353316
        ],
        "3": [
            1.5,
            -2.598076211353316
        ],
        "4": [
            -1.5,
            2.598076211353316
        ],
        "5": [
            4.5,
            2.598076211353316
        ],
        "6": [
            -4.5,
            7.794228634059948
        ],
        "7": [
            1.5,
            7.794228634059948
        ]
    },
    "metadata": {
        "score": {
            "total": 1.0558186666666667,
            "gini_score": 0.7568592592592592,
            "sum_score": 1.395
        },
        "params": {
            "rise_time": 743,
            "fall_time": 1953,
            "omega": 8.17753853968263,
            "init_detuning": 6.844305424888051,
            "final_detuning": 5.147769837688742
        }
    }
}
