{
    "qubits": {
        "0": [
            -2.25,
            -11.69134295108992
        ],
        "1": [
            6.75,
            -11.69134295108992
        ],
        "2": [
            -6.75,
            -3.8971143170299736
        ],
        "3": [
            2.25,
            -3.8971143170299736
        ],
        "4": [
            -2.25,
            3.8971143170299736
        ],
        "5": [
            6.75,
            3.8971143170299736
        ],
        "6": [
            -6.75,
            11.69134295108992
        ],
        "7": [
            2.25,
            11.69134295108992
        ]
    },
    "metadata": {
        "score": {
            "total": 3.6733449395348843,
            "gini_score": 0.9489395348837211,
            "sum_score": 3.871
        },
        "params": {
            "rise_time": 1398,
            "fall_time": 2703,
            "omega": 14.755620971546913,
            "init_detuning": 7.913056214579543,
            "final_detuning": 6.628098269340397
        }
    }
}
