{
    "qubits": {
        "0": [
            -2.0,
            -10.392304845413264
        ],
        "1": [
            6.0,
            -10.392304845413264
        ],
        "2": [
            -6.0,
            -3.4641016151377544
        ],
        "3": [
            2.0,
            -3.4641016151377544
        ],
        "4": [
            -2.0,
            3.4641016151377544
        ],
        "5": [
            6.0,
            3.4641016151377544
        ],
        "6": [
            -6.0,
            10.392304845413264
        ],
        "7": [
            2.0,
            10.392304845413264
        ]
    },
    "metadata": {
        "score": {
            "total": 3.3684610377142854,
            "gini_score": 0.908822857142857,
            "sum_score": 3.7064,
            "total_normalized": 0.8421152594285713,
            "sum_normalized": 0.9266
        },
        "params": {
            "rise_time": 1444,
            "fall_time": 2296,
            "omega": 13.240664528360798,
            "init_detuning": 6.660935746260218,
            "final_detuning": 6.073281782645589
        },
        "mis": [
            [
                1,
                2,
                5,
                6
            ]
        ],
        "mis_size": 4
    },
    "edges": [
        [
            0,
            1
        ],
        [
            0,
            3
        ],
        [
            0,
            2
        ],
        [
            1,
            3
        ],
        [
            2,
            4
        ],
        [
            2,
            3
        ],
        [
            4,
            3
        ],
        [
            4,
            6
        ],
        [
            4,
            5
        ],
        [
            4,
            7
        ],
        [
            3,
            5
        ],
        [
            6,
            7
        ],
        [
            5,
            7
        ]
    ]
}
