{
    "qubits": {
        "0": [
            -2.75,
            -14.289419162443238
        ],
        "1": [
            8.25,
            -14.289419162443238
        ],
        "2": [
            -8.25,
            -4.763139720814412
        ],
        "3": [
            2.75,
            -4.763139720814412
        ],
        "4": [
            -2.75,
            4.763139720814412
        ],
        "5": [
            8.25,
            4.763139720814412
        ],
        "6": [
            -8.25,
            14.289419162443238
        ],
        "7": [
            2.75,
            14.289419162443238
        ]
    },
    "metadata": {
        "score": {
            "total": 2.250927225,
            "gini_score": 0.873875,
            "sum_score": 2.5758
        },
        "params": {
            "rise_time": 727,
            "fall_time": 3284,
            "omega": 4.474544666490791,
            "init_detuning": 2.7453538065592986,
            "final_detuning": 2.4760736436989688
        }
    }
}
