{
    "qubits": {
        "0": [
            -2.0,
            -10.392304845413264
        ],
        "1": [
            6.0,
            -10.392304845413264
        ],
        "2": [
            -6.0,
            -3.4641016151377544
        ],
        "3": [
            2.0,
            -3.4641016151377544
        ],
        "4": [
            -2.0,
            3.4641016151377544
        ],
        "5": [
            6.0,
            3.4641016151377544
        ],
        "6": [
            -6.0,
            10.392304845413264
        ],
        "7": [
            2.0,
            10.392304845413264
        ]
    },
    "metadata": {
        "score": {
            "total": 3.3684610377142854,
            "gini_score": 0.908822857142857,
            "sum_score": 3.7064
        },
        "params": {
            "rise_time": 1444,
            "fall_time": 2296,
            "omega": 13.240664528360798,
            "init_detuning": 6.660935746260218,
            "final_detuning": 6.073281782645589
        }
    }
}
