{
    "qubits": {
        "0": [
            -2.5,
            -12.990381056766578
        ],
        "1": [
            7.5,
            -12.990381056766578
        ],
        "2": [
            -7.5,
            -4.330127018922193
        ],
        "3": [
            2.5,
            -4.330127018922193
        ],
        "4": [
            -2.5,
            4.330127018922193
        ],
        "5": [
            7.5,
            4.330127018922193
        ],
        "6": [
            -7.5,
            12.990381056766578
        ],
        "7": [
            2.5,
            12.990381056766578
        ]
    },
    "metadata": {
        "score": {
            "total": 2.9752889708108112,
            "gini_score": 0.9045081081081082,
            "sum_score": 3.2894
        },
        "params": {
            "rise_time": 444,
            "fall_time": 2668,
            "omega": 8.462849220107486,
            "init_detuning": 3.94590057214116,
            "final_detuning": 3.7719872670047865
        }
    }
}
