{
    "qubits": {
        "0": [
            -1.75,
            -9.093266739736606
        ],
        "1": [
            5.25,
            -9.093266739736606
        ],
        "2": [
            -5.25,
            -3.031088913245535
        ],
        "3": [
            1.75,
            -3.031088913245535
        ],
        "4": [
            -1.75,
            3.031088913245535
        ],
        "5": [
            5.25,
            3.031088913245535
        ],
        "6": [
            -5.25,
            9.093266739736606
        ],
        "7": [
            1.75,
            9.093266739736606
        ]
    },
    "metadata": {
        "score": {
            "total": 0.6829738270967742,
            "gini_score": 0.5592645161290323,
            "sum_score": 1.2212
        },
        "params": {
            "rise_time": 1196,
            "fall_time": 2296,
            "omega": 3.13051827135045,
            "init_detuning": 7.350765727053183,
            "final_detuning": 0.9807884609856313
        }
    }
}
