{
    "qubits": {
        "0": [
            0.0,
            -31.5
        ],
        "1": [
            0.0,
            -22.5
        ],
        "2": [
            0.0,
            -13.5
        ],
        "3": [
            0.0,
            -4.5
        ],
        "4": [
            0.0,
            4.5
        ],
        "5": [
            0.0,
            13.5
        ],
        "6": [
            0.0,
            22.5
        ],
        "7": [
            0.0,
            31.5
        ]
    },
    "metadata": {
        "score": {
            "total": 3.2726056000000003,
            "gini_score": 0.8859726027397261,
            "sum_score": 3.6938
        },
        "params": {
            "rise_time": 1660,
            "fall_time": 1708,
            "omega": 6.649303034740716,
            "init_detuning": 2.9028582784704335,
            "final_detuning": 3.826089905208704
        }
    }
}
