{
    "qubits": {
        "0": [
            -4.5,
            -13.5
        ],
        "1": [
            4.5,
            -13.5
        ],
        "2": [
            -4.5,
            -4.5
        ],
        "3": [
            4.5,
            -4.5
        ],
        "4": [
            -4.5,
            4.5
        ],
        "5": [
            4.5,
            4.5
        ],
        "6": [
            -4.5,
            13.5
        ],
        "7": [
            4.5,
            13.5
        ]
    },
    "metadata": {
        "score": {
            "total": 0.9037477982300884,
            "gini_score": 0.789575221238938,
            "sum_score": 1.1446,
            "total_normalized": 0.4518738991150442,
            "sum_normalized": 0.5723
        },
        "params": {
            "rise_time": 579,
            "fall_time": 1371,
            "omega": 11.341700972982823,
            "init_detuning": 6.845926650009145,
            "final_detuning": 3.1420699331305038
        },
        "mis": [
            [
                0,
                4
            ],
            [
                0,
                5
            ],
            [
                0,
                6
            ],
            [
                0,
                7
            ],
            [
                1,
                4
            ],
            [
                1,
                5
            ],
            [
                1,
                6
            ],
            [
                1,
                7
            ],
            [
                2,
                6
            ],
            [
                2,
                7
            ],
            [
                3,
                6
            ],
            [
                3,
                7
            ]
        ],
        "mis_size": 2
    },
    "edges": [
        [
            0,
            1
        ],
        [
            0,
            3
        ],
        [
            0,
            2
        ],
        [
            1,
            2
        ],
        [
            1,
            3
        ],
        [
            2,
            4
        ],
        [
            2,
            3
        ],
        [
            2,
            5
        ],
        [
            4,
            3
        ],
        [
            4,
            6
        ],
        [
            4,
            5
        ],
        [
            4,
            7
        ],
        [
            3,
            5
        ],
        [
            6,
            7
        ],
        [
            6,
            5
        ],
        [
            5,
            7
        ]
    ]
}
