{
    "qubits": {
        "0": [
            -4.5,
            -13.5
        ],
        "1": [
            4.5,
            -13.5
        ],
        "2": [
            -4.5,
            -4.5
        ],
        "3": [
            4.5,
            -4.5
        ],
        "4": [
            -4.5,
            4.5
        ],
        "5": [
            4.5,
            4.5
        ],
        "6": [
            -4.5,
            13.5
        ],
        "7": [
            4.5,
            13.5
        ]
    },
    "metadata": {
        "score": {
            "total": 0.9037477982300884,
            "gini_score": 0.789575221238938,
            "sum_score": 1.1446
        },
        "params": {
            "rise_time": 579,
            "fall_time": 1371,
            "omega": 11.341700972982823,
            "init_detuning": 6.845926650009145,
            "final_detuning": 3.1420699331305038
        }
    }
}
