{
    "qubits": {
        "0": [
            -5.0,
            -15.0
        ],
        "1": [
            5.0,
            -15.0
        ],
        "2": [
            -5.0,
            -5.0
        ],
        "3": [
            5.0,
            -5.0
        ],
        "4": [
            -5.0,
            5.0
        ],
        "5": [
            5.0,
            5.0
        ],
        "6": [
            -5.0,
            15.0
        ],
        "7": [
            5.0,
            15.0
        ]
    },
    "metadata": {
        "score": {
            "total": 2.123226350387597,
            "gini_score": 0.7928403100775194,
            "sum_score": 2.678,
            "total_normalized": 0.5308065875968992,
            "sum_normalized": 0.6695
        },
        "params": {
            "rise_time": 212,
            "fall_time": 3320,
            "omega": 5.490783915813031,
            "init_detuning": 7.348878993526759,
            "final_detuning": 2.288723554434103
        },
        "mis": [
            [
                0,
                3,
                4,
                7
            ],
            [
                1,
                2,
                5,
                6
            ]
        ],
        "mis_size": 4
    },
    "edges": [
        [
            0,
            1
        ],
        [
            0,
            2
        ],
        [
            1,
            3
        ],
        [
            2,
            4
        ],
        [
            2,
            3
        ],
        [
            4,
            6
        ],
        [
            4,
            5
        ],
        [
            6,
            7
        ],
        [
            5,
            7
        ],
        [
            5,
            3
        ]
    ]
}
