{
    "qubits": {
        "0": [
            0.0,
            -21.0
        ],
        "1": [
            0.0,
            -15.0
        ],
        "2": [
            0.0,
            -9.0
        ],
        "3": [
            0.0,
            -3.0
        ],
        "4": [
            0.0,
            3.0
        ],
        "5": [
            0.0,
            9.0
        ],
        "6": [
            0.0,
            15.0
        ],
        "7": [
            0.0,
            21.0
        ]
    },
    "metadata": {
        "score": {
            "total": 1.6579491051851851,
            "gini_score": 0.7491185185185185,
            "sum_score": 2.2132
        },
        "params": {
            "rise_time": 1109,
            "fall_time": 2942,
            "omega": 2.5542779267021345,
            "init_detuning": 3.3358339484902526,
            "final_detuning": 2.1470314807448196
        }
    }
}
