{
    "qubits": {
        "0": [
            0.0,
            -28.0
        ],
        "1": [
            0.0,
            -20.0
        ],
        "2": [
            0.0,
            -12.0
        ],
        "3": [
            0.0,
            -4.0
        ],
        "4": [
            0.0,
            4.0
        ],
        "5": [
            0.0,
            12.0
        ],
        "6": [
            0.0,
            20.0
        ],
        "7": [
            0.0,
            28.0
        ]
    },
    "metadata": {
        "score": {
            "total": 3.4269481442424246,
            "gini_score": 0.895278787878788,
            "sum_score": 3.8278,
            "total_normalized": 0.8567370360606061,
            "sum_normalized": 0.95695
        },
        "params": {
            "rise_time": 764,
            "fall_time": 2776,
            "omega": 12.477660361985855,
            "init_detuning": 7.635122994090187,
            "final_detuning": 7.3478180376458235
        },
        "mis": [
            [
                0,
                2,
                4,
                6
            ],
            [
                0,
                2,
                4,
                7
            ],
            [
                0,
                2,
                5,
                7
            ],
            [
                0,
                3,
                5,
                7
            ],
            [
                1,
                3,
                5,
                7
            ]
        ],
        "mis_size": 4
    },
    "edges": [
        [
            0,
            1
        ],
        [
            1,
            2
        ],
        [
            2,
            3
        ],
        [
            3,
            4
        ],
        [
            4,
            5
        ],
        [
            6,
            7
        ],
        [
            6,
            5
        ]
    ]
}
