{
    "qubits": {
        "0": [
            -4.0,
            -12.0
        ],
        "1": [
            4.0,
            -12.0
        ],
        "2": [
            -4.0,
            -4.0
        ],
        "3": [
            4.0,
            -4.0
        ],
        "4": [
            -4.0,
            4.0
        ],
        "5": [
            4.0,
            4.0
        ],
        "6": [
            -4.0,
            12.0
        ],
        "7": [
            4.0,
            12.0
        ]
    },
    "metadata": {
        "score": {
            "total": 0.9353293714285714,
            "gini_score": 0.7043142857142857,
            "sum_score": 1.328
        },
        "params": {
            "rise_time": 956,
            "fall_time": 3294,
            "omega": 7.19529765658727,
            "init_detuning": 5.072376305419301,
            "final_detuning": 3.6288221425902902
        }
    }
}
