{
    "qubits": {
        "0": [
            -5.5,
            -16.5
        ],
        "1": [
            5.5,
            -16.5
        ],
        "2": [
            -5.5,
            -5.5
        ],
        "3": [
            5.5,
            -5.5
        ],
        "4": [
            -5.5,
            5.5
        ],
        "5": [
            5.5,
            5.5
        ],
        "6": [
            -5.5,
            16.5
        ],
        "7": [
            5.5,
            16.5
        ]
    },
    "metadata": {
        "score": {
            "total": 2.1552518608695648,
            "gini_score": 0.8072104347826086,
            "sum_score": 2.67
        },
        "params": {
            "rise_time": 1097,
            "fall_time": 3272,
            "omega": 4.441944378241436,
            "init_detuning": 2.7523360850392034,
            "final_detuning": 1.2696351120642149
        }
    }
}
