{
    "qubits": {
        "0": [
            0.0,
            -38.5
        ],
        "1": [
            0.0,
            -27.5
        ],
        "2": [
            0.0,
            -16.5
        ],
        "3": [
            0.0,
            -5.5
        ],
        "4": [
            0.0,
            5.5
        ],
        "5": [
            0.0,
            16.5
        ],
        "6": [
            0.0,
            27.5
        ],
        "7": [
            0.0,
            38.5
        ]
    },
    "metadata": {
        "score": {
            "total": 1.4613100538388626,
            "gini_score": 0.691842654028436,
            "sum_score": 2.1122,
            "total_normalized": 0.36532751345971565,
            "sum_normalized": 0.52805
        },
        "params": {
            "rise_time": 1448,
            "fall_time": 3303,
            "omega": 5.094715195910089,
            "init_detuning": 5.948605648154203,
            "final_detuning": 2.0396587123588334
        },
        "mis": [
            [
                0,
                2,
                4,
                6
            ],
            [
                0,
                2,
                4,
                7
            ],
            [
                0,
                2,
                5,
                7
            ],
            [
                0,
                3,
                5,
                7
            ],
            [
                1,
                3,
                5,
                7
            ]
        ],
        "mis_size": 4
    },
    "edges": [
        [
            0,
            1
        ],
        [
            1,
            2
        ],
        [
            2,
            3
        ],
        [
            3,
            4
        ],
        [
            4,
            5
        ],
        [
            6,
            7
        ],
        [
            6,
            5
        ]
    ]
}
