{
    "qubits": {
        "0": [
            0.0,
            -35.0
        ],
        "1": [
            0.0,
            -25.0
        ],
        "2": [
            0.0,
            -15.0
        ],
        "3": [
            0.0,
            -5.0
        ],
        "4": [
            0.0,
            5.0
        ],
        "5": [
            0.0,
            15.0
        ],
        "6": [
            0.0,
            25.0
        ],
        "7": [
            0.0,
            35.0
        ]
    },
    "metadata": {
        "score": {
            "total": 2.9533433734736847,
            "gini_score": 0.8564884210526317,
            "sum_score": 3.4482
        },
        "params": {
            "rise_time": 596,
            "fall_time": 2676,
            "omega": 4.128533787713034,
            "init_detuning": 4.85092193312379,
            "final_detuning": 1.871097515998967
        }
    }
}
