{
    "qubits": {
        "0": [
            0.0,
            -24.5
        ],
        "1": [
            0.0,
            -17.5
        ],
        "2": [
            0.0,
            -10.5
        ],
        "3": [
            0.0,
            -3.5
        ],
        "4": [
            0.0,
            3.5
        ],
        "5": [
            0.0,
            10.5
        ],
        "6": [
            0.0,
            17.5
        ],
        "7": [
            0.0,
            24.5
        ]
    },
    "metadata": {
        "score": {
            "total": 3.2744650120930237,
            "gini_score": 0.8515720930232559,
            "sum_score": 3.8452,
            "total_normalized": 0.8186162530232559,
            "sum_normalized": 0.9613
        },
        "params": {
            "rise_time": 254,
            "fall_time": 3290,
            "omega": 6.991211193488887,
            "init_detuning": 7.287183215270929,
            "final_detuning": 5.525380578154929
        },
        "mis": [
            [
                0,
                2,
                4,
                6
            ],
            [
                0,
                2,
                4,
                7
            ],
            [
                0,
                2,
                5,
                7
            ],
            [
                0,
                3,
                5,
                7
            ],
            [
                1,
                3,
                5,
                7
            ]
        ],
        "mis_size": 4
    },
    "edges": [
        [
            0,
            1
        ],
        [
            1,
            2
        ],
        [
            2,
            3
        ],
        [
            3,
            4
        ],
        [
            4,
            5
        ],
        [
            6,
            7
        ],
        [
            6,
            5
        ]
    ]
}
