{
    "qubits": {
        "0": [
            -3.5,
            -10.5
        ],
        "1": [
            3.5,
            -10.5
        ],
        "2": [
            -3.5,
            -3.5
        ],
        "3": [
            3.5,
            -3.5
        ],
        "4": [
            -3.5,
            3.5
        ],
        "5": [
            3.5,
            3.5
        ],
        "6": [
            -3.5,
            10.5
        ],
        "7": [
            3.5,
            10.5
        ]
    },
    "metadata": {
        "score": {
            "total": 1.1834614712195122,
            "gini_score": 0.7110439024390244,
            "sum_score": 1.6644
        },
        "params": {
            "rise_time": 729,
            "fall_time": 3076,
            "omega": 11.518071863341708,
            "init_detuning": 3.9971047042644674,
            "final_detuning": 2.587123851746121
        }
    }
}
