{
    "qubits": {
        "q0": [
            -7.0,
            -7.0
        ],
        "q2": [
            7.0,
            -7.0
        ],
        "q3": [
            -7.0,
            0.0
        ],
        "q4": [
            0.0,
            0.0
        ],
        "q6": [
            -7.0,
            7.0
        ],
        "q7": [
            0.0,
            7.0
        ],
        "q8": [
            7.0,
            7.0
        ],
        "q1": [
            10.94,
            -0.12
        ]
    },
    "metadata": {
        "score": {
            "total": 3.2495993297777774,
            "gini_score": 0.9180177777777777,
            "sum_score": 3.5398
        },
        "params": {
            "rise_time": 1498,
            "fall_time": 1557,
            "omega": 14.836499668102991,
            "init_detuning": 7.963852574109099,
            "final_detuning": 7.352794965867272
        }
    }
}
