{
    "qubits": {
        "0": [
            -5.0,
            -5.196152422706632
        ],
        "1": [
            1.0,
            -5.196152422706632
        ],
        "2": [
            7.0,
            -5.196152422706632
        ],
        "3": [
            -8.0,
            0.0
        ],
        "4": [
            -2.0,
            0.0
        ],
        "5": [
            4.0,
            0.0
        ],
        "6": [
            -5.0,
            5.196152422706632
        ],
        "7": [
            1.0,
            5.196152422706632
        ],
        "8": [
            7.0,
            5.196152422706632
        ]
    },
    "metadata": {
        "score": {
            "total": 0.6389171542857143,
            "gini_score": 0.6116380952380952,
            "sum_score": 1.0446
        },
        "params": {
            "rise_time": 899,
            "fall_time": 2445,
            "omega": 5.532465180241252,
            "init_detuning": 2.9938442336817053,
            "final_detuning": 1.0164897852230208
        }
    }
}
