{
    "qubits": {
        "0": [
            -8.333333333333334,
            -8.660254037844386
        ],
        "1": [
            1.6666666666666665,
            -8.660254037844386
        ],
        "2": [
            11.666666666666666,
            -8.660254037844386
        ],
        "3": [
            -13.333333333333334,
            0.0
        ],
        "4": [
            -3.3333333333333335,
            0.0
        ],
        "5": [
            6.666666666666666,
            0.0
        ],
        "6": [
            -8.333333333333334,
            8.660254037844386
        ],
        "7": [
            1.6666666666666665,
            8.660254037844386
        ],
        "8": [
            11.666666666666666,
            8.660254037844386
        ]
    },
    "metadata": {
        "score": {
            "total": 1.9170747870157065,
            "gini_score": 0.8798764397905758,
            "sum_score": 2.1788,
            "total_normalized": 0.47926869675392664,
            "sum_normalized": 0.5447
        },
        "params": {
            "rise_time": 1600,
            "fall_time": 2918,
            "omega": 9.091000992148885,
            "init_detuning": 4.874646760472355,
            "final_detuning": 5.267048424199993
        },
        "mis": [
            [
                0,
                8,
                2,
                6
            ]
        ],
        "mis_size": 4
    },
    "edges": [
        [
            0,
            1
        ],
        [
            0,
            4
        ],
        [
            0,
            3
        ],
        [
            1,
            2
        ],
        [
            1,
            5
        ],
        [
            1,
            4
        ],
        [
            2,
            5
        ],
        [
            4,
            3
        ],
        [
            4,
            6
        ],
        [
            4,
            5
        ],
        [
            4,
            7
        ],
        [
            3,
            6
        ],
        [
            5,
            8
        ],
        [
            5,
            7
        ],
        [
            8,
            7
        ],
        [
            6,
            7
        ]
    ]
}
