{
    "qubits": {
        "0": [
            -5.833333333333334,
            -6.06217782649107
        ],
        "1": [
            1.1666666666666665,
            -6.06217782649107
        ],
        "2": [
            8.166666666666666,
            -6.06217782649107
        ],
        "3": [
            -9.333333333333334,
            1.9737298215558337e-16
        ],
        "4": [
            -2.3333333333333335,
            1.9737298215558337e-16
        ],
        "5": [
            4.666666666666666,
            1.9737298215558337e-16
        ],
        "6": [
            -5.833333333333334,
            6.06217782649107
        ],
        "7": [
            1.1666666666666665,
            6.06217782649107
        ],
        "8": [
            8.166666666666666,
            6.06217782649107
        ]
    },
    "metadata": {
        "score": {
            "total": 0.650371214883721,
            "gini_score": 0.6196372093023256,
            "sum_score": 1.0496
        },
        "params": {
            "rise_time": 898,
            "fall_time": 3119,
            "omega": 3.7295547237818774,
            "init_detuning": 7.048204595813181,
            "final_detuning": 6.882788491278975
        }
    }
}
