{
    "qubits": {
        "0": [
            -9.166666666666666,
            -9.526279441628825
        ],
        "1": [
            1.8333333333333335,
            -9.526279441628825
        ],
        "2": [
            12.833333333333334,
            -9.526279441628825
        ],
        "3": [
            -14.666666666666666,
            3.9474596431116675e-16
        ],
        "4": [
            -3.6666666666666665,
            3.9474596431116675e-16
        ],
        "5": [
            7.333333333333334,
            3.9474596431116675e-16
        ],
        "6": [
            -9.166666666666666,
            9.526279441628825
        ],
        "7": [
            1.8333333333333335,
            9.526279441628825
        ],
        "8": [
            12.833333333333334,
            9.526279441628825
        ]
    },
    "metadata": {
        "score": {
            "total": 2.3092708187500004,
            "gini_score": 0.841203125,
            "sum_score": 2.7452
        },
        "params": {
            "rise_time": 1060,
            "fall_time": 2727,
            "omega": 2.960616808706161,
            "init_detuning": 1.406950835574075,
            "final_detuning": 1.594887381423506
        }
    }
}
