{
    "qubits": {
        "0": [
            -8.333333333333334,
            -8.660254037844386
        ],
        "1": [
            1.6666666666666665,
            -8.660254037844386
        ],
        "2": [
            11.666666666666666,
            -8.660254037844386
        ],
        "3": [
            -13.333333333333334,
            0.0
        ],
        "4": [
            -3.3333333333333335,
            0.0
        ],
        "5": [
            6.666666666666666,
            0.0
        ],
        "6": [
            -8.333333333333334,
            8.660254037844386
        ],
        "7": [
            1.6666666666666665,
            8.660254037844386
        ],
        "8": [
            11.666666666666666,
            8.660254037844386
        ]
    },
    "metadata": {
        "score": {
            "total": 1.9170747870157065,
            "gini_score": 0.8798764397905758,
            "sum_score": 2.1788
        },
        "params": {
            "rise_time": 1600,
            "fall_time": 2918,
            "omega": 9.091000992148885,
            "init_detuning": 4.874646760472355,
            "final_detuning": 5.267048424199993
        }
    }
}
