{
    "qubits": {
        "0": [
            -7.5,
            -7.794228634059947
        ],
        "1": [
            1.5,
            -7.794228634059947
        ],
        "2": [
            10.5,
            -7.794228634059947
        ],
        "3": [
            -12.0,
            -1.9737298215558337e-16
        ],
        "4": [
            -3.0,
            -1.9737298215558337e-16
        ],
        "5": [
            6.0,
            -1.9737298215558337e-16
        ],
        "6": [
            -7.5,
            7.794228634059947
        ],
        "7": [
            1.5,
            7.794228634059947
        ],
        "8": [
            10.5,
            7.794228634059947
        ]
    },
    "metadata": {
        "score": {
            "total": 3.2975064269662924,
            "gini_score": 0.9267865168539327,
            "sum_score": 3.558
        },
        "params": {
            "rise_time": 1009,
            "fall_time": 3302,
            "omega": 12.516590278973034,
            "init_detuning": 7.804606054196439,
            "final_detuning": 7.3143531310284935
        }
    }
}
