{
    "qubits": {
        "q0": [
            -8.75,
            -7.28
        ],
        "q1": [
            -0.74,
            -7.77
        ],
        "q2": [
            8.18,
            -8.2
        ],
        "q3": [
            -4.99,
            0.24
        ],
        "q4": [
            3.84,
            -0.29
        ],
        "q5": [
            -1.08,
            7.85
        ],
        "q6": [
            12.74,
            -0.83
        ],
        "q7": [
            8.27,
            7.53
        ],
        "q8": [
            16.98,
            7.46
        ]
    },
    "metadata": {
        "score": {
            "total": 2.890375847692307,
            "gini_score": 0.8895653846153845,
            "sum_score": 3.2492
        },
        "params": {
            "rise_time": 244,
            "fall_time": 3312,
            "omega": 9.754959199581398,
            "init_detuning": 6.265546581080014,
            "final_detuning": 6.975351390633889
        }
    }
}
