{
    "qubits": {
        "0": [
            0.0,
            -40.0
        ],
        "1": [
            0.0,
            -30.0
        ],
        "2": [
            0.0,
            -20.0
        ],
        "3": [
            0.0,
            -10.0
        ],
        "4": [
            0.0,
            0.0
        ],
        "5": [
            0.0,
            10.0
        ],
        "6": [
            0.0,
            20.0
        ],
        "7": [
            0.0,
            30.0
        ],
        "8": [
            0.0,
            40.0
        ]
    },
    "metadata": {
        "score": {
            "total": 3.8179285970149253,
            "gini_score": 0.903865671641791,
            "sum_score": 4.224
        },
        "params": {
            "rise_time": 1303,
            "fall_time": 3298,
            "omega": 3.3397568443540018,
            "init_detuning": 1.4117943785828588,
            "final_detuning": 3.0810958051073793
        }
    }
}
