{
    "qubits": {
        "0": [
            0.0,
            -24.0
        ],
        "1": [
            0.0,
            -18.0
        ],
        "2": [
            0.0,
            -12.0
        ],
        "3": [
            0.0,
            -6.0
        ],
        "4": [
            0.0,
            0.0
        ],
        "5": [
            0.0,
            6.0
        ],
        "6": [
            0.0,
            12.0
        ],
        "7": [
            0.0,
            18.0
        ],
        "8": [
            0.0,
            24.0
        ]
    },
    "metadata": {
        "score": {
            "total": 1.4544438072289156,
            "gini_score": 0.7059036144578313,
            "sum_score": 2.0604
        },
        "params": {
            "rise_time": 583,
            "fall_time": 1807,
            "omega": 3.365529967915588,
            "init_detuning": 2.543912891487176,
            "final_detuning": 1.9856434659489761
        }
    }
}
