{
    "qubits": {
        "0": [
            -9.0,
            -9.0
        ],
        "1": [
            0.0,
            -9.0
        ],
        "2": [
            9.0,
            -9.0
        ],
        "3": [
            -9.0,
            0.0
        ],
        "4": [
            0.0,
            0.0
        ],
        "5": [
            9.0,
            0.0
        ],
        "6": [
            -9.0,
            9.0
        ],
        "7": [
            0.0,
            9.0
        ],
        "8": [
            9.0,
            9.0
        ]
    },
    "metadata": {
        "score": {
            "total": 3.0579147358024694,
            "gini_score": 0.8999160493827161,
            "sum_score": 3.398
        },
        "params": {
            "rise_time": 543,
            "fall_time": 2590,
            "omega": 5.7447232837113456,
            "init_detuning": 3.6303762082084465,
            "final_detuning": 2.7457416817203546
        }
    }
}
