{
    "qubits": {
        "0": [
            0.0,
            -32.0
        ],
        "1": [
            0.0,
            -24.0
        ],
        "2": [
            0.0,
            -16.0
        ],
        "3": [
            0.0,
            -8.0
        ],
        "4": [
            0.0,
            0.0
        ],
        "5": [
            0.0,
            8.0
        ],
        "6": [
            0.0,
            16.0
        ],
        "7": [
            0.0,
            24.0
        ],
        "8": [
            0.0,
            32.0
        ]
    },
    "metadata": {
        "score": {
            "total": 4.595745502857143,
            "gini_score": 0.9516971428571429,
            "sum_score": 4.829
        },
        "params": {
            "rise_time": 1553,
            "fall_time": 3284,
            "omega": 13.563460523033962,
            "init_detuning": 6.930176581077355,
            "final_detuning": 5.776388817065888
        }
    }
}
