{
    "qubits": {
        "0": [
            0.0,
            -44.0
        ],
        "1": [
            0.0,
            -33.0
        ],
        "2": [
            0.0,
            -22.0
        ],
        "3": [
            0.0,
            -11.0
        ],
        "4": [
            0.0,
            0.0
        ],
        "5": [
            0.0,
            11.0
        ],
        "6": [
            0.0,
            22.0
        ],
        "7": [
            0.0,
            33.0
        ],
        "8": [
            0.0,
            44.0
        ]
    },
    "metadata": {
        "score": {
            "total": 1.5603298006779662,
            "gini_score": 0.7132610169491526,
            "sum_score": 2.1876,
            "total_normalized": 0.31206596013559323,
            "sum_normalized": 0.43752
        },
        "params": {
            "rise_time": 558,
            "fall_time": 3309,
            "omega": 8.384239901720786,
            "init_detuning": 4.621280204781913,
            "final_detuning": 2.070408899102394
        },
        "mis": [
            [
                0,
                2,
                4,
                6,
                8
            ]
        ],
        "mis_size": 5
    },
    "edges": [
        [
            0,
            1
        ],
        [
            1,
            2
        ],
        [
            2,
            3
        ],
        [
            3,
            4
        ],
        [
            4,
            5
        ],
        [
            6,
            7
        ],
        [
            6,
            5
        ],
        [
            7,
            8
        ]
    ]
}
