{
    "qubits": {
        "0": [
            -7.0,
            -7.0
        ],
        "1": [
            0.0,
            -7.0
        ],
        "2": [
            7.0,
            -7.0
        ],
        "3": [
            -7.0,
            0.0
        ],
        "4": [
            0.0,
            0.0
        ],
        "5": [
            7.0,
            0.0
        ],
        "6": [
            -7.0,
            7.0
        ],
        "7": [
            0.0,
            7.0
        ],
        "8": [
            7.0,
            7.0
        ]
    },
    "metadata": {
        "score": {
            "total": 3.195879305396825,
            "gini_score": 0.9002984126984126,
            "sum_score": 3.5498
        },
        "params": {
            "rise_time": 1058,
            "fall_time": 1587,
            "omega": 14.895353324919142,
            "init_detuning": 7.9349759086174485,
            "final_detuning": 7.940860913237267
        }
    }
}
