{
    "qubits": {
        "0": [
            -8.0,
            -8.0
        ],
        "1": [
            0.0,
            -8.0
        ],
        "2": [
            8.0,
            -8.0
        ],
        "3": [
            -8.0,
            0.0
        ],
        "4": [
            0.0,
            0.0
        ],
        "5": [
            8.0,
            0.0
        ],
        "6": [
            -8.0,
            8.0
        ],
        "7": [
            0.0,
            8.0
        ],
        "8": [
            8.0,
            8.0
        ]
    },
    "metadata": {
        "score": {
            "total": 3.021009275675676,
            "gini_score": 0.8908378378378379,
            "sum_score": 3.3912,
            "total_normalized": 0.755252318918919,
            "sum_normalized": 0.8478
        },
        "params": {
            "rise_time": 946,
            "fall_time": 1078,
            "omega": 14.463314724638233,
            "init_detuning": 6.8977094054840045,
            "final_detuning": 6.402811181553723
        },
        "mis": [
            [
                0,
                8,
                2,
                6
            ]
        ],
        "mis_size": 4
    },
    "edges": [
        [
            3,
            4
        ],
        [
            3,
            7
        ],
        [
            3,
            1
        ],
        [
            3,
            6
        ],
        [
            3,
            0
        ],
        [
            4,
            6
        ],
        [
            4,
            5
        ],
        [
            4,
            8
        ],
        [
            4,
            2
        ],
        [
            4,
            0
        ],
        [
            4,
            7
        ],
        [
            4,
            1
        ],
        [
            7,
            5
        ],
        [
            7,
            6
        ],
        [
            7,
            8
        ],
        [
            5,
            2
        ],
        [
            5,
            1
        ],
        [
            5,
            8
        ],
        [
            2,
            1
        ],
        [
            1,
            0
        ]
    ]
}
