{
    "qubits": {
        "0": [
            -10.0,
            -10.0
        ],
        "1": [
            0.0,
            -10.0
        ],
        "2": [
            10.0,
            -10.0
        ],
        "3": [
            -10.0,
            0.0
        ],
        "4": [
            0.0,
            0.0
        ],
        "5": [
            10.0,
            0.0
        ],
        "6": [
            -10.0,
            10.0
        ],
        "7": [
            0.0,
            10.0
        ],
        "8": [
            10.0,
            10.0
        ]
    },
    "metadata": {
        "score": {
            "total": 3.873498023333333,
            "gini_score": 0.9118833333333334,
            "sum_score": 4.2478
        },
        "params": {
            "rise_time": 340,
            "fall_time": 2921,
            "omega": 7.5993486675395205,
            "init_detuning": 5.2383381035860115,
            "final_detuning": 4.134736959192562
        }
    }
}
