{
    "qubits": {
        "0": [
            -6.0,
            -6.0
        ],
        "1": [
            0.0,
            -6.0
        ],
        "2": [
            6.0,
            -6.0
        ],
        "3": [
            -6.0,
            0.0
        ],
        "4": [
            0.0,
            0.0
        ],
        "5": [
            6.0,
            0.0
        ],
        "6": [
            -6.0,
            6.0
        ],
        "7": [
            0.0,
            6.0
        ],
        "8": [
            6.0,
            6.0
        ]
    },
    "metadata": {
        "score": {
            "total": 0.8667521513513514,
            "gini_score": 0.7392972972972973,
            "sum_score": 1.1724
        },
        "params": {
            "rise_time": 777,
            "fall_time": 2488,
            "omega": 2.9100011380907835,
            "init_detuning": 4.928118227863056,
            "final_detuning": 1.2195451043824406
        }
    }
}
