{
    "qubits": {
        "0": [
            0.0,
            -28.0
        ],
        "1": [
            0.0,
            -21.0
        ],
        "2": [
            0.0,
            -14.0
        ],
        "3": [
            0.0,
            -7.0
        ],
        "4": [
            0.0,
            0.0
        ],
        "5": [
            0.0,
            7.0
        ],
        "6": [
            0.0,
            14.0
        ],
        "7": [
            0.0,
            21.0
        ],
        "8": [
            0.0,
            28.0
        ]
    },
    "metadata": {
        "score": {
            "total": 4.318535232941176,
            "gini_score": 0.9145176470588234,
            "sum_score": 4.7222
        },
        "params": {
            "rise_time": 1288,
            "fall_time": 2331,
            "omega": 11.405178095274248,
            "init_detuning": 6.685720230992928,
            "final_detuning": 6.328449266229726
        }
    }
}
