{
    "qubits": {
        "0": [
            -6.0,
            -6.0
        ],
        "1": [
            0.0,
            -6.0
        ],
        "2": [
            6.0,
            -6.0
        ],
        "3": [
            -6.0,
            0.0
        ],
        "4": [
            0.0,
            0.0
        ],
        "5": [
            6.0,
            0.0
        ],
        "6": [
            -6.0,
            6.0
        ],
        "7": [
            0.0,
            6.0
        ],
        "8": [
            6.0,
            6.0
        ]
    },
    "metadata": {
        "score": {
            "total": 0.8667521513513514,
            "gini_score": 0.7392972972972973,
            "sum_score": 1.1724,
            "total_normalized": 0.4333760756756757,
            "sum_normalized": 0.5862
        },
        "params": {
            "rise_time": 777,
            "fall_time": 2488,
            "omega": 2.9100011380907835,
            "init_detuning": 4.928118227863056,
            "final_detuning": 1.2195451043824406
        },
        "mis": [
            [
                0,
                5
            ],
            [
                0,
                7
            ],
            [
                0,
                8
            ],
            [
                1,
                6
            ],
            [
                8,
                1
            ],
            [
                2,
                3
            ],
            [
                2,
                6
            ],
            [
                2,
                7
            ],
            [
                8,
                3
            ],
            [
                5,
                6
            ]
        ],
        "mis_size": 2
    },
    "edges": [
        [
            3,
            4
        ],
        [
            3,
            7
        ],
        [
            3,
            1
        ],
        [
            3,
            6
        ],
        [
            3,
            5
        ],
        [
            3,
            0
        ],
        [
            4,
            6
        ],
        [
            4,
            5
        ],
        [
            4,
            8
        ],
        [
            4,
            2
        ],
        [
            4,
            0
        ],
        [
            4,
            7
        ],
        [
            4,
            1
        ],
        [
            7,
            5
        ],
        [
            7,
            6
        ],
        [
            7,
            1
        ],
        [
            7,
            8
        ],
        [
            6,
            8
        ],
        [
            6,
            0
        ],
        [
            5,
            2
        ],
        [
            5,
            1
        ],
        [
            5,
            8
        ],
        [
            0,
            2
        ],
        [
            0,
            1
        ],
        [
            2,
            8
        ],
        [
            2,
            1
        ]
    ]
}
