{
    "qubits": {
        "0": [
            -11.0,
            -11.0
        ],
        "1": [
            0.0,
            -11.0
        ],
        "2": [
            11.0,
            -11.0
        ],
        "3": [
            -11.0,
            0.0
        ],
        "4": [
            0.0,
            0.0
        ],
        "5": [
            11.0,
            0.0
        ],
        "6": [
            -11.0,
            11.0
        ],
        "7": [
            0.0,
            11.0
        ],
        "8": [
            11.0,
            11.0
        ]
    },
    "metadata": {
        "score": {
            "total": 1.5660559735757575,
            "gini_score": 0.7249587878787879,
            "sum_score": 2.1602
        },
        "params": {
            "rise_time": 1334,
            "fall_time": 3209,
            "omega": 5.279055152686962,
            "init_detuning": 6.610578172014424,
            "final_detuning": 2.849737188735438
        }
    }
}
