{
    "qubits": {
        "0": [
            -11.0,
            -11.0
        ],
        "1": [
            0.0,
            -11.0
        ],
        "2": [
            11.0,
            -11.0
        ],
        "3": [
            -11.0,
            0.0
        ],
        "4": [
            0.0,
            0.0
        ],
        "5": [
            11.0,
            0.0
        ],
        "6": [
            -11.0,
            11.0
        ],
        "7": [
            0.0,
            11.0
        ],
        "8": [
            11.0,
            11.0
        ]
    },
    "metadata": {
        "score": {
            "total": 1.5660559735757575,
            "gini_score": 0.7249587878787879,
            "sum_score": 2.1602,
            "total_normalized": 0.3132111947151515,
            "sum_normalized": 0.43204000000000004
        },
        "params": {
            "rise_time": 1334,
            "fall_time": 3209,
            "omega": 5.279055152686962,
            "init_detuning": 6.610578172014424,
            "final_detuning": 2.849737188735438
        },
        "mis": [
            [
                0,
                2,
                4,
                6,
                8
            ]
        ],
        "mis_size": 5
    },
    "edges": [
        [
            0,
            1
        ],
        [
            0,
            3
        ],
        [
            1,
            2
        ],
        [
            1,
            4
        ],
        [
            2,
            5
        ],
        [
            3,
            4
        ],
        [
            3,
            6
        ],
        [
            4,
            5
        ],
        [
            4,
            7
        ],
        [
            5,
            8
        ],
        [
            8,
            7
        ],
        [
            6,
            7
        ]
    ]
}
