{
    "qubits": {
        "0": [
            -7.7,
            -19.05255888325765
        ],
        "1": [
            3.3,
            -19.05255888325765
        ],
        "2": [
            -2.2,
            -9.526279441628825
        ],
        "3": [
            8.8,
            -9.526279441628825
        ],
        "4": [
            -7.7,
            0.0
        ],
        "5": [
            3.3,
            0.0
        ],
        "6": [
            -2.2,
            9.526279441628825
        ],
        "7": [
            8.8,
            9.526279441628825
        ],
        "8": [
            -7.7,
            19.05255888325765
        ],
        "9": [
            3.3,
            19.05255888325765
        ]
    },
    "metadata": {
        "score": {
            "total": 0.36322616883720926,
            "gini_score": 0.6112860465116279,
            "sum_score": 0.5942,
            "total_normalized": 0.07264523376744185,
            "sum_normalized": 0.11883999999999999
        },
        "params": {
            "rise_time": 1043.23974609375,
            "fall_time": 2612.096435546875,
            "omega": 5.986270904541016,
            "init_detuning": 4.132663249969482,
            "final_detuning": 4.363956928253174
        },
        "mis": [
            [
                0,
                3,
                4,
                7,
                8
            ]
        ],
        "mis_size": 5
    },
    "edges": [
        [
            0,
            1
        ],
        [
            0,
            2
        ],
        [
            1,
            2
        ],
        [
            1,
            3
        ],
        [
            2,
            4
        ],
        [
            2,
            3
        ],
        [
            2,
            5
        ],
        [
            4,
            6
        ],
        [
            4,
            5
        ],
        [
            6,
            9
        ],
        [
            6,
            8
        ],
        [
            6,
            7
        ],
        [
            6,
            5
        ],
        [
            9,
            7
        ],
        [
            9,
            8
        ],
        [
            5,
            7
        ],
        [
            5,
            3
        ]
    ]
}
