{
    "qubits": {
        "0": [
            -5.5,
            -22.0
        ],
        "1": [
            5.5,
            -22.0
        ],
        "2": [
            -5.5,
            -11.0
        ],
        "3": [
            5.5,
            -11.0
        ],
        "4": [
            -5.5,
            0.0
        ],
        "5": [
            5.5,
            0.0
        ],
        "6": [
            -5.5,
            11.0
        ],
        "7": [
            5.5,
            11.0
        ],
        "8": [
            -5.5,
            22.0
        ],
        "9": [
            5.5,
            22.0
        ]
    },
    "metadata": {
        "score": {
            "total": 0.11368174317037037,
            "gini_score": 0.6185078518518519,
            "sum_score": 0.1838,
            "total_normalized": 0.022736348634074074,
            "sum_normalized": 0.03676
        },
        "params": {
            "rise_time": 1116.5196533203125,
            "fall_time": 2564.587158203125,
            "omega": 5.133331775665283,
            "init_detuning": 3.9885976314544678,
            "final_detuning": 4.230339527130127
        },
        "mis": [
            [
                0,
                3,
                4,
                7,
                8
            ],
            [
                1,
                2,
                5,
                6,
                9
            ]
        ],
        "mis_size": 5
    },
    "edges": [
        [
            0,
            1
        ],
        [
            0,
            2
        ],
        [
            1,
            3
        ],
        [
            2,
            4
        ],
        [
            2,
            3
        ],
        [
            4,
            6
        ],
        [
            4,
            5
        ],
        [
            6,
            8
        ],
        [
            6,
            7
        ],
        [
            8,
            9
        ],
        [
            5,
            7
        ],
        [
            5,
            3
        ],
        [
            7,
            9
        ]
    ]
}
