{
    "qubits": {
        "0": [
            0.0,
            -36.0
        ],
        "1": [
            0.0,
            -28.0
        ],
        "2": [
            0.0,
            -20.0
        ],
        "3": [
            0.0,
            -12.0
        ],
        "4": [
            0.0,
            -4.0
        ],
        "5": [
            0.0,
            4.0
        ],
        "6": [
            0.0,
            12.0
        ],
        "7": [
            0.0,
            20.0
        ],
        "8": [
            0.0,
            28.0
        ],
        "9": [
            0.0,
            36.0
        ]
    },
    "metadata": {
        "score": {
            "total": 3.8946505348031493,
            "gini_score": 0.8618771653543307,
            "sum_score": 4.5188,
            "total_normalized": 0.7789301069606298,
            "sum_normalized": 0.9037599999999999
        },
        "params": {
            "rise_time": 1113.878662109375,
            "fall_time": 2616.320068359375,
            "omega": 10.573002815246582,
            "init_detuning": 4.16900110244751,
            "final_detuning": 4.417844295501709
        },
        "mis": [
            [
                0,
                2,
                4,
                6,
                8
            ],
            [
                0,
                2,
                4,
                6,
                9
            ],
            [
                0,
                2,
                4,
                7,
                9
            ],
            [
                0,
                2,
                5,
                7,
                9
            ],
            [
                0,
                3,
                5,
                7,
                9
            ],
            [
                1,
                3,
                5,
                7,
                9
            ]
        ],
        "mis_size": 5
    },
    "edges": [
        [
            0,
            1
        ],
        [
            1,
            2
        ],
        [
            2,
            3
        ],
        [
            3,
            4
        ],
        [
            4,
            5
        ],
        [
            6,
            7
        ],
        [
            6,
            5
        ],
        [
            7,
            8
        ],
        [
            8,
            9
        ]
    ]
}
