{
    "qubits": {
        "0": [
            -5.0,
            -20.0
        ],
        "1": [
            5.0,
            -20.0
        ],
        "2": [
            -5.0,
            -10.0
        ],
        "3": [
            5.0,
            -10.0
        ],
        "4": [
            -5.0,
            0.0
        ],
        "5": [
            5.0,
            0.0
        ],
        "6": [
            -5.0,
            10.0
        ],
        "7": [
            5.0,
            10.0
        ],
        "8": [
            -5.0,
            20.0
        ],
        "9": [
            5.0,
            20.0
        ]
    },
    "metadata": {
        "score": {
            "total": 0.9685018325581395,
            "gini_score": 0.6364186046511627,
            "sum_score": 1.5218,
            "total_normalized": 0.1937003665116279,
            "sum_normalized": 0.30436
        },
        "params": {
            "rise_time": 955.3311157226562,
            "fall_time": 2670.41064453125,
            "omega": 7.666900634765625,
            "init_detuning": 4.256992340087891,
            "final_detuning": 4.461161136627197
        },
        "mis": [
            [
                0,
                3,
                4,
                7,
                8
            ],
            [
                1,
                2,
                5,
                6,
                9
            ]
        ],
        "mis_size": 5
    },
    "edges": [
        [
            0,
            1
        ],
        [
            0,
            2
        ],
        [
            1,
            3
        ],
        [
            2,
            4
        ],
        [
            2,
            3
        ],
        [
            4,
            6
        ],
        [
            4,
            5
        ],
        [
            6,
            8
        ],
        [
            6,
            7
        ],
        [
            8,
            9
        ],
        [
            5,
            7
        ],
        [
            5,
            3
        ],
        [
            7,
            9
        ]
    ]
}
