{
    "qubits": {
        "0": [
            -3.5,
            -14.0
        ],
        "1": [
            3.5,
            -14.0
        ],
        "2": [
            -3.5,
            -7.0
        ],
        "3": [
            3.5,
            -7.0
        ],
        "4": [
            -3.5,
            0.0
        ],
        "5": [
            3.5,
            0.0
        ],
        "6": [
            -3.5,
            7.0
        ],
        "7": [
            3.5,
            7.0
        ],
        "8": [
            -3.5,
            14.0
        ],
        "9": [
            3.5,
            14.0
        ]
    },
    "metadata": {
        "score": {
            "total": 0.9295580504000001,
            "gini_score": 0.610828,
            "sum_score": 1.5218,
            "total_normalized": 0.30985268346666667,
            "sum_normalized": 0.5072666666666666
        },
        "params": {
            "rise_time": 944.9329223632812,
            "fall_time": 2318.5048828125,
            "omega": 10.530802726745605,
            "init_detuning": 4.906479358673096,
            "final_detuning": 5.695309638977051
        },
        "mis": [
            [
                0,
                8,
                4
            ],
            [
                0,
                9,
                4
            ],
            [
                0,
                8,
                5
            ],
            [
                0,
                9,
                5
            ],
            [
                8,
                1,
                4
            ],
            [
                1,
                4,
                9
            ],
            [
                8,
                1,
                5
            ],
            [
                1,
                5,
                9
            ]
        ],
        "mis_size": 3
    },
    "edges": [
        [
            3,
            4
        ],
        [
            3,
            1
        ],
        [
            3,
            5
        ],
        [
            3,
            0
        ],
        [
            3,
            2
        ],
        [
            4,
            6
        ],
        [
            4,
            5
        ],
        [
            4,
            2
        ],
        [
            4,
            7
        ],
        [
            6,
            8
        ],
        [
            6,
            5
        ],
        [
            6,
            7
        ],
        [
            6,
            9
        ],
        [
            5,
            7
        ],
        [
            5,
            2
        ],
        [
            7,
            9
        ],
        [
            7,
            8
        ],
        [
            0,
            2
        ],
        [
            0,
            1
        ],
        [
            2,
            1
        ],
        [
            8,
            9
        ]
    ]
}
