{
    "qubits": {
        "0": [
            0.0,
            -40.5
        ],
        "1": [
            0.0,
            -31.5
        ],
        "2": [
            0.0,
            -22.5
        ],
        "3": [
            0.0,
            -13.5
        ],
        "4": [
            0.0,
            -4.5
        ],
        "5": [
            0.0,
            4.5
        ],
        "6": [
            0.0,
            13.5
        ],
        "7": [
            0.0,
            22.5
        ],
        "8": [
            0.0,
            31.5
        ],
        "9": [
            0.0,
            40.5
        ]
    },
    "metadata": {
        "score": {
            "total": 3.2393778314590747,
            "gini_score": 0.8260768683274021,
            "sum_score": 3.9214,
            "total_normalized": 0.647875566291815,
            "sum_normalized": 0.7842800000000001
        },
        "params": {
            "rise_time": 1035.824462890625,
            "fall_time": 2703.38671875,
            "omega": 9.055755615234375,
            "init_detuning": 3.8690125942230225,
            "final_detuning": 4.157498836517334
        },
        "mis": [
            [
                0,
                2,
                4,
                6,
                8
            ],
            [
                0,
                2,
                4,
                6,
                9
            ],
            [
                0,
                2,
                4,
                7,
                9
            ],
            [
                0,
                2,
                5,
                7,
                9
            ],
            [
                0,
                3,
                5,
                7,
                9
            ],
            [
                1,
                3,
                5,
                7,
                9
            ]
        ],
        "mis_size": 5
    },
    "edges": [
        [
            0,
            1
        ],
        [
            1,
            2
        ],
        [
            2,
            3
        ],
        [
            3,
            4
        ],
        [
            4,
            5
        ],
        [
            6,
            7
        ],
        [
            6,
            5
        ],
        [
            7,
            8
        ],
        [
            8,
            9
        ]
    ]
}
