{
    "qubits": {
        "0": [
            0.0,
            -49.5
        ],
        "1": [
            0.0,
            -38.5
        ],
        "2": [
            0.0,
            -27.5
        ],
        "3": [
            0.0,
            -16.5
        ],
        "4": [
            0.0,
            -5.5
        ],
        "5": [
            0.0,
            5.5
        ],
        "6": [
            0.0,
            16.5
        ],
        "7": [
            0.0,
            27.5
        ],
        "8": [
            0.0,
            38.5
        ],
        "9": [
            0.0,
            49.5
        ]
    },
    "metadata": {
        "score": {
            "total": 0.5843674858883249,
            "gini_score": 0.6241908629441624,
            "sum_score": 0.9362,
            "total_normalized": 0.11687349717766497,
            "sum_normalized": 0.18724000000000002
        },
        "params": {
            "rise_time": 1139.67333984375,
            "fall_time": 2792.27587890625,
            "omega": 3.6227922439575195,
            "init_detuning": 3.4416027069091797,
            "final_detuning": 3.6352484226226807
        },
        "mis": [
            [
                0,
                2,
                4,
                6,
                8
            ],
            [
                0,
                2,
                4,
                6,
                9
            ],
            [
                0,
                2,
                4,
                7,
                9
            ],
            [
                0,
                2,
                5,
                7,
                9
            ],
            [
                0,
                3,
                5,
                7,
                9
            ],
            [
                1,
                3,
                5,
                7,
                9
            ]
        ],
        "mis_size": 5
    },
    "edges": [
        [
            0,
            1
        ],
        [
            1,
            2
        ],
        [
            2,
            3
        ],
        [
            3,
            4
        ],
        [
            4,
            5
        ],
        [
            6,
            7
        ],
        [
            6,
            5
        ],
        [
            7,
            8
        ],
        [
            8,
            9
        ]
    ]
}
