{
    "qubits": {
        "0": [
            0.0,
            -31.5
        ],
        "1": [
            0.0,
            -24.5
        ],
        "2": [
            0.0,
            -17.5
        ],
        "3": [
            0.0,
            -10.5
        ],
        "4": [
            0.0,
            -3.5
        ],
        "5": [
            0.0,
            3.5
        ],
        "6": [
            0.0,
            10.5
        ],
        "7": [
            0.0,
            17.5
        ],
        "8": [
            0.0,
            24.5
        ],
        "9": [
            0.0,
            31.5
        ]
    },
    "metadata": {
        "score": {
            "total": 4.328056111627907,
            "gini_score": 0.8957069767441861,
            "sum_score": 4.832,
            "total_normalized": 0.8656112223255814,
            "sum_normalized": 0.9663999999999999
        },
        "params": {
            "rise_time": 1067.2867431640625,
            "fall_time": 2806.02392578125,
            "omega": 9.457712173461914,
            "init_detuning": 4.699583530426025,
            "final_detuning": 4.8700995445251465
        },
        "mis": [
            [
                0,
                2,
                4,
                6,
                8
            ],
            [
                0,
                2,
                4,
                6,
                9
            ],
            [
                0,
                2,
                4,
                7,
                9
            ],
            [
                0,
                2,
                5,
                7,
                9
            ],
            [
                0,
                3,
                5,
                7,
                9
            ],
            [
                1,
                3,
                5,
                7,
                9
            ]
        ],
        "mis_size": 5
    },
    "edges": [
        [
            0,
            1
        ],
        [
            1,
            2
        ],
        [
            2,
            3
        ],
        [
            3,
            4
        ],
        [
            4,
            5
        ],
        [
            6,
            7
        ],
        [
            6,
            5
        ],
        [
            7,
            8
        ],
        [
            8,
            9
        ]
    ]
}
