{
    "qubits": {
        "0": [
            -4.5,
            -18.0
        ],
        "1": [
            4.5,
            -18.0
        ],
        "2": [
            -4.5,
            -9.0
        ],
        "3": [
            4.5,
            -9.0
        ],
        "4": [
            -4.5,
            0.0
        ],
        "5": [
            4.5,
            0.0
        ],
        "6": [
            -4.5,
            9.0
        ],
        "7": [
            4.5,
            9.0
        ],
        "8": [
            -4.5,
            18.0
        ],
        "9": [
            4.5,
            18.0
        ]
    },
    "metadata": {
        "score": {
            "total": 0.051095328,
            "gini_score": 0.8544369230769231,
            "sum_score": 0.0598,
            "total_normalized": 0.017031776000000002,
            "sum_normalized": 0.019933333333333334
        },
        "params": {
            "rise_time": 1023.0692138671875,
            "fall_time": 2655.08203125,
            "omega": 8.875645637512207,
            "init_detuning": 4.692573547363281,
            "final_detuning": 4.826524257659912
        },
        "mis": [
            [
                0,
                8,
                4
            ],
            [
                0,
                9,
                4
            ],
            [
                0,
                8,
                5
            ],
            [
                0,
                9,
                5
            ],
            [
                8,
                1,
                4
            ],
            [
                1,
                4,
                9
            ],
            [
                8,
                1,
                5
            ],
            [
                1,
                5,
                9
            ]
        ],
        "mis_size": 3
    },
    "edges": [
        [
            3,
            4
        ],
        [
            3,
            1
        ],
        [
            3,
            5
        ],
        [
            3,
            0
        ],
        [
            3,
            2
        ],
        [
            4,
            6
        ],
        [
            4,
            5
        ],
        [
            4,
            2
        ],
        [
            4,
            7
        ],
        [
            6,
            8
        ],
        [
            6,
            5
        ],
        [
            6,
            7
        ],
        [
            6,
            9
        ],
        [
            5,
            7
        ],
        [
            5,
            2
        ],
        [
            7,
            9
        ],
        [
            7,
            8
        ],
        [
            0,
            2
        ],
        [
            0,
            1
        ],
        [
            2,
            1
        ],
        [
            8,
            9
        ]
    ]
}
