{
    "qubits": {
        "0": [
            1.8181818181818183,
            -34.64101615137754
        ],
        "1": [
            -2.1818181818181817,
            -27.712812921102035
        ],
        "2": [
            1.8181818181818183,
            -20.784609690826528
        ],
        "3": [
            -2.1818181818181817,
            -13.856406460551018
        ],
        "4": [
            1.8181818181818183,
            -6.92820323027551
        ],
        "5": [
            -2.1818181818181817,
            -6.459479416000911e-16
        ],
        "6": [
            1.8181818181818183,
            6.928203230275508
        ],
        "7": [
            -2.1818181818181817,
            13.856406460551018
        ],
        "8": [
            1.8181818181818183,
            20.784609690826528
        ],
        "9": [
            -2.1818181818181817,
            27.712812921102035
        ],
        "10": [
            1.8181818181818183,
            34.64101615137754
        ]
    },
    "metadata": {
        "score": {
            "total": 4.493462652222222,
            "gini_score": 0.8762944444444445,
            "sum_score": 5.1278,
            "total_normalized": 0.748910442037037,
            "sum_normalized": 0.8546333333333332
        },
        "params": {
            "rise_time": 1092.5223388671875,
            "fall_time": 2738.376953125,
            "omega": 9.953594207763672,
            "init_detuning": 4.352351665496826,
            "final_detuning": 4.563741683959961
        },
        "mis": [
            [
                0,
                2,
                4,
                6,
                8,
                10
            ]
        ],
        "mis_size": 6
    },
    "edges": [
        [
            0,
            1
        ],
        [
            1,
            2
        ],
        [
            9,
            10
        ],
        [
            9,
            8
        ],
        [
            2,
            3
        ],
        [
            3,
            4
        ],
        [
            4,
            5
        ],
        [
            6,
            7
        ],
        [
            6,
            5
        ],
        [
            7,
            8
        ]
    ]
}
