{
    "qubits": {
        "0": [
            2.5,
            -47.63139720814412
        ],
        "1": [
            -3.0,
            -38.1051177665153
        ],
        "2": [
            2.5,
            -28.57883832488648
        ],
        "3": [
            -3.0,
            -19.052558883257653
        ],
        "4": [
            2.5,
            -9.526279441628827
        ],
        "5": [
            -3.0,
            -1.937843824800273e-15
        ],
        "6": [
            2.5,
            9.526279441628823
        ],
        "7": [
            -3.0,
            19.052558883257646
        ],
        "8": [
            2.5,
            28.578838324886473
        ],
        "9": [
            -3.0,
            38.1051177665153
        ],
        "10": [
            2.5,
            47.63139720814412
        ]
    },
    "metadata": {
        "score": {
            "total": 0.13611887541108986,
            "gini_score": 0.5738569789674952,
            "sum_score": 0.2372,
            "total_normalized": 0.022686479235181644,
            "sum_normalized": 0.03953333333333333
        },
        "params": {
            "rise_time": 1133.38818359375,
            "fall_time": 2823.57568359375,
            "omega": 4.590371608734131,
            "init_detuning": 3.577320098876953,
            "final_detuning": 3.7561147212982178
        },
        "mis": [
            [
                0,
                2,
                4,
                6,
                8,
                10
            ]
        ],
        "mis_size": 6
    },
    "edges": [
        [
            0,
            1
        ],
        [
            1,
            2
        ],
        [
            9,
            10
        ],
        [
            9,
            8
        ],
        [
            2,
            3
        ],
        [
            3,
            4
        ],
        [
            4,
            5
        ],
        [
            6,
            7
        ],
        [
            6,
            5
        ],
        [
            7,
            8
        ]
    ]
}
