{
    "qubits": {
        "0": [
            1.3636363636363635,
            -25.980762113533157
        ],
        "1": [
            -1.6363636363636365,
            -20.784609690826528
        ],
        "2": [
            1.3636363636363635,
            -15.588457268119896
        ],
        "3": [
            -1.6363636363636365,
            -10.392304845413264
        ],
        "4": [
            1.3636363636363635,
            -5.196152422706632
        ],
        "5": [
            -1.6363636363636365,
            3.2297397080004555e-16
        ],
        "6": [
            1.3636363636363635,
            5.196152422706632
        ],
        "7": [
            -1.6363636363636365,
            10.392304845413264
        ],
        "8": [
            1.3636363636363635,
            15.588457268119896
        ],
        "9": [
            -1.6363636363636365,
            20.784609690826528
        ],
        "10": [
            1.3636363636363635,
            25.980762113533157
        ]
    },
    "metadata": {
        "score": {
            "total": 1.038260787142857,
            "gini_score": 0.6997309523809524,
            "sum_score": 1.4838,
            "total_normalized": 0.25956519678571427,
            "sum_normalized": 0.37095
        },
        "params": {
            "rise_time": 970.5985107421875,
            "fall_time": 2243.18310546875,
            "omega": 9.209229469299316,
            "init_detuning": 5.058048725128174,
            "final_detuning": 6.166947841644287
        },
        "mis": [
            [
                0,
                9,
                3,
                6
            ],
            [
                0,
                10,
                3,
                6
            ],
            [
                0,
                10,
                3,
                7
            ],
            [
                0,
                10,
                4,
                7
            ],
            [
                1,
                10,
                4,
                7
            ]
        ],
        "mis_size": 4
    },
    "edges": [
        [
            3,
            4
        ],
        [
            3,
            1
        ],
        [
            3,
            5
        ],
        [
            3,
            2
        ],
        [
            4,
            6
        ],
        [
            4,
            5
        ],
        [
            4,
            2
        ],
        [
            6,
            8
        ],
        [
            6,
            5
        ],
        [
            6,
            7
        ],
        [
            5,
            7
        ],
        [
            7,
            9
        ],
        [
            7,
            8
        ],
        [
            0,
            2
        ],
        [
            0,
            1
        ],
        [
            2,
            1
        ],
        [
            8,
            9
        ],
        [
            8,
            10
        ],
        [
            9,
            10
        ]
    ]
}
