{
    "qubits": {
        "0": [
            0.0,
            -6.0
        ],
        "1": [
            0.0,
            0.0
        ],
        "2": [
            0.0,
            6.0
        ]
    },
    "metadata": {
        "score": {
            "total": 0.148612,
            "gini_score": 0.5608,
            "sum_score": 0.265,
            "total_normalized": 0.148612,
            "sum_normalized": 0.265
        },
        "params": {
            "rise_time": 958.5783081054688,
            "fall_time": 2551.7080078125,
            "omega": 8.346757888793945,
            "init_detuning": 4.260504245758057,
            "final_detuning": 4.43730354309082
        },
        "mis": [
            [
                0
            ],
            [
                1
            ],
            [
                2
            ]
        ],
        "mis_size": 1
    },
    "edges": [
        [
            0,
            1
        ],
        [
            0,
            2
        ],
        [
            1,
            2
        ]
    ]
}
