{
    "qubits": {
        "0": [
            0.0,
            -8.0
        ],
        "1": [
            0.0,
            0.0
        ],
        "2": [
            0.0,
            8.0
        ]
    },
    "metadata": {
        "score": {
            "total": 1.0836390285714286,
            "gini_score": 0.6977714285714286,
            "sum_score": 1.553,
            "total_normalized": 0.5418195142857143,
            "sum_normalized": 0.7765
        },
        "params": {
            "rise_time": 1113.504150390625,
            "fall_time": 2613.56689453125,
            "omega": 8.335307121276855,
            "init_detuning": 3.591600179672241,
            "final_detuning": 3.8844339847564697
        },
        "mis": [
            [
                0,
                2
            ]
        ],
        "mis_size": 2
    },
    "edges": [
        [
            0,
            1
        ],
        [
            1,
            2
        ]
    ]
}
