{
    "qubits": {
        "0": [
            0.0,
            -7.0
        ],
        "1": [
            0.0,
            0.0
        ],
        "2": [
            0.0,
            7.0
        ]
    },
    "metadata": {
        "score": {
            "total": 0.46070030400000006,
            "gini_score": 0.33672,
            "sum_score": 1.3682,
            "total_normalized": 0.23035015200000003,
            "sum_normalized": 0.6841
        },
        "params": {
            "rise_time": 1195.9786376953125,
            "fall_time": 2533.411376953125,
            "omega": 6.455239295959473,
            "init_detuning": 3.845508337020874,
            "final_detuning": 4.126626968383789
        },
        "mis": [
            [
                0,
                2
            ]
        ],
        "mis_size": 2
    },
    "edges": [
        [
            0,
            1
        ],
        [
            1,
            2
        ]
    ]
}
