{
    "qubits": {
        "0": [
            0.0,
            -10.0
        ],
        "1": [
            0.0,
            0.0
        ],
        "2": [
            0.0,
            10.0
        ]
    },
    "metadata": {
        "score": {
            "total": 0.53535132,
            "gini_score": 0.4578,
            "sum_score": 1.1694,
            "total_normalized": 0.26767566,
            "sum_normalized": 0.5847
        },
        "params": {
            "rise_time": 919.1644897460938,
            "fall_time": 2652.64697265625,
            "omega": 7.124393463134766,
            "init_detuning": 3.031559705734253,
            "final_detuning": 3.4906983375549316
        },
        "mis": [
            [
                0,
                2
            ]
        ],
        "mis_size": 2
    },
    "edges": [
        [
            0,
            1
        ],
        [
            1,
            2
        ]
    ]
}
