{
    "qubits": {
        "0": [
            0.0,
            -11.0
        ],
        "1": [
            0.0,
            0.0
        ],
        "2": [
            0.0,
            11.0
        ]
    },
    "metadata": {
        "score": {
            "total": 0.7519332599999999,
            "gini_score": 0.6063,
            "sum_score": 1.2402,
            "total_normalized": 0.37596662999999997,
            "sum_normalized": 0.6201
        },
        "params": {
            "rise_time": 787.8341674804688,
            "fall_time": 2388.8232421875,
            "omega": 7.657414436340332,
            "init_detuning": 2.6962828636169434,
            "final_detuning": 3.4040253162384033
        },
        "mis": [
            [
                0,
                2
            ]
        ],
        "mis_size": 2
    },
    "edges": [
        [
            0,
            1
        ],
        [
            1,
            2
        ]
    ]
}
