{
    "qubits": {
        "0": [
            0.0,
            -9.0
        ],
        "1": [
            0.0,
            0.0
        ],
        "2": [
            0.0,
            9.0
        ]
    },
    "metadata": {
        "score": {
            "total": 0.8296407,
            "gini_score": 0.57855,
            "sum_score": 1.434,
            "total_normalized": 0.41482035,
            "sum_normalized": 0.717
        },
        "params": {
            "rise_time": 1057.9454345703125,
            "fall_time": 2716.26025390625,
            "omega": 7.187223434448242,
            "init_detuning": 3.4055464267730713,
            "final_detuning": 3.6619386672973633
        },
        "mis": [
            [
                0,
                2
            ]
        ],
        "mis_size": 2
    },
    "edges": [
        [
            0,
            1
        ],
        [
            1,
            2
        ]
    ]
}
