{
    "qubits": {
        "0": [
            0.0,
            0
        ],
        "1": [
            0.0,
            7
        ],
        "2": [
            6.06217782649107,
            7
        ]
    },
    "metadata": {
        "score": {
            "total": 0.30112368,
            "gini_score": 0.33383999999999997,
            "sum_score": 0.902,
            "total_normalized": 0.30112368,
            "sum_normalized": 0.902
        },
        "params": {
            "rise_time": 937.4295654296875,
            "fall_time": 2558.031005859375,
            "omega": 8.495685577392578,
            "init_detuning": 4.173699378967285,
            "final_detuning": 4.3994460105896
        },
        "mis": [
            [
                0
            ],
            [
                1
            ],
            [
                2
            ]
        ],
        "mis_size": 1
    },
    "edges": [
        [
            0,
            1
        ],
        [
            0,
            2
        ],
        [
            1,
            2
        ]
    ]
}
