{
    "qubits": {
        "0": [
            0.0,
            0
        ],
        "1": [
            0.0,
            9
        ],
        "2": [
            7.794228634059947,
            9
        ]
    },
    "metadata": {
        "score": {
            "total": 0.1325896,
            "gini_score": 0.494,
            "sum_score": 0.2684,
            "total_normalized": 0.1325896,
            "sum_normalized": 0.2684
        },
        "params": {
            "rise_time": 1133.348876953125,
            "fall_time": 2761.47802734375,
            "omega": 4.767269134521484,
            "init_detuning": 3.615036964416504,
            "final_detuning": 3.8214995861053467
        },
        "mis": [
            [
                0
            ],
            [
                1
            ],
            [
                2
            ]
        ],
        "mis_size": 1
    },
    "edges": [
        [
            0,
            1
        ],
        [
            0,
            2
        ],
        [
            1,
            2
        ]
    ]
}
