{
    "qubits": {
        "0": [
            0.0,
            0
        ],
        "1": [
            0.0,
            11
        ],
        "2": [
            9.526279441628825,
            11
        ]
    },
    "metadata": {
        "score": {
            "total": 1.21938992,
            "gini_score": 0.7336,
            "sum_score": 1.6622,
            "total_normalized": 0.60969496,
            "sum_normalized": 0.8311
        },
        "params": {
            "rise_time": 979.0669555664062,
            "fall_time": 2728.657958984375,
            "omega": 4.847033500671387,
            "init_detuning": 3.1972758769989014,
            "final_detuning": 3.5335910320281982
        },
        "mis": [
            [
                0,
                2
            ]
        ],
        "mis_size": 2
    },
    "edges": [
        [
            0,
            1
        ],
        [
            1,
            2
        ]
    ]
}
