{
    "qubits": {
        "0": [
            0.0,
            0
        ],
        "1": [
            0.0,
            8
        ],
        "2": [
            6.928203230275509,
            8
        ]
    },
    "metadata": {
        "score": {
            "total": 0.15589619999999998,
            "gini_score": 0.33699999999999997,
            "sum_score": 0.4626,
            "total_normalized": 0.15589619999999998,
            "sum_normalized": 0.4626
        },
        "params": {
            "rise_time": 1111.252685546875,
            "fall_time": 2725.08837890625,
            "omega": 6.807342529296875,
            "init_detuning": 3.8423590660095215,
            "final_detuning": 4.0887861251831055
        },
        "mis": [
            [
                0
            ],
            [
                1
            ],
            [
                2
            ]
        ],
        "mis_size": 1
    },
    "edges": [
        [
            0,
            1
        ],
        [
            0,
            2
        ],
        [
            1,
            2
        ]
    ]
}
