{
    "qubits": {
        "q0": [
            -5.89,
            -6.66
        ],
        "q1": [
            1.44,
            -1.82
        ],
        "q2": [
            -1.91,
            0.82
        ],
        "q3": [
            5.35,
            5.63
        ]
    },
    "metadata": {
        "score": {
            "total": 1.4160552800000001,
            "gini_score": 0.8114,
            "sum_score": 1.7452,
            "total_normalized": 0.7080276400000001,
            "sum_normalized": 0.8726
        },
        "params": {
            "rise_time": 1531.7862548828125,
            "fall_time": 2869.28662109375,
            "omega": 9.101611137390137,
            "init_detuning": 4.8379387855529785,
            "final_detuning": 4.044882297515869
        },
        "mis": [
            [
                0,
                3
            ]
        ],
        "mis_size": 2
    },
    "edges": [
        [
            0,
            1
        ],
        [
            0,
            2
        ],
        [
            1,
            2
        ],
        [
            1,
            3
        ],
        [
            2,
            3
        ]
    ]
}
