{
    "qubits": {
        "0": [
            -6.0,
            -3.4641016151377544
        ],
        "1": [
            2.0,
            -3.4641016151377544
        ],
        "2": [
            -2.0,
            3.4641016151377544
        ],
        "3": [
            6.0,
            3.4641016151377544
        ]
    },
    "metadata": {
        "score": {
            "total": 1.430269056,
            "gini_score": 0.80208,
            "sum_score": 1.7832,
            "total_normalized": 0.715134528,
            "sum_normalized": 0.8916
        },
        "params": {
            "rise_time": 950.8895874023438,
            "fall_time": 2496.6201171875,
            "omega": 8.789711952209473,
            "init_detuning": 4.258207321166992,
            "final_detuning": 4.477654933929443
        },
        "mis": [
            [
                0,
                3
            ]
        ],
        "mis_size": 2
    },
    "edges": [
        [
            0,
            1
        ],
        [
            0,
            2
        ],
        [
            1,
            2
        ],
        [
            1,
            3
        ],
        [
            2,
            3
        ]
    ]
}
