{
    "qubits": {
        "0": [
            -4.5,
            -2.598076211353316
        ],
        "1": [
            1.5,
            -2.598076211353316
        ],
        "2": [
            -1.5,
            2.598076211353316
        ],
        "3": [
            4.5,
            2.598076211353316
        ]
    },
    "metadata": {
        "score": {
            "total": 0.20646191999999997,
            "gini_score": 0.36119999999999997,
            "sum_score": 0.5716,
            "total_normalized": 0.20646191999999997,
            "sum_normalized": 0.5716
        },
        "params": {
            "rise_time": 1048.097900390625,
            "fall_time": 2427.796875,
            "omega": 11.432948112487793,
            "init_detuning": 5.193410396575928,
            "final_detuning": 3.6587183475494385
        },
        "mis": [
            [
                0
            ],
            [
                1
            ],
            [
                2
            ],
            [
                3
            ]
        ],
        "mis_size": 1
    },
    "edges": [
        [
            0,
            1
        ],
        [
            0,
            3
        ],
        [
            0,
            2
        ],
        [
            1,
            2
        ],
        [
            1,
            3
        ],
        [
            2,
            3
        ]
    ]
}
