{
    "qubits": {
        "0": [
            1.5,
            -7.794228634059948
        ],
        "1": [
            -1.5,
            -2.598076211353316
        ],
        "2": [
            1.5,
            2.598076211353316
        ],
        "3": [
            -1.5,
            7.794228634059948
        ]
    },
    "metadata": {
        "score": {
            "total": 0.99375408,
            "gini_score": 0.65655,
            "sum_score": 1.5136,
            "total_normalized": 0.49687704,
            "sum_normalized": 0.7568
        },
        "params": {
            "rise_time": 1029.409912109375,
            "fall_time": 2626.76318359375,
            "omega": 8.033161163330078,
            "init_detuning": 4.796940326690674,
            "final_detuning": 4.750224590301514
        },
        "mis": [
            [
                0,
                3
            ]
        ],
        "mis_size": 2
    },
    "edges": [
        [
            0,
            1
        ],
        [
            0,
            2
        ],
        [
            1,
            2
        ],
        [
            1,
            3
        ],
        [
            2,
            3
        ]
    ]
}
