{
    "qubits": {
        "0": [
            -5.25,
            -3.031088913245535
        ],
        "1": [
            1.75,
            -3.031088913245535
        ],
        "2": [
            -1.75,
            3.031088913245535
        ],
        "3": [
            5.25,
            3.031088913245535
        ]
    },
    "metadata": {
        "score": {
            "total": 0.18536159999999996,
            "gini_score": 0.5519999999999999,
            "sum_score": 0.3358,
            "total_normalized": 0.18536159999999996,
            "sum_normalized": 0.3358
        },
        "params": {
            "rise_time": 1051.78564453125,
            "fall_time": 2696.17919921875,
            "omega": 10.853681564331055,
            "init_detuning": 4.841240882873535,
            "final_detuning": 4.958733081817627
        },
        "mis": [
            [
                0
            ],
            [
                1
            ],
            [
                2
            ],
            [
                3
            ]
        ],
        "mis_size": 1
    },
    "edges": [
        [
            0,
            1
        ],
        [
            0,
            3
        ],
        [
            0,
            2
        ],
        [
            1,
            2
        ],
        [
            1,
            3
        ],
        [
            2,
            3
        ]
    ]
}
