{
    "qubits": {
        "0": [
            -8.25,
            -4.763139720814412
        ],
        "1": [
            2.75,
            -4.763139720814412
        ],
        "2": [
            -2.75,
            4.763139720814412
        ],
        "3": [
            8.25,
            4.763139720814412
        ]
    },
    "metadata": {
        "score": {
            "total": 0.56265231,
            "gini_score": 0.57215,
            "sum_score": 0.9834,
            "total_normalized": 0.281326155,
            "sum_normalized": 0.4917
        },
        "params": {
            "rise_time": 1173.2451171875,
            "fall_time": 2821.377685546875,
            "omega": 3.234166383743286,
            "init_detuning": 3.5473413467407227,
            "final_detuning": 3.728929281234741
        },
        "mis": [
            [
                0,
                3
            ]
        ],
        "mis_size": 2
    },
    "edges": [
        [
            0,
            1
        ],
        [
            0,
            2
        ],
        [
            1,
            2
        ],
        [
            1,
            3
        ],
        [
            2,
            3
        ]
    ]
}
