{
    "qubits": {
        "0": [
            0.0,
            -10.5
        ],
        "1": [
            0.0,
            -3.5
        ],
        "2": [
            0.0,
            3.5
        ],
        "3": [
            0.0,
            10.5
        ]
    },
    "metadata": {
        "score": {
            "total": 1.0246404900000001,
            "gini_score": 0.54105,
            "sum_score": 1.8938,
            "total_normalized": 0.5123202450000001,
            "sum_normalized": 0.9469
        },
        "params": {
            "rise_time": 1224.15771484375,
            "fall_time": 2809.552978515625,
            "omega": 7.843583106994629,
            "init_detuning": 4.066463470458984,
            "final_detuning": 4.343940258026123
        },
        "mis": [
            [
                0,
                2
            ],
            [
                0,
                3
            ],
            [
                1,
                3
            ]
        ],
        "mis_size": 2
    },
    "edges": [
        [
            0,
            1
        ],
        [
            1,
            2
        ],
        [
            2,
            3
        ]
    ]
}
