{
    "qubits": {
        "0": [
            0.0,
            -15.0
        ],
        "1": [
            0.0,
            -5.0
        ],
        "2": [
            0.0,
            5.0
        ],
        "3": [
            0.0,
            15.0
        ]
    },
    "metadata": {
        "score": {
            "total": 0.6024624500000001,
            "gini_score": 0.48925,
            "sum_score": 1.2314,
            "total_normalized": 0.30123122500000005,
            "sum_normalized": 0.6157
        },
        "params": {
            "rise_time": 1060.204345703125,
            "fall_time": 2701.255859375,
            "omega": 5.968021392822266,
            "init_detuning": 3.303663969039917,
            "final_detuning": 3.5876171588897705
        },
        "mis": [
            [
                0,
                2
            ],
            [
                0,
                3
            ],
            [
                1,
                3
            ]
        ],
        "mis_size": 2
    },
    "edges": [
        [
            0,
            1
        ],
        [
            1,
            2
        ],
        [
            2,
            3
        ]
    ]
}
