{
    "qubits": {
        "0": [
            0.0,
            -12.0
        ],
        "1": [
            0.0,
            -4.0
        ],
        "2": [
            0.0,
            4.0
        ],
        "3": [
            0.0,
            12.0
        ]
    },
    "metadata": {
        "score": {
            "total": 1.0630024553846151,
            "gini_score": 0.6335692307692307,
            "sum_score": 1.6778,
            "total_normalized": 0.5315012276923076,
            "sum_normalized": 0.8389
        },
        "params": {
            "rise_time": 1176.2734375,
            "fall_time": 2694.5673828125,
            "omega": 10.624402046203613,
            "init_detuning": 3.7618753910064697,
            "final_detuning": 4.07206916809082
        },
        "mis": [
            [
                0,
                2
            ],
            [
                0,
                3
            ],
            [
                1,
                3
            ]
        ],
        "mis_size": 2
    },
    "edges": [
        [
            0,
            1
        ],
        [
            1,
            2
        ],
        [
            2,
            3
        ]
    ]
}
