{
    "qubits": {
        "0": [
            -5.5,
            -5.5
        ],
        "1": [
            5.5,
            -5.5
        ],
        "2": [
            -5.5,
            5.5
        ],
        "3": [
            5.5,
            5.5
        ]
    },
    "metadata": {
        "score": {
            "total": 0.08842684,
            "gini_score": 0.620975,
            "sum_score": 0.1424,
            "total_normalized": 0.04421342,
            "sum_normalized": 0.0712
        },
        "params": {
            "rise_time": 1172.638671875,
            "fall_time": 2793.513427734375,
            "omega": 1.227208137512207,
            "init_detuning": 3.497309923171997,
            "final_detuning": 3.6531765460968018
        },
        "mis": [
            [
                0,
                3
            ],
            [
                1,
                2
            ]
        ],
        "mis_size": 2
    },
    "edges": [
        [
            0,
            1
        ],
        [
            0,
            2
        ],
        [
            1,
            3
        ],
        [
            2,
            3
        ]
    ]
}
