{
    "qubits": {
        "0": [
            0.0,
            -13.5
        ],
        "1": [
            0.0,
            -4.5
        ],
        "2": [
            0.0,
            4.5
        ],
        "3": [
            0.0,
            13.5
        ]
    },
    "metadata": {
        "score": {
            "total": 1.1724933907692308,
            "gini_score": 0.734276923076923,
            "sum_score": 1.5968,
            "total_normalized": 0.5862466953846154,
            "sum_normalized": 0.7984
        },
        "params": {
            "rise_time": 1124.8524169921875,
            "fall_time": 2759.3544921875,
            "omega": 8.491843223571777,
            "init_detuning": 3.5489680767059326,
            "final_detuning": 3.8189730644226074
        },
        "mis": [
            [
                0,
                2
            ],
            [
                0,
                3
            ],
            [
                1,
                3
            ]
        ],
        "mis_size": 2
    },
    "edges": [
        [
            0,
            1
        ],
        [
            1,
            2
        ],
        [
            2,
            3
        ]
    ]
}
