{
    "qubits": {
        "0": [
            0.0,
            -16.5
        ],
        "1": [
            0.0,
            -5.5
        ],
        "2": [
            0.0,
            5.5
        ],
        "3": [
            0.0,
            16.5
        ]
    },
    "metadata": {
        "score": {
            "total": 0.17375784,
            "gini_score": 0.72885,
            "sum_score": 0.2384,
            "total_normalized": 0.08687892,
            "sum_normalized": 0.1192
        },
        "params": {
            "rise_time": 923.6997680664062,
            "fall_time": 2638.073974609375,
            "omega": 5.509883880615234,
            "init_detuning": 3.0145769119262695,
            "final_detuning": 3.4905145168304443
        },
        "mis": [
            [
                0,
                2
            ],
            [
                0,
                3
            ],
            [
                1,
                3
            ]
        ],
        "mis_size": 2
    },
    "edges": [
        [
            0,
            1
        ],
        [
            1,
            2
        ],
        [
            2,
            3
        ]
    ]
}
