{
    "qubits": {
        "0": [
            -5.0,
            -5.0
        ],
        "1": [
            5.0,
            -5.0
        ],
        "2": [
            -5.0,
            5.0
        ],
        "3": [
            5.0,
            5.0
        ]
    },
    "metadata": {
        "score": {
            "total": 0.561626288,
            "gini_score": 0.47442666666666666,
            "sum_score": 1.1838,
            "total_normalized": 0.280813144,
            "sum_normalized": 0.5919
        },
        "params": {
            "rise_time": 1141.343505859375,
            "fall_time": 2845.9794921875,
            "omega": 3.8100976943969727,
            "init_detuning": 3.6604650020599365,
            "final_detuning": 3.771367311477661
        },
        "mis": [
            [
                0,
                3
            ],
            [
                1,
                2
            ]
        ],
        "mis_size": 2
    },
    "edges": [
        [
            0,
            1
        ],
        [
            0,
            2
        ],
        [
            1,
            3
        ],
        [
            2,
            3
        ]
    ]
}
