{
    "qubits": {
        "0": [
            -3.0,
            -3.0
        ],
        "1": [
            3.0,
            -3.0
        ],
        "2": [
            -3.0,
            3.0
        ],
        "3": [
            3.0,
            3.0
        ]
    },
    "metadata": {
        "score": {
            "total": 0.4192507428571428,
            "gini_score": 0.4243428571428571,
            "sum_score": 0.988,
            "total_normalized": 0.4192507428571428,
            "sum_normalized": 0.988
        },
        "params": {
            "rise_time": 1086.9931640625,
            "fall_time": 2603.6513671875,
            "omega": 12.2389554977417,
            "init_detuning": 5.5648579597473145,
            "final_detuning": 4.051023483276367
        },
        "mis": [
            [
                0
            ],
            [
                1
            ],
            [
                2
            ],
            [
                3
            ]
        ],
        "mis_size": 1
    },
    "edges": [
        [
            0,
            1
        ],
        [
            0,
            3
        ],
        [
            0,
            2
        ],
        [
            1,
            2
        ],
        [
            1,
            3
        ],
        [
            2,
            3
        ]
    ]
}
