{
    "qubits": {
        "0": [
            -3.5,
            -3.5
        ],
        "1": [
            3.5,
            -3.5
        ],
        "2": [
            -3.5,
            3.5
        ],
        "3": [
            3.5,
            3.5
        ]
    },
    "metadata": {
        "score": {
            "total": 0.39363570000000003,
            "gini_score": 0.4365,
            "sum_score": 0.9018,
            "total_normalized": 0.39363570000000003,
            "sum_normalized": 0.9018
        },
        "params": {
            "rise_time": 1031.65234375,
            "fall_time": 2705.178466796875,
            "omega": 12.72952938079834,
            "init_detuning": 4.6613922119140625,
            "final_detuning": 4.835082054138184
        },
        "mis": [
            [
                0
            ],
            [
                1
            ],
            [
                2
            ],
            [
                3
            ]
        ],
        "mis_size": 1
    },
    "edges": [
        [
            0,
            1
        ],
        [
            0,
            3
        ],
        [
            0,
            2
        ],
        [
            1,
            2
        ],
        [
            1,
            3
        ],
        [
            2,
            3
        ]
    ]
}
