{
    "qubits": {
        "0": [
            0.0,
            -9.0
        ],
        "1": [
            0.0,
            -3.0
        ],
        "2": [
            0.0,
            3.0
        ],
        "3": [
            0.0,
            9.0
        ]
    },
    "metadata": {
        "score": {
            "total": 0.45878928,
            "gini_score": 0.5732,
            "sum_score": 0.8004,
            "total_normalized": 0.22939464,
            "sum_normalized": 0.4002
        },
        "params": {
            "rise_time": 1012.8894653320312,
            "fall_time": 2598.71435546875,
            "omega": 7.769656181335449,
            "init_detuning": 4.651033878326416,
            "final_detuning": 4.704742908477783
        },
        "mis": [
            [
                0,
                3
            ]
        ],
        "mis_size": 2
    },
    "edges": [
        [
            0,
            1
        ],
        [
            0,
            2
        ],
        [
            1,
            2
        ],
        [
            1,
            3
        ],
        [
            2,
            3
        ]
    ]
}
