{
    "qubits": {
        "q0": [
            -2.0,
            -2.0
        ],
        "q1": [
            2.0,
            -2.0
        ],
        "q2": [
            -2.0,
            2.0
        ],
        "q3": [
            2.0,
            2.0
        ]
    },
    "metadata": {
        "score": {
            "total": 0,
            "gini_score": 0.27224,
            "sum_score": 0,
            "total_normalized": 0.0,
            "sum_normalized": 0.0
        },
        "params": {
            "rise_time": 864.5673828125,
            "fall_time": 3006.17236328125,
            "omega": 4.3103837966918945,
            "init_detuning": 2.7242813110351562,
            "final_detuning": 1.8141944408416748
        },
        "mis": [
            [
                0
            ],
            [
                1
            ],
            [
                2
            ],
            [
                3
            ]
        ],
        "mis_size": 1
    },
    "edges": [
        [
            0,
            1
        ],
        [
            0,
            3
        ],
        [
            0,
            2
        ],
        [
            1,
            2
        ],
        [
            1,
            3
        ],
        [
            2,
            3
        ]
    ]
}
