{
    "qubits": {
        "0": [
            0.0,
            -20.0
        ],
        "1": [
            0.0,
            -10.0
        ],
        "2": [
            0.0,
            0.0
        ],
        "3": [
            0.0,
            10.0
        ],
        "4": [
            0.0,
            20.0
        ]
    },
    "metadata": {
        "score": {
            "total": 0.7625805238709679,
            "gini_score": 0.5700258064516129,
            "sum_score": 1.3378,
            "total_normalized": 0.2541935079569893,
            "sum_normalized": 0.44593333333333335
        },
        "params": {
            "rise_time": 1126.1873779296875,
            "fall_time": 2768.564208984375,
            "omega": 5.39437198638916,
            "init_detuning": 3.442711114883423,
            "final_detuning": 3.6636247634887695
        },
        "mis": [
            [
                0,
                2,
                4
            ]
        ],
        "mis_size": 3
    },
    "edges": [
        [
            0,
            1
        ],
        [
            1,
            2
        ],
        [
            2,
            3
        ],
        [
            3,
            4
        ]
    ]
}
