{
    "qubits": {
        "0": [
            0.0,
            -18.0
        ],
        "1": [
            0.0,
            -9.0
        ],
        "2": [
            0.0,
            0.0
        ],
        "3": [
            0.0,
            9.0
        ],
        "4": [
            0.0,
            18.0
        ]
    },
    "metadata": {
        "score": {
            "total": 2.1138641216000003,
            "gini_score": 0.8533280000000001,
            "sum_score": 2.4772,
            "total_normalized": 0.7046213738666668,
            "sum_normalized": 0.8257333333333333
        },
        "params": {
            "rise_time": 1083.947509765625,
            "fall_time": 2757.35791015625,
            "omega": 9.329649925231934,
            "init_detuning": 3.6440744400024414,
            "final_detuning": 3.9229047298431396
        },
        "mis": [
            [
                0,
                2,
                4
            ]
        ],
        "mis_size": 3
    },
    "edges": [
        [
            0,
            1
        ],
        [
            1,
            2
        ],
        [
            2,
            3
        ],
        [
            3,
            4
        ]
    ]
}
