{
    "qubits": {
        "0": [
            0.0,
            -12.0
        ],
        "1": [
            0.0,
            -6.0
        ],
        "2": [
            0.0,
            0.0
        ],
        "3": [
            0.0,
            6.0
        ],
        "4": [
            0.0,
            12.0
        ]
    },
    "metadata": {
        "score": {
            "total": 0.7059031384615385,
            "gini_score": 0.6636923076923077,
            "sum_score": 1.0636,
            "total_normalized": 0.35295156923076926,
            "sum_normalized": 0.5318
        },
        "params": {
            "rise_time": 1039.4052734375,
            "fall_time": 2608.917724609375,
            "omega": 7.862393379211426,
            "init_detuning": 4.983866214752197,
            "final_detuning": 4.729278087615967
        },
        "mis": [
            [
                0,
                3
            ],
            [
                0,
                4
            ],
            [
                1,
                4
            ]
        ],
        "mis_size": 2
    },
    "edges": [
        [
            0,
            1
        ],
        [
            0,
            2
        ],
        [
            1,
            2
        ],
        [
            1,
            3
        ],
        [
            2,
            4
        ],
        [
            2,
            3
        ],
        [
            4,
            3
        ]
    ]
}
