{
    "qubits": {
        "0": [
            0.0,
            -22.0
        ],
        "1": [
            0.0,
            -11.0
        ],
        "2": [
            0.0,
            0.0
        ],
        "3": [
            0.0,
            11.0
        ],
        "4": [
            0.0,
            22.0
        ]
    },
    "metadata": {
        "score": {
            "total": 0.9923458675000001,
            "gini_score": 0.7622875,
            "sum_score": 1.3018,
            "total_normalized": 0.33078195583333336,
            "sum_normalized": 0.43393333333333334
        },
        "params": {
            "rise_time": 1008.1402587890625,
            "fall_time": 2661.83056640625,
            "omega": 4.66635799407959,
            "init_detuning": 3.1656997203826904,
            "final_detuning": 3.5394418239593506
        },
        "mis": [
            [
                0,
                2,
                4
            ]
        ],
        "mis_size": 3
    },
    "edges": [
        [
            0,
            1
        ],
        [
            1,
            2
        ],
        [
            2,
            3
        ],
        [
            3,
            4
        ]
    ]
}
