{
    "qubits": {
        "0": [
            0.0,
            -16.0
        ],
        "1": [
            0.0,
            -8.0
        ],
        "2": [
            0.0,
            0.0
        ],
        "3": [
            0.0,
            8.0
        ],
        "4": [
            0.0,
            16.0
        ]
    },
    "metadata": {
        "score": {
            "total": 2.0979656920000003,
            "gini_score": 0.8324600000000001,
            "sum_score": 2.5202,
            "total_normalized": 0.6993218973333334,
            "sum_normalized": 0.8400666666666666
        },
        "params": {
            "rise_time": 1206.6875,
            "fall_time": 2666.6650390625,
            "omega": 10.241950988769531,
            "init_detuning": 3.8780131340026855,
            "final_detuning": 4.184690952301025
        },
        "mis": [
            [
                0,
                2,
                4
            ]
        ],
        "mis_size": 3
    },
    "edges": [
        [
            0,
            1
        ],
        [
            1,
            2
        ],
        [
            2,
            3
        ],
        [
            3,
            4
        ]
    ]
}
