{
    "qubits": {
        "0": [
            0.0,
            -14.0
        ],
        "1": [
            0.0,
            -7.0
        ],
        "2": [
            0.0,
            0.0
        ],
        "3": [
            0.0,
            7.0
        ],
        "4": [
            0.0,
            14.0
        ]
    },
    "metadata": {
        "score": {
            "total": 2.0856708307692307,
            "gini_score": 0.795753846153846,
            "sum_score": 2.621,
            "total_normalized": 0.6952236102564102,
            "sum_normalized": 0.8736666666666667
        },
        "params": {
            "rise_time": 1166.9296875,
            "fall_time": 2839.324951171875,
            "omega": 8.045435905456543,
            "init_detuning": 4.230393886566162,
            "final_detuning": 4.4711012840271
        },
        "mis": [
            [
                0,
                2,
                4
            ]
        ],
        "mis_size": 3
    },
    "edges": [
        [
            0,
            1
        ],
        [
            1,
            2
        ],
        [
            2,
            3
        ],
        [
            3,
            4
        ]
    ]
}
