{
    "qubits": {
        "0": [
            -10.0,
            -3.464101615137755
        ],
        "1": [
            -2.0,
            -3.464101615137755
        ],
        "2": [
            6.0,
            -3.464101615137755
        ],
        "3": [
            -6.0,
            3.464101615137754
        ],
        "4": [
            2.0,
            3.464101615137754
        ],
        "5": [
            10.0,
            3.464101615137754
        ]
    },
    "metadata": {
        "score": {
            "total": 1.2620158066666667,
            "gini_score": 0.7059833333333333,
            "sum_score": 1.7876,
            "total_normalized": 0.6310079033333333,
            "sum_normalized": 0.8938
        },
        "params": {
            "rise_time": 1048.8994140625,
            "fall_time": 2659.291748046875,
            "omega": 8.937313079833984,
            "init_detuning": 4.937880992889404,
            "final_detuning": 4.873073101043701
        },
        "mis": [
            [
                0,
                2
            ],
            [
                0,
                4
            ],
            [
                0,
                5
            ],
            [
                1,
                5
            ],
            [
                2,
                3
            ],
            [
                3,
                5
            ]
        ],
        "mis_size": 2
    },
    "edges": [
        [
            0,
            1
        ],
        [
            0,
            3
        ],
        [
            1,
            2
        ],
        [
            1,
            4
        ],
        [
            1,
            3
        ],
        [
            2,
            4
        ],
        [
            2,
            5
        ],
        [
            4,
            3
        ],
        [
            4,
            5
        ]
    ]
}
