{
    "qubits": {
        "0": [
            -3.333333333333334,
            -8.660254037844386
        ],
        "1": [
            6.666666666666666,
            -8.660254037844386
        ],
        "2": [
            -8.333333333333334,
            0.0
        ],
        "3": [
            1.666666666666666,
            0.0
        ],
        "4": [
            -3.333333333333334,
            8.660254037844386
        ],
        "5": [
            6.666666666666666,
            8.660254037844386
        ]
    },
    "metadata": {
        "score": {
            "total": 0.7289463572413791,
            "gini_score": 0.679606896551724,
            "sum_score": 1.0726,
            "total_normalized": 0.24298211908045972,
            "sum_normalized": 0.3575333333333333
        },
        "params": {
            "rise_time": 1028.83984375,
            "fall_time": 2601.836181640625,
            "omega": 6.141669273376465,
            "init_detuning": 4.048703193664551,
            "final_detuning": 4.286364555358887
        },
        "mis": [
            [
                1,
                2,
                5
            ]
        ],
        "mis_size": 3
    },
    "edges": [
        [
            0,
            1
        ],
        [
            0,
            3
        ],
        [
            0,
            2
        ],
        [
            1,
            3
        ],
        [
            2,
            4
        ],
        [
            2,
            3
        ],
        [
            4,
            3
        ],
        [
            4,
            5
        ],
        [
            3,
            5
        ]
    ]
}
