{
    "qubits": {
        "0": [
            -3.0,
            -7.794228634059947
        ],
        "1": [
            6.0,
            -7.794228634059947
        ],
        "2": [
            -7.5,
            0.0
        ],
        "3": [
            1.5,
            0.0
        ],
        "4": [
            -3.0,
            7.794228634059947
        ],
        "5": [
            6.0,
            7.794228634059947
        ]
    },
    "metadata": {
        "score": {
            "total": 2.096123150769231,
            "gini_score": 0.8703384615384616,
            "sum_score": 2.4084,
            "total_normalized": 0.698707716923077,
            "sum_normalized": 0.8028
        },
        "params": {
            "rise_time": 973.8504028320312,
            "fall_time": 2563.07080078125,
            "omega": 8.409932136535645,
            "init_detuning": 4.393006324768066,
            "final_detuning": 4.55687952041626
        },
        "mis": [
            [
                1,
                2,
                5
            ]
        ],
        "mis_size": 3
    },
    "edges": [
        [
            0,
            1
        ],
        [
            0,
            3
        ],
        [
            0,
            2
        ],
        [
            1,
            3
        ],
        [
            2,
            4
        ],
        [
            2,
            3
        ],
        [
            4,
            3
        ],
        [
            4,
            5
        ],
        [
            3,
            5
        ]
    ]
}
