{
    "qubits": {
        "0": [
            -3.666666666666666,
            -9.526279441628825
        ],
        "1": [
            7.333333333333334,
            -9.526279441628825
        ],
        "2": [
            -9.166666666666666,
            0.0
        ],
        "3": [
            1.833333333333334,
            0.0
        ],
        "4": [
            -3.666666666666666,
            9.526279441628825
        ],
        "5": [
            7.333333333333334,
            9.526279441628825
        ]
    },
    "metadata": {
        "score": {
            "total": 0.33727519999999994,
            "gini_score": 0.5539999999999999,
            "sum_score": 0.6088,
            "total_normalized": 0.11242506666666664,
            "sum_normalized": 0.20293333333333333
        },
        "params": {
            "rise_time": 1129.0609130859375,
            "fall_time": 2812.772705078125,
            "omega": 4.830963134765625,
            "init_detuning": 3.8252720832824707,
            "final_detuning": 4.058023929595947
        },
        "mis": [
            [
                1,
                2,
                5
            ]
        ],
        "mis_size": 3
    },
    "edges": [
        [
            0,
            1
        ],
        [
            0,
            3
        ],
        [
            0,
            2
        ],
        [
            1,
            3
        ],
        [
            2,
            4
        ],
        [
            2,
            3
        ],
        [
            4,
            3
        ],
        [
            4,
            5
        ],
        [
            3,
            5
        ]
    ]
}
