{
    "qubits": {
        "0": [
            -2.666666666666667,
            -6.928203230275509
        ],
        "1": [
            5.333333333333333,
            -6.928203230275509
        ],
        "2": [
            -6.666666666666667,
            0.0
        ],
        "3": [
            1.333333333333333,
            0.0
        ],
        "4": [
            -2.666666666666667,
            6.928203230275509
        ],
        "5": [
            5.333333333333333,
            6.928203230275509
        ]
    },
    "metadata": {
        "score": {
            "total": 1.7209124114285712,
            "gini_score": 0.7699142857142857,
            "sum_score": 2.2352,
            "total_normalized": 0.5736374704761904,
            "sum_normalized": 0.7450666666666667
        },
        "params": {
            "rise_time": 1053.0810546875,
            "fall_time": 2652.52734375,
            "omega": 10.28235149383545,
            "init_detuning": 5.017654895782471,
            "final_detuning": 4.941595554351807
        },
        "mis": [
            [
                1,
                2,
                5
            ]
        ],
        "mis_size": 3
    },
    "edges": [
        [
            0,
            1
        ],
        [
            0,
            3
        ],
        [
            0,
            2
        ],
        [
            1,
            3
        ],
        [
            2,
            4
        ],
        [
            2,
            3
        ],
        [
            4,
            3
        ],
        [
            4,
            5
        ],
        [
            3,
            5
        ]
    ]
}
