{
    "qubits": {
        "0": [
            -11.25,
            -3.8971143170299736
        ],
        "1": [
            -2.25,
            -3.8971143170299736
        ],
        "2": [
            6.75,
            -3.8971143170299736
        ],
        "3": [
            -6.75,
            3.8971143170299736
        ],
        "4": [
            2.25,
            3.8971143170299736
        ],
        "5": [
            11.25,
            3.8971143170299736
        ]
    },
    "metadata": {
        "score": {
            "total": 1.5220102095238095,
            "gini_score": 0.8326095238095238,
            "sum_score": 1.828,
            "total_normalized": 0.7610051047619047,
            "sum_normalized": 0.914
        },
        "params": {
            "rise_time": 972.5233764648438,
            "fall_time": 2673.43701171875,
            "omega": 8.426466941833496,
            "init_detuning": 4.3429646492004395,
            "final_detuning": 4.524673938751221
        },
        "mis": [
            [
                0,
                2
            ],
            [
                0,
                4
            ],
            [
                0,
                5
            ],
            [
                1,
                5
            ],
            [
                2,
                3
            ],
            [
                3,
                5
            ]
        ],
        "mis_size": 2
    },
    "edges": [
        [
            0,
            1
        ],
        [
            0,
            3
        ],
        [
            1,
            2
        ],
        [
            1,
            4
        ],
        [
            1,
            3
        ],
        [
            2,
            4
        ],
        [
            2,
            5
        ],
        [
            4,
            3
        ],
        [
            4,
            5
        ]
    ]
}
