{
    "qubits": {
        "0": [
            -8.75,
            -3.031088913245535
        ],
        "1": [
            -1.75,
            -3.031088913245535
        ],
        "2": [
            5.25,
            -3.031088913245535
        ],
        "3": [
            -5.25,
            3.031088913245535
        ],
        "4": [
            1.75,
            3.031088913245535
        ],
        "5": [
            8.75,
            3.031088913245535
        ]
    },
    "metadata": {
        "score": {
            "total": 0.5907334153846154,
            "gini_score": 0.4175384615384615,
            "sum_score": 1.4148,
            "total_normalized": 0.2953667076923077,
            "sum_normalized": 0.7074
        },
        "params": {
            "rise_time": 1038.944580078125,
            "fall_time": 2404.8837890625,
            "omega": 11.352862358093262,
            "init_detuning": 5.232326984405518,
            "final_detuning": 5.476062297821045
        },
        "mis": [
            [
                0,
                2
            ],
            [
                0,
                5
            ],
            [
                3,
                5
            ]
        ],
        "mis_size": 2
    },
    "edges": [
        [
            0,
            1
        ],
        [
            0,
            4
        ],
        [
            0,
            3
        ],
        [
            1,
            2
        ],
        [
            1,
            5
        ],
        [
            1,
            4
        ],
        [
            1,
            3
        ],
        [
            2,
            4
        ],
        [
            2,
            3
        ],
        [
            2,
            5
        ],
        [
            4,
            3
        ],
        [
            4,
            5
        ]
    ]
}
