{
    "qubits": {
        "0": [
            -12.5,
            -4.330127018922193
        ],
        "1": [
            -2.5,
            -4.330127018922193
        ],
        "2": [
            7.5,
            -4.330127018922193
        ],
        "3": [
            -7.5,
            4.330127018922193
        ],
        "4": [
            2.5,
            4.330127018922193
        ],
        "5": [
            12.5,
            4.330127018922193
        ]
    },
    "metadata": {
        "score": {
            "total": 0.29705965142857144,
            "gini_score": 0.6554714285714286,
            "sum_score": 0.4532,
            "total_normalized": 0.14852982571428572,
            "sum_normalized": 0.2266
        },
        "params": {
            "rise_time": 1116.5435791015625,
            "fall_time": 2619.289306640625,
            "omega": 6.4737396240234375,
            "init_detuning": 4.025460720062256,
            "final_detuning": 4.285806655883789
        },
        "mis": [
            [
                0,
                2
            ],
            [
                0,
                4
            ],
            [
                0,
                5
            ],
            [
                1,
                5
            ],
            [
                2,
                3
            ],
            [
                3,
                5
            ]
        ],
        "mis_size": 2
    },
    "edges": [
        [
            0,
            1
        ],
        [
            0,
            3
        ],
        [
            1,
            2
        ],
        [
            1,
            4
        ],
        [
            1,
            3
        ],
        [
            2,
            4
        ],
        [
            2,
            5
        ],
        [
            4,
            3
        ],
        [
            4,
            5
        ]
    ]
}
