{
    "qubits": {
        "0": [
            0.0,
            -20.0
        ],
        "1": [
            0.0,
            -12.0
        ],
        "2": [
            0.0,
            -4.0
        ],
        "3": [
            0.0,
            4.0
        ],
        "4": [
            0.0,
            12.0
        ],
        "5": [
            0.0,
            20.0
        ]
    },
    "metadata": {
        "score": {
            "total": 2.3241224160000002,
            "gini_score": 0.8461200000000001,
            "sum_score": 2.7468,
            "total_normalized": 0.7747074720000001,
            "sum_normalized": 0.9156
        },
        "params": {
            "rise_time": 1196.73388671875,
            "fall_time": 2596.697265625,
            "omega": 10.075384140014648,
            "init_detuning": 3.9641873836517334,
            "final_detuning": 4.259483337402344
        },
        "mis": [
            [
                0,
                2,
                4
            ],
            [
                0,
                2,
                5
            ],
            [
                0,
                3,
                5
            ],
            [
                1,
                3,
                5
            ]
        ],
        "mis_size": 3
    },
    "edges": [
        [
            0,
            1
        ],
        [
            1,
            2
        ],
        [
            2,
            3
        ],
        [
            3,
            4
        ],
        [
            4,
            5
        ]
    ]
}
