{
    "qubits": {
        "0": [
            0.0,
            -17.5
        ],
        "1": [
            0.0,
            -10.5
        ],
        "2": [
            0.0,
            -3.5
        ],
        "3": [
            0.0,
            3.5
        ],
        "4": [
            0.0,
            10.5
        ],
        "5": [
            0.0,
            17.5
        ]
    },
    "metadata": {
        "score": {
            "total": 2.112619744,
            "gini_score": 0.7390399999999999,
            "sum_score": 2.8586,
            "total_normalized": 0.7042065813333332,
            "sum_normalized": 0.9528666666666666
        },
        "params": {
            "rise_time": 1103.41650390625,
            "fall_time": 2844.591552734375,
            "omega": 8.232268333435059,
            "init_detuning": 4.360000133514404,
            "final_detuning": 4.573447227478027
        },
        "mis": [
            [
                0,
                2,
                4
            ],
            [
                0,
                2,
                5
            ],
            [
                0,
                3,
                5
            ],
            [
                1,
                3,
                5
            ]
        ],
        "mis_size": 3
    },
    "edges": [
        [
            0,
            1
        ],
        [
            1,
            2
        ],
        [
            2,
            3
        ],
        [
            3,
            4
        ],
        [
            4,
            5
        ]
    ]
}
