{
    "qubits": {
        "0": [
            -10.0,
            -5.0
        ],
        "1": [
            0.0,
            -5.0
        ],
        "2": [
            10.0,
            -5.0
        ],
        "3": [
            -10.0,
            5.0
        ],
        "4": [
            0.0,
            5.0
        ],
        "5": [
            10.0,
            5.0
        ]
    },
    "metadata": {
        "score": {
            "total": 1.0145690280000002,
            "gini_score": 0.64614,
            "sum_score": 1.5702,
            "total_normalized": 0.33818967600000005,
            "sum_normalized": 0.5234
        },
        "params": {
            "rise_time": 1027.9169921875,
            "fall_time": 2741.909423828125,
            "omega": 6.503969192504883,
            "init_detuning": 3.940408945083618,
            "final_detuning": 4.174861431121826
        },
        "mis": [
            [
                0,
                2,
                4
            ],
            [
                1,
                3,
                5
            ]
        ],
        "mis_size": 3
    },
    "edges": [
        [
            0,
            1
        ],
        [
            0,
            3
        ],
        [
            1,
            2
        ],
        [
            1,
            4
        ],
        [
            2,
            5
        ],
        [
            3,
            4
        ],
        [
            4,
            5
        ]
    ]
}
