{
    "qubits": {
        "0": [
            -11.0,
            -5.5
        ],
        "1": [
            0.0,
            -5.5
        ],
        "2": [
            11.0,
            -5.5
        ],
        "3": [
            -11.0,
            5.5
        ],
        "4": [
            0.0,
            5.5
        ],
        "5": [
            11.0,
            5.5
        ]
    },
    "metadata": {
        "score": {
            "total": 0.24604726451612904,
            "gini_score": 0.5827741935483871,
            "sum_score": 0.4222,
            "total_normalized": 0.08201575483870968,
            "sum_normalized": 0.14073333333333335
        },
        "params": {
            "rise_time": 1154.2237548828125,
            "fall_time": 2863.8115234375,
            "omega": 3.920642137527466,
            "init_detuning": 3.7378032207489014,
            "final_detuning": 3.927227258682251
        },
        "mis": [
            [
                0,
                2,
                4
            ],
            [
                1,
                3,
                5
            ]
        ],
        "mis_size": 3
    },
    "edges": [
        [
            0,
            1
        ],
        [
            0,
            3
        ],
        [
            1,
            2
        ],
        [
            1,
            4
        ],
        [
            2,
            5
        ],
        [
            3,
            4
        ],
        [
            4,
            5
        ]
    ]
}
