{
    "qubits": {
        "0": [
            -7.0,
            -3.5
        ],
        "1": [
            0.0,
            -3.5
        ],
        "2": [
            7.0,
            -3.5
        ],
        "3": [
            -7.0,
            3.5
        ],
        "4": [
            0.0,
            3.5
        ],
        "5": [
            7.0,
            3.5
        ]
    },
    "metadata": {
        "score": {
            "total": 1.1224162729411764,
            "gini_score": 0.6427764705882353,
            "sum_score": 1.7462,
            "total_normalized": 0.5612081364705882,
            "sum_normalized": 0.8731
        },
        "params": {
            "rise_time": 1074.8857421875,
            "fall_time": 2571.795654296875,
            "omega": 11.753045082092285,
            "init_detuning": 5.541162967681885,
            "final_detuning": 4.7968549728393555
        },
        "mis": [
            [
                0,
                2
            ],
            [
                0,
                5
            ],
            [
                2,
                3
            ],
            [
                3,
                5
            ]
        ],
        "mis_size": 2
    },
    "edges": [
        [
            0,
            1
        ],
        [
            0,
            4
        ],
        [
            0,
            3
        ],
        [
            1,
            2
        ],
        [
            1,
            5
        ],
        [
            1,
            4
        ],
        [
            1,
            3
        ],
        [
            2,
            4
        ],
        [
            2,
            5
        ],
        [
            4,
            3
        ],
        [
            4,
            5
        ]
    ]
}
