{
    "qubits": {
        "0": [
            0.0,
            -27.5
        ],
        "1": [
            0.0,
            -16.5
        ],
        "2": [
            0.0,
            -5.5
        ],
        "3": [
            0.0,
            5.5
        ],
        "4": [
            0.0,
            16.5
        ],
        "5": [
            0.0,
            27.5
        ]
    },
    "metadata": {
        "score": {
            "total": 0.49124157600000007,
            "gini_score": 0.7175600000000001,
            "sum_score": 0.6846,
            "total_normalized": 0.163747192,
            "sum_normalized": 0.2282
        },
        "params": {
            "rise_time": 1062.3428955078125,
            "fall_time": 2695.294677734375,
            "omega": 4.169924736022949,
            "init_detuning": 3.260672092437744,
            "final_detuning": 3.5702662467956543
        },
        "mis": [
            [
                0,
                2,
                4
            ],
            [
                0,
                2,
                5
            ],
            [
                0,
                3,
                5
            ],
            [
                1,
                3,
                5
            ]
        ],
        "mis_size": 3
    },
    "edges": [
        [
            0,
            1
        ],
        [
            1,
            2
        ],
        [
            2,
            3
        ],
        [
            3,
            4
        ],
        [
            4,
            5
        ]
    ]
}
