{
    "qubits": {
        "0": [
            0.0,
            -15.0
        ],
        "1": [
            0.0,
            -9.0
        ],
        "2": [
            0.0,
            -3.0
        ],
        "3": [
            0.0,
            3.0
        ],
        "4": [
            0.0,
            9.0
        ],
        "5": [
            0.0,
            15.0
        ]
    },
    "metadata": {
        "score": {
            "total": 0.44200553904761897,
            "gini_score": 0.6668761904761904,
            "sum_score": 0.6628,
            "total_normalized": 0.22100276952380948,
            "sum_normalized": 0.3314
        },
        "params": {
            "rise_time": 1050.1153564453125,
            "fall_time": 2587.759765625,
            "omega": 8.041973114013672,
            "init_detuning": 5.219114780426025,
            "final_detuning": 4.556290626525879
        },
        "mis": [
            [
                0,
                3
            ],
            [
                0,
                4
            ],
            [
                0,
                5
            ],
            [
                1,
                4
            ],
            [
                1,
                5
            ],
            [
                2,
                5
            ]
        ],
        "mis_size": 2
    },
    "edges": [
        [
            0,
            1
        ],
        [
            0,
            2
        ],
        [
            1,
            2
        ],
        [
            1,
            3
        ],
        [
            2,
            4
        ],
        [
            2,
            3
        ],
        [
            4,
            3
        ],
        [
            4,
            5
        ],
        [
            3,
            5
        ]
    ]
}
