{
    "qubits": {
        "0": [
            0.0,
            -22.5
        ],
        "1": [
            0.0,
            -13.5
        ],
        "2": [
            0.0,
            -4.5
        ],
        "3": [
            0.0,
            4.5
        ],
        "4": [
            0.0,
            13.5
        ],
        "5": [
            0.0,
            22.5
        ]
    },
    "metadata": {
        "score": {
            "total": 2.1732021391304346,
            "gini_score": 0.8514347826086957,
            "sum_score": 2.5524,
            "total_normalized": 0.7244007130434782,
            "sum_normalized": 0.8508
        },
        "params": {
            "rise_time": 1073.36328125,
            "fall_time": 2843.69775390625,
            "omega": 9.245719909667969,
            "init_detuning": 3.712782621383667,
            "final_detuning": 3.996687412261963
        },
        "mis": [
            [
                0,
                2,
                4
            ],
            [
                0,
                2,
                5
            ],
            [
                0,
                3,
                5
            ],
            [
                1,
                3,
                5
            ]
        ],
        "mis_size": 3
    },
    "edges": [
        [
            0,
            1
        ],
        [
            1,
            2
        ],
        [
            2,
            3
        ],
        [
            3,
            4
        ],
        [
            4,
            5
        ]
    ]
}
