{
    "qubits": {
        "0": [
            -5.0,
            -10.0
        ],
        "1": [
            5.0,
            -10.0
        ],
        "2": [
            -5.0,
            0.0
        ],
        "3": [
            5.0,
            0.0
        ],
        "4": [
            -5.0,
            10.0
        ],
        "5": [
            5.0,
            10.0
        ]
    },
    "metadata": {
        "score": {
            "total": 1.059820077419355,
            "gini_score": 0.6657161290322581,
            "sum_score": 1.592,
            "total_normalized": 0.35327335913978497,
            "sum_normalized": 0.5306666666666667
        },
        "params": {
            "rise_time": 1027.9169921875,
            "fall_time": 2741.909423828125,
            "omega": 6.503970146179199,
            "init_detuning": 3.940408945083618,
            "final_detuning": 4.174861431121826
        },
        "mis": [
            [
                0,
                3,
                4
            ],
            [
                1,
                2,
                5
            ]
        ],
        "mis_size": 3
    },
    "edges": [
        [
            0,
            1
        ],
        [
            0,
            2
        ],
        [
            1,
            3
        ],
        [
            2,
            4
        ],
        [
            2,
            3
        ],
        [
            4,
            5
        ],
        [
            3,
            5
        ]
    ]
}
