{
    "qubits": {
        "0": [
            -5.5,
            -11.0
        ],
        "1": [
            5.5,
            -11.0
        ],
        "2": [
            -5.5,
            0.0
        ],
        "3": [
            5.5,
            0.0
        ],
        "4": [
            -5.5,
            11.0
        ],
        "5": [
            5.5,
            11.0
        ]
    },
    "metadata": {
        "score": {
            "total": 0.230912131147541,
            "gini_score": 0.5721311475409836,
            "sum_score": 0.4036,
            "total_normalized": 0.07697071038251367,
            "sum_normalized": 0.13453333333333334
        },
        "params": {
            "rise_time": 1154.2236328125,
            "fall_time": 2863.811279296875,
            "omega": 3.920642375946045,
            "init_detuning": 3.7378032207489014,
            "final_detuning": 3.927227258682251
        },
        "mis": [
            [
                0,
                3,
                4
            ],
            [
                1,
                2,
                5
            ]
        ],
        "mis_size": 3
    },
    "edges": [
        [
            0,
            1
        ],
        [
            0,
            2
        ],
        [
            1,
            3
        ],
        [
            2,
            4
        ],
        [
            2,
            3
        ],
        [
            4,
            5
        ],
        [
            3,
            5
        ]
    ]
}
