{
    "qubits": {
        "0": [
            -6.0,
            -3.0
        ],
        "1": [
            0.0,
            -3.0
        ],
        "2": [
            6.0,
            -3.0
        ],
        "3": [
            -6.0,
            3.0
        ],
        "4": [
            0.0,
            3.0
        ],
        "5": [
            6.0,
            3.0
        ]
    },
    "metadata": {
        "score": {
            "total": 0.7265170823529411,
            "gini_score": 0.5656470588235294,
            "sum_score": 1.2844,
            "total_normalized": 0.36325854117647055,
            "sum_normalized": 0.6422
        },
        "params": {
            "rise_time": 886.9368286132812,
            "fall_time": 2237.78369140625,
            "omega": 9.144915580749512,
            "init_detuning": 4.796848297119141,
            "final_detuning": 4.0138983726501465
        },
        "mis": [
            [
                0,
                5
            ],
            [
                2,
                3
            ]
        ],
        "mis_size": 2
    },
    "edges": [
        [
            0,
            1
        ],
        [
            0,
            4
        ],
        [
            0,
            3
        ],
        [
            0,
            2
        ],
        [
            1,
            2
        ],
        [
            1,
            5
        ],
        [
            1,
            4
        ],
        [
            1,
            3
        ],
        [
            2,
            4
        ],
        [
            2,
            5
        ],
        [
            4,
            3
        ],
        [
            4,
            5
        ],
        [
            3,
            5
        ]
    ]
}
