{
    "qubits": {
        "0": [
            0.0,
            0
        ],
        "1": [
            0.0,
            10
        ],
        "2": [
            8.660254037844386,
            10
        ],
        "3": [
            0.0,
            20
        ],
        "4": [
            8.660254037844386,
            20
        ],
        "5": [
            17.32050807568877,
            20
        ]
    },
    "metadata": {
        "score": {
            "total": 0.09975857799999999,
            "gini_score": 0.91187,
            "sum_score": 0.1094,
            "total_normalized": 0.03325285933333333,
            "sum_normalized": 0.03646666666666667
        },
        "params": {
            "rise_time": 1212.2626953125,
            "fall_time": 2664.97119140625,
            "omega": 8.478034019470215,
            "init_detuning": 3.999738931655884,
            "final_detuning": 4.291165828704834
        },
        "mis": [
            [
                0,
                3,
                5
            ]
        ],
        "mis_size": 3
    },
    "edges": [
        [
            0,
            1
        ],
        [
            0,
            2
        ],
        [
            1,
            2
        ],
        [
            1,
            4
        ],
        [
            1,
            3
        ],
        [
            2,
            4
        ],
        [
            2,
            3
        ],
        [
            2,
            5
        ],
        [
            4,
            3
        ],
        [
            4,
            5
        ]
    ]
}
