{
    "qubits": {
        "0": [
            0.0,
            0
        ],
        "1": [
            0.0,
            11
        ],
        "2": [
            9.526279441628825,
            11
        ],
        "3": [
            0.0,
            22
        ],
        "4": [
            9.526279441628825,
            22
        ],
        "5": [
            19.05255888325765,
            22
        ]
    },
    "metadata": {
        "score": {
            "total": 2.3633981985714283,
            "gini_score": 0.8363642857142856,
            "sum_score": 2.8258,
            "total_normalized": 0.5908495496428571,
            "sum_normalized": 0.70645
        },
        "params": {
            "rise_time": 1145.03564453125,
            "fall_time": 2760.6689453125,
            "omega": 8.663556098937988,
            "init_detuning": 3.786088466644287,
            "final_detuning": 4.0801100730896
        },
        "mis": [
            [
                0,
                2,
                3,
                5
            ]
        ],
        "mis_size": 4
    },
    "edges": [
        [
            0,
            1
        ],
        [
            1,
            2
        ],
        [
            1,
            3
        ],
        [
            2,
            4
        ],
        [
            4,
            3
        ],
        [
            4,
            5
        ]
    ]
}
