{
    "qubits": {
        "0": [
            0.0,
            0
        ],
        "1": [
            0.0,
            9
        ],
        "2": [
            7.794228634059947,
            9
        ],
        "3": [
            0.0,
            18
        ],
        "4": [
            7.794228634059947,
            18
        ],
        "5": [
            15.588457268119894,
            18
        ]
    },
    "metadata": {
        "score": {
            "total": 1.0904911866666667,
            "gini_score": 0.7224666666666667,
            "sum_score": 1.5094,
            "total_normalized": 0.3634970622222222,
            "sum_normalized": 0.5031333333333333
        },
        "params": {
            "rise_time": 1112.613525390625,
            "fall_time": 2811.0283203125,
            "omega": 7.608603477478027,
            "init_detuning": 4.312844753265381,
            "final_detuning": 4.527486801147461
        },
        "mis": [
            [
                0,
                3,
                5
            ]
        ],
        "mis_size": 3
    },
    "edges": [
        [
            0,
            1
        ],
        [
            0,
            2
        ],
        [
            1,
            2
        ],
        [
            1,
            4
        ],
        [
            1,
            3
        ],
        [
            2,
            4
        ],
        [
            2,
            3
        ],
        [
            2,
            5
        ],
        [
            4,
            3
        ],
        [
            4,
            5
        ]
    ]
}
