{
    "qubits": {
        "q0": [
            -6.88,
            -5.94
        ],
        "q1": [
            0.07,
            -6.09
        ],
        "q2": [
            7.2,
            -6.1
        ],
        "q3": [
            -3.49,
            -0.23
        ],
        "q4": [
            3.84,
            -0.29
        ],
        "q5": [
            0.0,
            5.33
        ]
    },
    "metadata": {
        "score": {
            "total": 0.25651152,
            "gini_score": 0.5761714285714286,
            "sum_score": 0.4452,
            "total_normalized": 0.12825576,
            "sum_normalized": 0.2226
        },
        "params": {
            "rise_time": 1004.838623046875,
            "fall_time": 2319.67578125,
            "omega": 11.172171592712402,
            "init_detuning": 5.096231937408447,
            "final_detuning": 6.9005446434021
        },
        "mis": [
            [
                0,
                2
            ],
            [
                2,
                5
            ]
        ],
        "mis_size": 2
    },
    "edges": [
        [
            0,
            1
        ],
        [
            0,
            4
        ],
        [
            0,
            3
        ],
        [
            0,
            5
        ],
        [
            1,
            2
        ],
        [
            1,
            5
        ],
        [
            1,
            4
        ],
        [
            1,
            3
        ],
        [
            2,
            4
        ],
        [
            2,
            3
        ],
        [
            4,
            3
        ],
        [
            4,
            5
        ],
        [
            3,
            5
        ]
    ]
}
