{
    "qubits": {
        "q0": [
            -4.0,
            -2.67
        ],
        "q1": [
            0.0,
            -2.67
        ],
        "q2": [
            4.0,
            -2.67
        ],
        "q3": [
            -2.0,
            1.33
        ],
        "q4": [
            2.0,
            1.33
        ],
        "q5": [
            0.0,
            5.33
        ]
    },
    "metadata": {
        "score": {
            "total": 0.44567945454545455,
            "gini_score": 0.4718181818181818,
            "sum_score": 0.9446,
            "total_normalized": 0.44567945454545455,
            "sum_normalized": 0.9446
        },
        "params": {
            "rise_time": 620.6384887695312,
            "fall_time": 3267.615234375,
            "omega": 9.047493934631348,
            "init_detuning": 6.9645609855651855,
            "final_detuning": 6.616946697235107
        },
        "mis": [
            [
                0
            ],
            [
                1
            ],
            [
                2
            ],
            [
                3
            ],
            [
                4
            ],
            [
                5
            ]
        ],
        "mis_size": 1
    },
    "edges": [
        [
            0,
            1
        ],
        [
            0,
            4
        ],
        [
            0,
            3
        ],
        [
            0,
            2
        ],
        [
            0,
            5
        ],
        [
            1,
            2
        ],
        [
            1,
            5
        ],
        [
            1,
            4
        ],
        [
            1,
            3
        ],
        [
            2,
            4
        ],
        [
            2,
            3
        ],
        [
            2,
            5
        ],
        [
            4,
            3
        ],
        [
            4,
            5
        ],
        [
            3,
            5
        ]
    ]
}
