{
    "qubits": {
        "0": [
            0.0,
            0.0
        ],
        "1": [
            -5.0,
            8.660254037844386
        ],
        "2": [
            5.0,
            8.660254037844386
        ],
        "3": [
            10.0,
            0.0
        ],
        "4": [
            5.0,
            -8.660254037844386
        ],
        "5": [
            -5.0,
            -8.660254037844386
        ],
        "6": [
            -10.0,
            0.0
        ]
    },
    "metadata": {
        "score": {
            "total": 0.9247436290909091,
            "gini_score": 0.697709090909091,
            "sum_score": 1.3254,
            "total_normalized": 0.3082478763636364,
            "sum_normalized": 0.44179999999999997
        },
        "params": {
            "rise_time": 941.4896850585938,
            "fall_time": 2479.478759765625,
            "omega": 7.777439117431641,
            "init_detuning": 4.292330265045166,
            "final_detuning": 4.491268157958984
        },
        "mis": [
            [
                1,
                3,
                5
            ],
            [
                2,
                4,
                6
            ]
        ],
        "mis_size": 3
    },
    "edges": [
        [
            0,
            1
        ],
        [
            0,
            4
        ],
        [
            0,
            3
        ],
        [
            0,
            6
        ],
        [
            0,
            2
        ],
        [
            0,
            5
        ],
        [
            1,
            2
        ],
        [
            1,
            6
        ],
        [
            2,
            3
        ],
        [
            4,
            3
        ],
        [
            4,
            5
        ],
        [
            6,
            5
        ]
    ]
}
