{
    "qubits": {
        "0": [
            0.0,
            0.0
        ],
        "1": [
            -4.5,
            7.794228634059947
        ],
        "2": [
            4.5,
            7.794228634059947
        ],
        "3": [
            9.0,
            0.0
        ],
        "4": [
            4.5,
            -7.794228634059947
        ],
        "5": [
            -4.5,
            -7.794228634059947
        ],
        "6": [
            -9.0,
            0.0
        ]
    },
    "metadata": {
        "score": {
            "total": 1.7668790222222222,
            "gini_score": 0.8232592592592592,
            "sum_score": 2.1462,
            "total_normalized": 0.588959674074074,
            "sum_normalized": 0.7153999999999999
        },
        "params": {
            "rise_time": 1029.37841796875,
            "fall_time": 2660.454833984375,
            "omega": 12.07883358001709,
            "init_detuning": 4.759310245513916,
            "final_detuning": 4.799376487731934
        },
        "mis": [
            [
                1,
                3,
                5
            ],
            [
                2,
                4,
                6
            ]
        ],
        "mis_size": 3
    },
    "edges": [
        [
            0,
            1
        ],
        [
            0,
            4
        ],
        [
            0,
            3
        ],
        [
            0,
            6
        ],
        [
            0,
            2
        ],
        [
            0,
            5
        ],
        [
            1,
            2
        ],
        [
            1,
            6
        ],
        [
            2,
            3
        ],
        [
            4,
            3
        ],
        [
            4,
            5
        ],
        [
            6,
            5
        ]
    ]
}
