{
    "qubits": {
        "0": [
            0.0,
            -18.0
        ],
        "1": [
            0.0,
            -12.0
        ],
        "2": [
            0.0,
            -6.0
        ],
        "3": [
            0.0,
            0.0
        ],
        "4": [
            0.0,
            6.0
        ],
        "5": [
            0.0,
            12.0
        ],
        "6": [
            0.0,
            18.0
        ]
    },
    "metadata": {
        "score": {
            "total": 0.7288501885714285,
            "gini_score": 0.7955142857142856,
            "sum_score": 0.9162,
            "total_normalized": 0.24295006285714282,
            "sum_normalized": 0.3054
        },
        "params": {
            "rise_time": 1051.524169921875,
            "fall_time": 2555.298828125,
            "omega": 8.339439392089844,
            "init_detuning": 5.2751359939575195,
            "final_detuning": 4.102337837219238
        },
        "mis": [
            [
                0,
                3,
                6
            ]
        ],
        "mis_size": 3
    },
    "edges": [
        [
            0,
            1
        ],
        [
            0,
            2
        ],
        [
            1,
            2
        ],
        [
            1,
            3
        ],
        [
            2,
            4
        ],
        [
            2,
            3
        ],
        [
            4,
            3
        ],
        [
            4,
            6
        ],
        [
            4,
            5
        ],
        [
            3,
            5
        ],
        [
            6,
            5
        ]
    ]
}
