{
    "qubits": {
        "0": [
            0.0,
            -27.0
        ],
        "1": [
            0.0,
            -18.0
        ],
        "2": [
            0.0,
            -9.0
        ],
        "3": [
            0.0,
            0.0
        ],
        "4": [
            0.0,
            9.0
        ],
        "5": [
            0.0,
            18.0
        ],
        "6": [
            0.0,
            27.0
        ]
    },
    "metadata": {
        "score": {
            "total": 2.8004842784415587,
            "gini_score": 0.8857246753246754,
            "sum_score": 3.1618,
            "total_normalized": 0.7001210696103897,
            "sum_normalized": 0.79045
        },
        "params": {
            "rise_time": 1062.1075439453125,
            "fall_time": 2828.830322265625,
            "omega": 9.183650016784668,
            "init_detuning": 3.7652201652526855,
            "final_detuning": 4.051900386810303
        },
        "mis": [
            [
                0,
                2,
                4,
                6
            ]
        ],
        "mis_size": 4
    },
    "edges": [
        [
            0,
            1
        ],
        [
            1,
            2
        ],
        [
            2,
            3
        ],
        [
            3,
            4
        ],
        [
            4,
            5
        ],
        [
            5,
            6
        ]
    ]
}
