{
    "qubits": {
        "0": [
            0.0,
            -21.0
        ],
        "1": [
            0.0,
            -14.0
        ],
        "2": [
            0.0,
            -7.0
        ],
        "3": [
            0.0,
            0.0
        ],
        "4": [
            0.0,
            7.0
        ],
        "5": [
            0.0,
            14.0
        ],
        "6": [
            0.0,
            21.0
        ]
    },
    "metadata": {
        "score": {
            "total": 2.911527134285714,
            "gini_score": 0.8258714285714286,
            "sum_score": 3.5254,
            "total_normalized": 0.7278817835714285,
            "sum_normalized": 0.88135
        },
        "params": {
            "rise_time": 1086.5732421875,
            "fall_time": 2837.4443359375,
            "omega": 8.559398651123047,
            "init_detuning": 4.466357707977295,
            "final_detuning": 4.66238260269165
        },
        "mis": [
            [
                0,
                2,
                4,
                6
            ]
        ],
        "mis_size": 4
    },
    "edges": [
        [
            0,
            1
        ],
        [
            1,
            2
        ],
        [
            2,
            3
        ],
        [
            3,
            4
        ],
        [
            4,
            5
        ],
        [
            5,
            6
        ]
    ]
}
