{
    "qubits": {
        "0": [
            0.0,
            -33.0
        ],
        "1": [
            0.0,
            -22.0
        ],
        "2": [
            0.0,
            -11.0
        ],
        "3": [
            0.0,
            0.0
        ],
        "4": [
            0.0,
            11.0
        ],
        "5": [
            0.0,
            22.0
        ],
        "6": [
            0.0,
            33.0
        ]
    },
    "metadata": {
        "score": {
            "total": 0.9712607999999999,
            "gini_score": 0.7226642857142856,
            "sum_score": 1.344,
            "total_normalized": 0.24281519999999998,
            "sum_normalized": 0.336
        },
        "params": {
            "rise_time": 1097.9266357421875,
            "fall_time": 2730.97119140625,
            "omega": 3.835244655609131,
            "init_detuning": 3.3263118267059326,
            "final_detuning": 3.591174364089966
        },
        "mis": [
            [
                0,
                2,
                4,
                6
            ]
        ],
        "mis_size": 4
    },
    "edges": [
        [
            0,
            1
        ],
        [
            1,
            2
        ],
        [
            2,
            3
        ],
        [
            3,
            4
        ],
        [
            4,
            5
        ],
        [
            5,
            6
        ]
    ]
}
