{
    "qubits": {
        "0": [
            0.0,
            -30.0
        ],
        "1": [
            0.0,
            -20.0
        ],
        "2": [
            0.0,
            -10.0
        ],
        "3": [
            0.0,
            0.0
        ],
        "4": [
            0.0,
            10.0
        ],
        "5": [
            0.0,
            20.0
        ],
        "6": [
            0.0,
            30.0
        ]
    },
    "metadata": {
        "score": {
            "total": 0.8928629852991454,
            "gini_score": 0.6309094017094018,
            "sum_score": 1.4152,
            "total_normalized": 0.22321574632478636,
            "sum_normalized": 0.3538
        },
        "params": {
            "rise_time": 1129.843994140625,
            "fall_time": 2799.0322265625,
            "omega": 5.672100067138672,
            "init_detuning": 3.571370840072632,
            "final_detuning": 3.774290084838867
        },
        "mis": [
            [
                0,
                2,
                4,
                6
            ]
        ],
        "mis_size": 4
    },
    "edges": [
        [
            0,
            1
        ],
        [
            1,
            2
        ],
        [
            2,
            3
        ],
        [
            3,
            4
        ],
        [
            4,
            5
        ],
        [
            5,
            6
        ]
    ]
}
