{
    "qubits": {
        "q0": [
            14.14,
            0.0
        ],
        "q1": [
            10.0,
            10.0
        ],
        "q2": [
            8.66e-16,
            14.14
        ],
        "q3": [
            -10.0,
            10.0
        ],
        "q4": [
            -14.14,
            1.73e-15
        ],
        "q5": [
            -10.0,
            -10.0
        ],
        "q6": [
            -2.6e-15,
            -14.14
        ],
        "q7": [
            10.0,
            -10.0
        ]
    },
    "metadata": {
        "score": {
            "total": 0.279638782406639,
            "gini_score": 0.5033095435684647,
            "sum_score": 0.5556,
            "total_normalized": 0.06990969560165974,
            "sum_normalized": 0.1389
        },
        "params": {
            "rise_time": 1126.656005859375,
            "fall_time": 2939.64404296875,
            "omega": 4.752800941467285,
            "init_detuning": 3.706303119659424,
            "final_detuning": 3.850040912628174
        },
        "mis": [
            [
                0,
                2,
                4,
                6
            ],
            [
                1,
                3,
                5,
                7
            ]
        ],
        "mis_size": 4
    },
    "edges": [
        [
            0,
            1
        ],
        [
            0,
            7
        ],
        [
            1,
            2
        ],
        [
            7,
            6
        ],
        [
            2,
            3
        ],
        [
            3,
            4
        ],
        [
            4,
            5
        ],
        [
            6,
            5
        ]
    ]
}
