{
    "qubits": {
        "q0": [
            -7.0,
            -7.0
        ],
        "q2": [
            6.01,
            -5.95
        ],
        "q3": [
            -7.0,
            0.0
        ],
        "q4": [
            0.0,
            0.0
        ],
        "q6": [
            -7.0,
            7.0
        ],
        "q7": [
            0.0,
            7.0
        ],
        "q8": [
            6.25,
            0.75
        ],
        "q1": [
            12.9,
            -3.12
        ]
    },
    "metadata": {
        "score": {
            "total": 1.8274554861538461,
            "gini_score": 0.8320230769230769,
            "sum_score": 2.1964,
            "total_normalized": 0.6091518287179487,
            "sum_normalized": 0.7321333333333334
        },
        "params": {
            "rise_time": 998.2149658203125,
            "fall_time": 2377.1396484375,
            "omega": 11.085692405700684,
            "init_detuning": 5.1003313064575195,
            "final_detuning": 7.070637226104736
        },
        "mis": [
            [
                0,
                4,
                6
            ],
            [
                0,
                4,
                7
            ],
            [
                0,
                5,
                7
            ]
        ],
        "mis_size": 3
    },
    "edges": [
        [
            0,
            1
        ],
        [
            0,
            3
        ],
        [
            0,
            2
        ],
        [
            1,
            7
        ],
        [
            1,
            6
        ],
        [
            1,
            3
        ],
        [
            2,
            4
        ],
        [
            2,
            3
        ],
        [
            2,
            5
        ],
        [
            4,
            3
        ],
        [
            4,
            5
        ],
        [
            3,
            6
        ],
        [
            3,
            5
        ],
        [
            6,
            7
        ],
        [
            6,
            5
        ]
    ]
}
