{
    "qubits": {
        "0": [
            -2.25,
            -11.69134295108992
        ],
        "1": [
            6.75,
            -11.69134295108992
        ],
        "2": [
            -6.75,
            -3.8971143170299736
        ],
        "3": [
            2.25,
            -3.8971143170299736
        ],
        "4": [
            -2.25,
            3.8971143170299736
        ],
        "5": [
            6.75,
            3.8971143170299736
        ],
        "6": [
            -6.75,
            11.69134295108992
        ],
        "7": [
            2.25,
            11.69134295108992
        ]
    },
    "metadata": {
        "score": {
            "total": 2.912829170526316,
            "gini_score": 0.8915368421052633,
            "sum_score": 3.2672,
            "total_normalized": 0.728207292631579,
            "sum_normalized": 0.8168
        },
        "params": {
            "rise_time": 1024.69970703125,
            "fall_time": 2636.19775390625,
            "omega": 9.089284896850586,
            "init_detuning": 4.766072750091553,
            "final_detuning": 4.76744270324707
        },
        "mis": [
            [
                1,
                2,
                5,
                6
            ]
        ],
        "mis_size": 4
    },
    "edges": [
        [
            0,
            1
        ],
        [
            0,
            3
        ],
        [
            0,
            2
        ],
        [
            1,
            3
        ],
        [
            2,
            4
        ],
        [
            2,
            3
        ],
        [
            4,
            3
        ],
        [
            4,
            6
        ],
        [
            4,
            5
        ],
        [
            4,
            7
        ],
        [
            3,
            5
        ],
        [
            6,
            7
        ],
        [
            5,
            7
        ]
    ]
}
