{
    "qubits": {
        "0": [
            -4.0,
            -12.0
        ],
        "1": [
            4.0,
            -12.0
        ],
        "2": [
            -4.0,
            -4.0
        ],
        "3": [
            4.0,
            -4.0
        ],
        "4": [
            -4.0,
            4.0
        ],
        "5": [
            4.0,
            4.0
        ],
        "6": [
            -4.0,
            12.0
        ],
        "7": [
            4.0,
            12.0
        ]
    },
    "metadata": {
        "score": {
            "total": 0.4955267966197183,
            "gini_score": 0.707087323943662,
            "sum_score": 0.7008,
            "total_normalized": 0.24776339830985916,
            "sum_normalized": 0.3504
        },
        "params": {
            "rise_time": 1065.361572265625,
            "fall_time": 2655.822265625,
            "omega": 11.554898262023926,
            "init_detuning": 5.199084281921387,
            "final_detuning": 4.818007946014404
        },
        "mis": [
            [
                0,
                4
            ],
            [
                0,
                5
            ],
            [
                0,
                6
            ],
            [
                0,
                7
            ],
            [
                1,
                4
            ],
            [
                1,
                5
            ],
            [
                1,
                6
            ],
            [
                1,
                7
            ],
            [
                2,
                6
            ],
            [
                2,
                7
            ],
            [
                3,
                6
            ],
            [
                3,
                7
            ]
        ],
        "mis_size": 2
    },
    "edges": [
        [
            0,
            1
        ],
        [
            0,
            3
        ],
        [
            0,
            2
        ],
        [
            1,
            2
        ],
        [
            1,
            3
        ],
        [
            2,
            4
        ],
        [
            2,
            3
        ],
        [
            2,
            5
        ],
        [
            4,
            3
        ],
        [
            4,
            6
        ],
        [
            4,
            5
        ],
        [
            4,
            7
        ],
        [
            3,
            5
        ],
        [
            6,
            7
        ],
        [
            6,
            5
        ],
        [
            5,
            7
        ]
    ]
}
