{
    "qubits": {
        "0": [
            -5.5,
            -16.5
        ],
        "1": [
            5.5,
            -16.5
        ],
        "2": [
            -5.5,
            -5.5
        ],
        "3": [
            5.5,
            -5.5
        ],
        "4": [
            -5.5,
            5.5
        ],
        "5": [
            5.5,
            5.5
        ],
        "6": [
            -5.5,
            16.5
        ],
        "7": [
            5.5,
            16.5
        ]
    },
    "metadata": {
        "score": {
            "total": 0.1968892304132231,
            "gini_score": 0.6110776859504131,
            "sum_score": 0.3222,
            "total_normalized": 0.04922230760330577,
            "sum_normalized": 0.08055
        },
        "params": {
            "rise_time": 1158.059326171875,
            "fall_time": 2754.07763671875,
            "omega": 4.476388931274414,
            "init_detuning": 3.8850317001342773,
            "final_detuning": 4.116915702819824
        },
        "mis": [
            [
                0,
                3,
                4,
                7
            ],
            [
                1,
                2,
                5,
                6
            ]
        ],
        "mis_size": 4
    },
    "edges": [
        [
            0,
            1
        ],
        [
            0,
            2
        ],
        [
            1,
            3
        ],
        [
            2,
            4
        ],
        [
            2,
            3
        ],
        [
            4,
            6
        ],
        [
            4,
            5
        ],
        [
            6,
            7
        ],
        [
            5,
            7
        ],
        [
            5,
            3
        ]
    ]
}
