{
    "qubits": {
        "0": [
            0.0,
            -35.0
        ],
        "1": [
            0.0,
            -25.0
        ],
        "2": [
            0.0,
            -15.0
        ],
        "3": [
            0.0,
            -5.0
        ],
        "4": [
            0.0,
            5.0
        ],
        "5": [
            0.0,
            15.0
        ],
        "6": [
            0.0,
            25.0
        ],
        "7": [
            0.0,
            35.0
        ]
    },
    "metadata": {
        "score": {
            "total": 0.7714836449557522,
            "gini_score": 0.6398106194690265,
            "sum_score": 1.2058,
            "total_normalized": 0.19287091123893804,
            "sum_normalized": 0.30145
        },
        "params": {
            "rise_time": 1124.5257568359375,
            "fall_time": 2839.293701171875,
            "omega": 5.885611534118652,
            "init_detuning": 3.606363296508789,
            "final_detuning": 3.813215970993042
        },
        "mis": [
            [
                0,
                2,
                4,
                6
            ],
            [
                0,
                2,
                4,
                7
            ],
            [
                0,
                2,
                5,
                7
            ],
            [
                0,
                3,
                5,
                7
            ],
            [
                1,
                3,
                5,
                7
            ]
        ],
        "mis_size": 4
    },
    "edges": [
        [
            0,
            1
        ],
        [
            1,
            2
        ],
        [
            2,
            3
        ],
        [
            3,
            4
        ],
        [
            4,
            5
        ],
        [
            6,
            7
        ],
        [
            6,
            5
        ]
    ]
}
