{
    "qubits": {
        "0": [
            -4.5,
            -13.5
        ],
        "1": [
            4.5,
            -13.5
        ],
        "2": [
            -4.5,
            -4.5
        ],
        "3": [
            4.5,
            -4.5
        ],
        "4": [
            -4.5,
            4.5
        ],
        "5": [
            4.5,
            4.5
        ],
        "6": [
            -4.5,
            13.5
        ],
        "7": [
            4.5,
            13.5
        ]
    },
    "metadata": {
        "score": {
            "total": 0.15460562738738742,
            "gini_score": 0.8348036036036037,
            "sum_score": 0.1852,
            "total_normalized": 0.07730281369369371,
            "sum_normalized": 0.0926
        },
        "params": {
            "rise_time": 988.99658203125,
            "fall_time": 2604.162109375,
            "omega": 8.235790252685547,
            "init_detuning": 4.48081111907959,
            "final_detuning": 4.649215221405029
        },
        "mis": [
            [
                0,
                4
            ],
            [
                0,
                5
            ],
            [
                0,
                6
            ],
            [
                0,
                7
            ],
            [
                1,
                4
            ],
            [
                1,
                5
            ],
            [
                1,
                6
            ],
            [
                1,
                7
            ],
            [
                2,
                6
            ],
            [
                2,
                7
            ],
            [
                3,
                6
            ],
            [
                3,
                7
            ]
        ],
        "mis_size": 2
    },
    "edges": [
        [
            0,
            1
        ],
        [
            0,
            3
        ],
        [
            0,
            2
        ],
        [
            1,
            2
        ],
        [
            1,
            3
        ],
        [
            2,
            4
        ],
        [
            2,
            3
        ],
        [
            2,
            5
        ],
        [
            4,
            3
        ],
        [
            4,
            6
        ],
        [
            4,
            5
        ],
        [
            4,
            7
        ],
        [
            3,
            5
        ],
        [
            6,
            7
        ],
        [
            6,
            5
        ],
        [
            5,
            7
        ]
    ]
}
