{
    "qubits": {
        "0": [
            -3.0,
            -9.0
        ],
        "1": [
            3.0,
            -9.0
        ],
        "2": [
            -3.0,
            -3.0
        ],
        "3": [
            3.0,
            -3.0
        ],
        "4": [
            -3.0,
            3.0
        ],
        "5": [
            3.0,
            3.0
        ],
        "6": [
            -3.0,
            9.0
        ],
        "7": [
            3.0,
            9.0
        ]
    },
    "metadata": {
        "score": {
            "total": 0.8823843223529412,
            "gini_score": 0.6790705882352941,
            "sum_score": 1.2994,
            "total_normalized": 0.4411921611764706,
            "sum_normalized": 0.6497
        },
        "params": {
            "rise_time": 879.2288208007812,
            "fall_time": 2330.728759765625,
            "omega": 5.422051429748535,
            "init_detuning": 2.8407018184661865,
            "final_detuning": 2.836683750152588
        },
        "mis": [
            [
                0,
                5
            ],
            [
                0,
                6
            ],
            [
                0,
                7
            ],
            [
                1,
                4
            ],
            [
                1,
                6
            ],
            [
                1,
                7
            ],
            [
                2,
                7
            ],
            [
                3,
                6
            ]
        ],
        "mis_size": 2
    },
    "edges": [
        [
            3,
            4
        ],
        [
            3,
            7
        ],
        [
            3,
            1
        ],
        [
            3,
            5
        ],
        [
            3,
            0
        ],
        [
            3,
            2
        ],
        [
            4,
            6
        ],
        [
            4,
            5
        ],
        [
            4,
            2
        ],
        [
            4,
            0
        ],
        [
            4,
            7
        ],
        [
            7,
            5
        ],
        [
            7,
            6
        ],
        [
            6,
            5
        ],
        [
            6,
            2
        ],
        [
            5,
            2
        ],
        [
            5,
            1
        ],
        [
            0,
            2
        ],
        [
            0,
            1
        ],
        [
            2,
            1
        ]
    ]
}
