{
    "qubits": {
        "0": [
            0.0,
            -31.5
        ],
        "1": [
            0.0,
            -22.5
        ],
        "2": [
            0.0,
            -13.5
        ],
        "3": [
            0.0,
            -4.5
        ],
        "4": [
            0.0,
            4.5
        ],
        "5": [
            0.0,
            13.5
        ],
        "6": [
            0.0,
            22.5
        ],
        "7": [
            0.0,
            31.5
        ]
    },
    "metadata": {
        "score": {
            "total": 3.0064562803361343,
            "gini_score": 0.8682655462184873,
            "sum_score": 3.4626,
            "total_normalized": 0.7516140700840336,
            "sum_normalized": 0.86565
        },
        "params": {
            "rise_time": 1052.847412109375,
            "fall_time": 2796.38525390625,
            "omega": 9.132553100585938,
            "init_detuning": 3.806814193725586,
            "final_detuning": 4.0948615074157715
        },
        "mis": [
            [
                0,
                2,
                4,
                6
            ],
            [
                0,
                2,
                4,
                7
            ],
            [
                0,
                2,
                5,
                7
            ],
            [
                0,
                3,
                5,
                7
            ],
            [
                1,
                3,
                5,
                7
            ]
        ],
        "mis_size": 4
    },
    "edges": [
        [
            0,
            1
        ],
        [
            1,
            2
        ],
        [
            2,
            3
        ],
        [
            3,
            4
        ],
        [
            4,
            5
        ],
        [
            6,
            7
        ],
        [
            6,
            5
        ]
    ]
}
