{
    "qubits": {
        "0": [
            0.0,
            -28.0
        ],
        "1": [
            0.0,
            -20.0
        ],
        "2": [
            0.0,
            -12.0
        ],
        "3": [
            0.0,
            -4.0
        ],
        "4": [
            0.0,
            4.0
        ],
        "5": [
            0.0,
            12.0
        ],
        "6": [
            0.0,
            20.0
        ],
        "7": [
            0.0,
            28.0
        ]
    },
    "metadata": {
        "score": {
            "total": 2.9104806793846154,
            "gini_score": 0.8137107692307692,
            "sum_score": 3.5768,
            "total_normalized": 0.7276201698461539,
            "sum_normalized": 0.8942
        },
        "params": {
            "rise_time": 1153.589111328125,
            "fall_time": 2581.437744140625,
            "omega": 10.223649024963379,
            "init_detuning": 4.085999011993408,
            "final_detuning": 4.35509729385376
        },
        "mis": [
            [
                0,
                2,
                4,
                6
            ],
            [
                0,
                2,
                4,
                7
            ],
            [
                0,
                2,
                5,
                7
            ],
            [
                0,
                3,
                5,
                7
            ],
            [
                1,
                3,
                5,
                7
            ]
        ],
        "mis_size": 4
    },
    "edges": [
        [
            0,
            1
        ],
        [
            1,
            2
        ],
        [
            2,
            3
        ],
        [
            3,
            4
        ],
        [
            4,
            5
        ],
        [
            6,
            7
        ],
        [
            6,
            5
        ]
    ]
}
