{
    "qubits": {
        "0": [
            0.0,
            -38.5
        ],
        "1": [
            0.0,
            -27.5
        ],
        "2": [
            0.0,
            -16.5
        ],
        "3": [
            0.0,
            -5.5
        ],
        "4": [
            0.0,
            5.5
        ],
        "5": [
            0.0,
            16.5
        ],
        "6": [
            0.0,
            27.5
        ],
        "7": [
            0.0,
            38.5
        ]
    },
    "metadata": {
        "score": {
            "total": 0.7904709678756476,
            "gini_score": 0.6878445595854922,
            "sum_score": 1.1492,
            "total_normalized": 0.1976177419689119,
            "sum_normalized": 0.2873
        },
        "params": {
            "rise_time": 1119.456787109375,
            "fall_time": 2758.21875,
            "omega": 3.677678346633911,
            "init_detuning": 3.374654531478882,
            "final_detuning": 3.6070189476013184
        },
        "mis": [
            [
                0,
                2,
                4,
                6
            ],
            [
                0,
                2,
                4,
                7
            ],
            [
                0,
                2,
                5,
                7
            ],
            [
                0,
                3,
                5,
                7
            ],
            [
                1,
                3,
                5,
                7
            ]
        ],
        "mis_size": 4
    },
    "edges": [
        [
            0,
            1
        ],
        [
            1,
            2
        ],
        [
            2,
            3
        ],
        [
            3,
            4
        ],
        [
            4,
            5
        ],
        [
            6,
            7
        ],
        [
            6,
            5
        ]
    ]
}
