{
    "qubits": {
        "0": [
            0.0,
            -21.0
        ],
        "1": [
            0.0,
            -15.0
        ],
        "2": [
            0.0,
            -9.0
        ],
        "3": [
            0.0,
            -3.0
        ],
        "4": [
            0.0,
            3.0
        ],
        "5": [
            0.0,
            9.0
        ],
        "6": [
            0.0,
            15.0
        ],
        "7": [
            0.0,
            21.0
        ]
    },
    "metadata": {
        "score": {
            "total": 0.9422341299999999,
            "gini_score": 0.7004416666666666,
            "sum_score": 1.3452,
            "total_normalized": 0.3140780433333333,
            "sum_normalized": 0.44839999999999997
        },
        "params": {
            "rise_time": 1048.6181640625,
            "fall_time": 2519.511474609375,
            "omega": 8.544673919677734,
            "init_detuning": 5.244846820831299,
            "final_detuning": 3.6826937198638916
        },
        "mis": [
            [
                0,
                3,
                6
            ],
            [
                0,
                3,
                7
            ],
            [
                0,
                4,
                7
            ],
            [
                1,
                4,
                7
            ]
        ],
        "mis_size": 3
    },
    "edges": [
        [
            0,
            1
        ],
        [
            0,
            2
        ],
        [
            1,
            2
        ],
        [
            1,
            3
        ],
        [
            2,
            4
        ],
        [
            2,
            3
        ],
        [
            4,
            3
        ],
        [
            4,
            6
        ],
        [
            4,
            5
        ],
        [
            3,
            5
        ],
        [
            6,
            7
        ],
        [
            6,
            5
        ],
        [
            5,
            7
        ]
    ]
}
