{
    "qubits": {
        "0": [
            0.0,
            -24.5
        ],
        "1": [
            0.0,
            -17.5
        ],
        "2": [
            0.0,
            -10.5
        ],
        "3": [
            0.0,
            -3.5
        ],
        "4": [
            0.0,
            3.5
        ],
        "5": [
            0.0,
            10.5
        ],
        "6": [
            0.0,
            17.5
        ],
        "7": [
            0.0,
            24.5
        ]
    },
    "metadata": {
        "score": {
            "total": 3.3127786914285715,
            "gini_score": 0.8528857142857144,
            "sum_score": 3.8842,
            "total_normalized": 0.8281946728571429,
            "sum_normalized": 0.97105
        },
        "params": {
            "rise_time": 1076.65869140625,
            "fall_time": 2828.019287109375,
            "omega": 8.893084526062012,
            "init_detuning": 4.556079387664795,
            "final_detuning": 4.742249011993408
        },
        "mis": [
            [
                0,
                2,
                4,
                6
            ],
            [
                0,
                2,
                4,
                7
            ],
            [
                0,
                2,
                5,
                7
            ],
            [
                0,
                3,
                5,
                7
            ],
            [
                1,
                3,
                5,
                7
            ]
        ],
        "mis_size": 4
    },
    "edges": [
        [
            0,
            1
        ],
        [
            1,
            2
        ],
        [
            2,
            3
        ],
        [
            3,
            4
        ],
        [
            4,
            5
        ],
        [
            6,
            7
        ],
        [
            6,
            5
        ]
    ]
}
