{
    "qubits": {
        "0": [
            -5.0,
            -5.196152422706632
        ],
        "1": [
            1.0,
            -5.196152422706632
        ],
        "2": [
            7.0,
            -5.196152422706632
        ],
        "3": [
            -8.0,
            0.0
        ],
        "4": [
            -2.0,
            0.0
        ],
        "5": [
            4.0,
            0.0
        ],
        "6": [
            -5.0,
            5.196152422706632
        ],
        "7": [
            1.0,
            5.196152422706632
        ],
        "8": [
            7.0,
            5.196152422706632
        ]
    },
    "metadata": {
        "score": {
            "total": 0.5948017969230769,
            "gini_score": 0.5576615384615384,
            "sum_score": 1.0666,
            "total_normalized": 0.29740089846153844,
            "sum_normalized": 0.5333
        },
        "params": {
            "rise_time": 871.7139282226562,
            "fall_time": 2658.510498046875,
            "omega": 3.3582611083984375,
            "init_detuning": 2.1217708587646484,
            "final_detuning": 1.649348258972168
        },
        "mis": [
            [
                0,
                8
            ],
            [
                2,
                3
            ],
            [
                2,
                6
            ],
            [
                8,
                3
            ]
        ],
        "mis_size": 2
    },
    "edges": [
        [
            3,
            4
        ],
        [
            3,
            7
        ],
        [
            3,
            1
        ],
        [
            3,
            6
        ],
        [
            3,
            5
        ],
        [
            3,
            0
        ],
        [
            4,
            6
        ],
        [
            4,
            5
        ],
        [
            4,
            8
        ],
        [
            4,
            2
        ],
        [
            4,
            0
        ],
        [
            4,
            7
        ],
        [
            4,
            1
        ],
        [
            7,
            5
        ],
        [
            7,
            0
        ],
        [
            7,
            2
        ],
        [
            7,
            6
        ],
        [
            7,
            1
        ],
        [
            7,
            8
        ],
        [
            6,
            1
        ],
        [
            6,
            8
        ],
        [
            6,
            5
        ],
        [
            6,
            0
        ],
        [
            5,
            0
        ],
        [
            5,
            2
        ],
        [
            5,
            1
        ],
        [
            5,
            8
        ],
        [
            0,
            2
        ],
        [
            0,
            1
        ],
        [
            2,
            8
        ],
        [
            2,
            1
        ],
        [
            1,
            8
        ]
    ]
}
