{
    "qubits": {
        "0": [
            -8.333333333333334,
            -8.660254037844386
        ],
        "1": [
            1.6666666666666665,
            -8.660254037844386
        ],
        "2": [
            11.666666666666666,
            -8.660254037844386
        ],
        "3": [
            -13.333333333333334,
            0.0
        ],
        "4": [
            -3.3333333333333335,
            0.0
        ],
        "5": [
            6.666666666666666,
            0.0
        ],
        "6": [
            -8.333333333333334,
            8.660254037844386
        ],
        "7": [
            1.6666666666666665,
            8.660254037844386
        ],
        "8": [
            11.666666666666666,
            8.660254037844386
        ]
    },
    "metadata": {
        "score": {
            "total": 1.3429141497247707,
            "gini_score": 0.8333834862385322,
            "sum_score": 1.6114,
            "total_normalized": 0.3357285374311927,
            "sum_normalized": 0.40285
        },
        "params": {
            "rise_time": 996.4241333007812,
            "fall_time": 2643.46875,
            "omega": 8.17668628692627,
            "init_detuning": 4.520488262176514,
            "final_detuning": 4.638000965118408
        },
        "mis": [
            [
                0,
                8,
                2,
                6
            ]
        ],
        "mis_size": 4
    },
    "edges": [
        [
            0,
            1
        ],
        [
            0,
            4
        ],
        [
            0,
            3
        ],
        [
            1,
            2
        ],
        [
            1,
            5
        ],
        [
            1,
            4
        ],
        [
            2,
            5
        ],
        [
            4,
            3
        ],
        [
            4,
            6
        ],
        [
            4,
            5
        ],
        [
            4,
            7
        ],
        [
            3,
            6
        ],
        [
            5,
            8
        ],
        [
            5,
            7
        ],
        [
            8,
            7
        ],
        [
            6,
            7
        ]
    ]
}
