{
    "qubits": {
        "0": [
            -6.666666666666666,
            -6.928203230275509
        ],
        "1": [
            1.3333333333333335,
            -6.928203230275509
        ],
        "2": [
            9.333333333333334,
            -6.928203230275509
        ],
        "3": [
            -10.666666666666666,
            1.9737298215558337e-16
        ],
        "4": [
            -2.6666666666666665,
            1.9737298215558337e-16
        ],
        "5": [
            5.333333333333334,
            1.9737298215558337e-16
        ],
        "6": [
            -6.666666666666666,
            6.928203230275509
        ],
        "7": [
            1.3333333333333335,
            6.928203230275509
        ],
        "8": [
            9.333333333333334,
            6.928203230275509
        ]
    },
    "metadata": {
        "score": {
            "total": 3.097125105185185,
            "gini_score": 0.8900296296296296,
            "sum_score": 3.4798,
            "total_normalized": 0.7742812762962963,
            "sum_normalized": 0.86995
        },
        "params": {
            "rise_time": 1016.46533203125,
            "fall_time": 2412.453369140625,
            "omega": 11.404685974121094,
            "init_detuning": 5.165414333343506,
            "final_detuning": 6.810161113739014
        },
        "mis": [
            [
                0,
                8,
                2,
                6
            ]
        ],
        "mis_size": 4
    },
    "edges": [
        [
            0,
            1
        ],
        [
            0,
            4
        ],
        [
            0,
            3
        ],
        [
            1,
            2
        ],
        [
            1,
            5
        ],
        [
            1,
            4
        ],
        [
            2,
            5
        ],
        [
            4,
            3
        ],
        [
            4,
            6
        ],
        [
            4,
            5
        ],
        [
            4,
            7
        ],
        [
            3,
            6
        ],
        [
            5,
            8
        ],
        [
            5,
            7
        ],
        [
            8,
            7
        ],
        [
            6,
            7
        ]
    ]
}
