{
    "qubits": {
        "0": [
            -7.5,
            -7.794228634059947
        ],
        "1": [
            1.5,
            -7.794228634059947
        ],
        "2": [
            10.5,
            -7.794228634059947
        ],
        "3": [
            -12.0,
            -1.9737298215558337e-16
        ],
        "4": [
            -3.0,
            -1.9737298215558337e-16
        ],
        "5": [
            6.0,
            -1.9737298215558337e-16
        ],
        "6": [
            -7.5,
            7.794228634059947
        ],
        "7": [
            1.5,
            7.794228634059947
        ],
        "8": [
            10.5,
            7.794228634059947
        ]
    },
    "metadata": {
        "score": {
            "total": 2.5595468068965515,
            "gini_score": 0.8514793103448276,
            "sum_score": 3.006,
            "total_normalized": 0.6398867017241379,
            "sum_normalized": 0.7515
        },
        "params": {
            "rise_time": 1053.69384765625,
            "fall_time": 2620.42236328125,
            "omega": 9.69454288482666,
            "init_detuning": 5.155726909637451,
            "final_detuning": 4.884790897369385
        },
        "mis": [
            [
                0,
                8,
                2,
                6
            ]
        ],
        "mis_size": 4
    },
    "edges": [
        [
            0,
            1
        ],
        [
            0,
            4
        ],
        [
            0,
            3
        ],
        [
            1,
            2
        ],
        [
            1,
            5
        ],
        [
            1,
            4
        ],
        [
            2,
            5
        ],
        [
            4,
            3
        ],
        [
            4,
            6
        ],
        [
            4,
            5
        ],
        [
            4,
            7
        ],
        [
            3,
            6
        ],
        [
            5,
            8
        ],
        [
            5,
            7
        ],
        [
            8,
            7
        ],
        [
            6,
            7
        ]
    ]
}
