{
    "qubits": {
        "0": [
            -6.0,
            -6.0
        ],
        "1": [
            0.0,
            -6.0
        ],
        "2": [
            6.0,
            -6.0
        ],
        "3": [
            -6.0,
            0.0
        ],
        "4": [
            0.0,
            0.0
        ],
        "5": [
            6.0,
            0.0
        ],
        "6": [
            -6.0,
            6.0
        ],
        "7": [
            0.0,
            6.0
        ],
        "8": [
            6.0,
            6.0
        ]
    },
    "metadata": {
        "score": {
            "total": 0.8980222933333332,
            "gini_score": 0.6979809523809523,
            "sum_score": 1.2866,
            "total_normalized": 0.4490111466666666,
            "sum_normalized": 0.6433
        },
        "params": {
            "rise_time": 871.5113525390625,
            "fall_time": 2422.84375,
            "omega": 4.149097442626953,
            "init_detuning": 3.068270444869995,
            "final_detuning": 2.425121545791626
        },
        "mis": [
            [
                0,
                5
            ],
            [
                0,
                7
            ],
            [
                0,
                8
            ],
            [
                1,
                6
            ],
            [
                8,
                1
            ],
            [
                2,
                3
            ],
            [
                2,
                6
            ],
            [
                2,
                7
            ],
            [
                8,
                3
            ],
            [
                5,
                6
            ]
        ],
        "mis_size": 2
    },
    "edges": [
        [
            3,
            4
        ],
        [
            3,
            7
        ],
        [
            3,
            1
        ],
        [
            3,
            6
        ],
        [
            3,
            5
        ],
        [
            3,
            0
        ],
        [
            4,
            6
        ],
        [
            4,
            5
        ],
        [
            4,
            8
        ],
        [
            4,
            2
        ],
        [
            4,
            0
        ],
        [
            4,
            7
        ],
        [
            4,
            1
        ],
        [
            7,
            5
        ],
        [
            7,
            6
        ],
        [
            7,
            1
        ],
        [
            7,
            8
        ],
        [
            6,
            8
        ],
        [
            6,
            0
        ],
        [
            5,
            2
        ],
        [
            5,
            1
        ],
        [
            5,
            8
        ],
        [
            0,
            2
        ],
        [
            0,
            1
        ],
        [
            2,
            8
        ],
        [
            2,
            1
        ]
    ]
}
