{
    "qubits": {
        "0": [
            -7.0,
            -7.0
        ],
        "1": [
            0.0,
            -7.0
        ],
        "2": [
            7.0,
            -7.0
        ],
        "3": [
            -7.0,
            0.0
        ],
        "4": [
            0.0,
            0.0
        ],
        "5": [
            7.0,
            0.0
        ],
        "6": [
            -7.0,
            7.0
        ],
        "7": [
            0.0,
            7.0
        ],
        "8": [
            7.0,
            7.0
        ]
    },
    "metadata": {
        "score": {
            "total": 1.8884706603174601,
            "gini_score": 0.6945460317460317,
            "sum_score": 2.719,
            "total_normalized": 0.47211766507936503,
            "sum_normalized": 0.67975
        },
        "params": {
            "rise_time": 923.0894775390625,
            "fall_time": 2317.543212890625,
            "omega": 9.8897066116333,
            "init_detuning": 4.844956398010254,
            "final_detuning": 4.660179615020752
        },
        "mis": [
            [
                0,
                8,
                2,
                6
            ]
        ],
        "mis_size": 4
    },
    "edges": [
        [
            3,
            4
        ],
        [
            3,
            7
        ],
        [
            3,
            1
        ],
        [
            3,
            6
        ],
        [
            3,
            0
        ],
        [
            4,
            6
        ],
        [
            4,
            5
        ],
        [
            4,
            8
        ],
        [
            4,
            2
        ],
        [
            4,
            0
        ],
        [
            4,
            7
        ],
        [
            4,
            1
        ],
        [
            7,
            5
        ],
        [
            7,
            6
        ],
        [
            7,
            8
        ],
        [
            5,
            2
        ],
        [
            5,
            1
        ],
        [
            5,
            8
        ],
        [
            2,
            1
        ],
        [
            1,
            0
        ]
    ]
}
