{
    "qubits": {
        "0": [
            0.0,
            -24.0
        ],
        "1": [
            0.0,
            -18.0
        ],
        "2": [
            0.0,
            -12.0
        ],
        "3": [
            0.0,
            -6.0
        ],
        "4": [
            0.0,
            0.0
        ],
        "5": [
            0.0,
            6.0
        ],
        "6": [
            0.0,
            12.0
        ],
        "7": [
            0.0,
            18.0
        ],
        "8": [
            0.0,
            24.0
        ]
    },
    "metadata": {
        "score": {
            "total": 0.5065304976744186,
            "gini_score": 0.6680697674418604,
            "sum_score": 0.7582,
            "total_normalized": 0.1688434992248062,
            "sum_normalized": 0.2527333333333333
        },
        "params": {
            "rise_time": 1043.6734619140625,
            "fall_time": 2483.8662109375,
            "omega": 8.72747802734375,
            "init_detuning": 5.176148891448975,
            "final_detuning": 3.364701509475708
        },
        "mis": [
            [
                0,
                3,
                6
            ],
            [
                0,
                3,
                7
            ],
            [
                0,
                8,
                3
            ],
            [
                0,
                4,
                7
            ],
            [
                0,
                8,
                4
            ],
            [
                0,
                8,
                5
            ],
            [
                1,
                4,
                7
            ],
            [
                8,
                1,
                4
            ],
            [
                8,
                1,
                5
            ],
            [
                8,
                2,
                5
            ]
        ],
        "mis_size": 3
    },
    "edges": [
        [
            0,
            1
        ],
        [
            0,
            2
        ],
        [
            1,
            2
        ],
        [
            1,
            3
        ],
        [
            2,
            4
        ],
        [
            2,
            3
        ],
        [
            4,
            3
        ],
        [
            4,
            6
        ],
        [
            4,
            5
        ],
        [
            3,
            5
        ],
        [
            6,
            8
        ],
        [
            6,
            7
        ],
        [
            6,
            5
        ],
        [
            8,
            7
        ],
        [
            5,
            7
        ]
    ]
}
