{
    "qubits": {
        "0": [
            -9.0,
            -9.0
        ],
        "1": [
            0.0,
            -9.0
        ],
        "2": [
            9.0,
            -9.0
        ],
        "3": [
            -9.0,
            0.0
        ],
        "4": [
            0.0,
            0.0
        ],
        "5": [
            9.0,
            0.0
        ],
        "6": [
            -9.0,
            9.0
        ],
        "7": [
            0.0,
            9.0
        ],
        "8": [
            9.0,
            9.0
        ]
    },
    "metadata": {
        "score": {
            "total": 1.663297639322034,
            "gini_score": 0.9170237288135593,
            "sum_score": 1.8138,
            "total_normalized": 0.4158244098305085,
            "sum_normalized": 0.45345
        },
        "params": {
            "rise_time": 1033.9453125,
            "fall_time": 2655.361572265625,
            "omega": 9.382976531982422,
            "init_detuning": 4.807209491729736,
            "final_detuning": 4.84135627746582
        },
        "mis": [
            [
                0,
                8,
                2,
                6
            ]
        ],
        "mis_size": 4
    },
    "edges": [
        [
            3,
            4
        ],
        [
            3,
            7
        ],
        [
            3,
            1
        ],
        [
            3,
            6
        ],
        [
            3,
            0
        ],
        [
            4,
            6
        ],
        [
            4,
            5
        ],
        [
            4,
            8
        ],
        [
            4,
            2
        ],
        [
            4,
            0
        ],
        [
            4,
            7
        ],
        [
            4,
            1
        ],
        [
            7,
            5
        ],
        [
            7,
            6
        ],
        [
            7,
            8
        ],
        [
            5,
            2
        ],
        [
            5,
            1
        ],
        [
            5,
            8
        ],
        [
            2,
            1
        ],
        [
            1,
            0
        ]
    ]
}
