{
    "qubits": {
        "0": [
            0.0,
            -28.0
        ],
        "1": [
            0.0,
            -21.0
        ],
        "2": [
            0.0,
            -14.0
        ],
        "3": [
            0.0,
            -7.0
        ],
        "4": [
            0.0,
            0.0
        ],
        "5": [
            0.0,
            7.0
        ],
        "6": [
            0.0,
            14.0
        ],
        "7": [
            0.0,
            21.0
        ],
        "8": [
            0.0,
            28.0
        ]
    },
    "metadata": {
        "score": {
            "total": 4.01990868,
            "gini_score": 0.88341875,
            "sum_score": 4.5504,
            "total_normalized": 0.8039817360000001,
            "sum_normalized": 0.91008
        },
        "params": {
            "rise_time": 1070.7349853515625,
            "fall_time": 2818.36474609375,
            "omega": 9.197267532348633,
            "init_detuning": 4.632938385009766,
            "final_detuning": 4.813684463500977
        },
        "mis": [
            [
                0,
                2,
                4,
                6,
                8
            ]
        ],
        "mis_size": 5
    },
    "edges": [
        [
            0,
            1
        ],
        [
            1,
            2
        ],
        [
            2,
            3
        ],
        [
            3,
            4
        ],
        [
            4,
            5
        ],
        [
            6,
            7
        ],
        [
            6,
            5
        ],
        [
            7,
            8
        ]
    ]
}
