{
    "qubits": {
        "0": [
            0.0,
            -40.0
        ],
        "1": [
            0.0,
            -30.0
        ],
        "2": [
            0.0,
            -20.0
        ],
        "3": [
            0.0,
            -10.0
        ],
        "4": [
            0.0,
            0.0
        ],
        "5": [
            0.0,
            10.0
        ],
        "6": [
            0.0,
            20.0
        ],
        "7": [
            0.0,
            30.0
        ],
        "8": [
            0.0,
            40.0
        ]
    },
    "metadata": {
        "score": {
            "total": 0.7250691849056604,
            "gini_score": 0.6371433962264151,
            "sum_score": 1.138,
            "total_normalized": 0.14501383698113207,
            "sum_normalized": 0.22759999999999997
        },
        "params": {
            "rise_time": 1118.571044921875,
            "fall_time": 2875.609375,
            "omega": 6.011996269226074,
            "init_detuning": 3.634734630584717,
            "final_detuning": 3.8450374603271484
        },
        "mis": [
            [
                0,
                2,
                4,
                6,
                8
            ]
        ],
        "mis_size": 5
    },
    "edges": [
        [
            0,
            1
        ],
        [
            1,
            2
        ],
        [
            2,
            3
        ],
        [
            3,
            4
        ],
        [
            4,
            5
        ],
        [
            6,
            7
        ],
        [
            6,
            5
        ],
        [
            7,
            8
        ]
    ]
}
