{
    "qubits": {
        "q0": [
            -8.75,
            -7.28
        ],
        "q1": [
            -0.74,
            -7.77
        ],
        "q2": [
            8.18,
            -8.2
        ],
        "q3": [
            -4.99,
            0.24
        ],
        "q4": [
            3.84,
            -0.29
        ],
        "q5": [
            -1.08,
            7.85
        ],
        "q6": [
            12.74,
            -0.83
        ],
        "q7": [
            8.27,
            7.53
        ],
        "q8": [
            16.98,
            7.46
        ]
    },
    "metadata": {
        "score": {
            "total": 2.6320558506666667,
            "gini_score": 0.7668266666666667,
            "sum_score": 3.4324
        },
        "params": {
            "rise_time": 326,
            "fall_time": 423,
            "omega": 4.990216291614427,
            "init_detuning": 3.0706737004280975,
            "final_detuning": 7.82240553682601
        }
    }
}
